# Created by Open3D 
# object name: part_000
# number of vertices: 1909
# number of triangles: 3814
v -0.0258536 0.00041279 -0.004137
vn 4.25652e-05 0.000438014 -1
v -0.0411633 -0.0321006 -0.00411623
vn -0.00258082 -0.00134033 -0.999996
v -0.0277722 0.00041279 -0.00411623
vn -0.0147822 0.00832889 -0.999856
v -0.0296811 0.00232376 -0.00399161
vn -0.00763259 0.129297 -0.991576
v -0.0277722 0.00232376 -0.00399161
vn 0.0035884 0.131095 -0.991363
v -0.0258536 0.00232376 -0.00397776
vn 0.0161071 0.144277 -0.989406
v -0.0239448 0.00041279 -0.00412315
vn 0.01388 0.0337168 -0.999335
v 0.00856401 -0.0148951 -0.0041093
vn 0.00174461 0.000767369 -0.999998
v -0.00673595 -0.0474085 -0.00412315
vn 0.000705708 -0.00109262 -0.999999
v -0.0392447 -0.0340183 -0.00408161
vn -0.0328923 -0.0702494 -0.996987
v -0.0411633 -0.0340183 -0.00398469
vn -0.0844921 -0.108447 -0.990505
v -0.0430721 -0.0321006 -0.00400546
vn -0.0891456 -0.0875956 -0.992159
v -0.044981 -0.0301896 -0.00398469
vn -0.0735348 -0.0534071 -0.995862
v -0.0430721 -0.0301896 -0.00407469
vn -0.0208692 0.00725257 -0.999756
v -0.00864482 -0.0474085 -0.0041093
vn -0.0169955 -0.0420117 -0.998973
v -0.0296811 0.00041279 -0.00408161
vn -0.0232116 0.011449 -0.999665
v -0.0315899 0.00232376 -0.00396392
vn -0.0204058 0.0938359 -0.995379
v -0.0335085 0.00423474 -0.00363161
vn -0.00676565 0.210233 -0.977628
v -0.0296811 0.00423474 -0.00364545
vn 0.00220776 0.217338 -0.976094
v -0.0258536 0.00423474 -0.00358315
vn 0.0345189 0.23541 -0.971283
v -0.0239448 0.00232376 -0.0039293
vn 0.0339001 0.160812 -0.986403
v -0.0220262 0.00041279 -0.00407469
vn 0.0371743 0.0856007 -0.995636
v -0.0277722 0.00423474 -0.00362467
vn 0.0153328 0.238097 -0.97112
v 0.00665515 -0.0129774 -0.00408854
vn 0.023511 0.0487188 -0.998536
v 0.0104826 -0.0148951 -0.00405392
vn 0.0510821 0.0594978 -0.996921
v 0.0123914 -0.0168061 -0.00405392
vn 0.0433457 0.0343502 -0.998469
v 0.0104826 -0.0168061 -0.00408854
vn 0.012555 -0.00562415 -0.999905
v -0.00482709 -0.0474085 -0.00409546
vn 0.020095 -0.0114847 -0.999732
v 0.00091887 -0.0493195 -0.00391546
vn 0.0175989 -0.100103 -0.994821
v -0.000999679 -0.0493195 -0.00394314
vn 0.0100708 -0.112297 -0.993624
v -0.00290854 -0.0493195 -0.003957
vn 0.00719095 -0.111603 -0.993727
v -0.00482709 -0.0493195 -0.00397084
vn 0.00538885 -0.115162 -0.993332
v -0.00673595 -0.0493195 -0.00397776
vn -0.00914423 -0.156678 -0.987607
v -0.0392447 -0.0359292 -0.00390162
vn -0.0541592 -0.1155 -0.99183
v -0.0105634 -0.0474085 -0.00405392
vn -0.0399973 -0.0891057 -0.995219
v -0.0411633 -0.0359292 -0.00370776
vn -0.136783 -0.185357 -0.973105
v -0.0430721 -0.0340183 -0.00377007
vn -0.152717 -0.174811 -0.972686
v -0.044981 -0.0321006 -0.00379084
vn -0.148346 -0.152245 -0.977146
v -0.0468996 -0.0301896 -0.00377699
vn -0.148906 -0.13061 -0.980188
v -0.0468996 -0.0282786 -0.0039293
vn -0.0750954 -0.0402454 -0.996364
v -0.044981 -0.0282786 -0.00400546
vn -0.0285506 0.0117245 -0.999524
v -0.00864482 -0.0493195 -0.00393622
vn -0.0403253 -0.167605 -0.985029
v -0.0315899 0.00041279 -0.00403315
vn -0.0329731 0.015223 -0.99934
v -0.0335085 0.00232376 -0.00391546
vn -0.0270511 0.0835582 -0.996136
v -0.0354173 0.00423474 -0.00360391
vn -0.0188387 0.195363 -0.98055
v -0.0354173 0.00550872 -0.00328544
vn -0.0138654 0.330413 -0.943735
v -0.0335085 0.00551542 -0.00329236
vn 0.000538625 0.334778 -0.942297
v -0.0296811 0.0054819 -0.00328544
vn 0.009495 0.371996 -0.928186
v -0.0258536 0.00536791 -0.00323698
vn 0.0382863 0.37393 -0.926666
v -0.0237607 0.00442919 -0.00343775
vn 0.0477057 0.28964 -0.955946
v -0.0220262 0.00411404 -0.00343083
vn 0.0565407 0.243165 -0.968336
v -0.0220262 0.00232376 -0.00384622
vn 0.058925 0.148758 -0.987116
v -0.0277722 0.00544167 -0.0032716
vn 0.023596 0.378985 -0.925102
v -0.0201174 0.00041279 -0.00398469
vn 0.052712 0.118547 -0.991548
v 0.00665515 -0.0110665 -0.00392238
vn 0.0553434 0.121292 -0.991073
v 0.00474628 -0.0110665 -0.00400546
vn 0.0424449 0.0928509 -0.994775
v 0.00856401 -0.0129774 -0.0040193
vn 0.0471002 0.0866969 -0.995121
v 0.0123914 -0.0148951 -0.00391546
vn 0.0890027 0.102111 -0.990783
v 0.01431 -0.0168061 -0.00392238
vn 0.0838245 0.0827526 -0.993038
v 0.0162188 -0.0187171 -0.00390852
vn 0.0768112 0.0611754 -0.995167
v 0.01431 -0.0187171 -0.0040193
vn 0.0179904 -0.00629288 -0.999818
v 0.00282773 -0.0493195 -0.00387392
vn 0.0251346 -0.0172728 -0.999535
v 0.0162188 -0.0206347 -0.00396392
vn 0.0273696 -0.0148106 -0.999516
v 0.0104826 -0.0512304 -0.00348621
vn 0.0242336 -0.130549 -0.991146
v 0.00474628 -0.0512304 -0.00359699
vn 0.0178624 -0.156389 -0.987534
v 0.00282773 -0.0512304 -0.00362467
vn 0.0107724 -0.193576 -0.981026
v 0.00091887 -0.0512304 -0.00363853
vn 0.0055893 -0.18315 -0.983069
v -0.000999679 -0.0512304 -0.00364545
vn -0.00303004 -0.228585 -0.973519
v -0.00290854 -0.0512304 -0.00362467
vn -0.0140742 -0.235466 -0.971781
v -0.00673595 -0.0512304 -0.00356237
vn -0.0245826 -0.257029 -0.966091
v -0.0373359 -0.0378402 -0.0037493
vn -0.0705544 -0.154291 -0.985503
v -0.0392447 -0.0378402 -0.00357621
vn -0.120234 -0.205379 -0.971269
v -0.0124722 -0.0474085 -0.00396392
vn -0.0514472 -0.115005 -0.992032
v -0.0105634 -0.0493195 -0.00383238
vn -0.0652939 -0.151134 -0.986354
v -0.0430043 -0.035889 -0.00337544
vn -0.186864 -0.224491 -0.956392
v -0.0409792 -0.0377463 -0.00330621
vn -0.174581 -0.2379 -0.955471
v -0.044981 -0.0340183 -0.00341006
vn -0.193223 -0.208789 -0.958682
v -0.0469093 -0.0321207 -0.00341699
vn -0.196756 -0.194524 -0.960962
v -0.0488181 -0.0301896 -0.00340314
vn -0.202213 -0.183537 -0.96199
v -0.0507076 -0.0282183 -0.0033616
vn -0.200825 -0.166387 -0.965394
v -0.0488084 -0.0282786 -0.0037216
vn -0.148171 -0.109 -0.982937
v -0.0488084 -0.0263677 -0.00384622
vn -0.0465398 0.0099711 -0.998867
v -0.0468996 -0.0263677 -0.00391546
vn -0.0349934 0.015524 -0.999267
v -0.00869326 -0.0513914 -0.00343083
vn -0.0493744 -0.258118 -0.964851
v -0.0105634 -0.0510159 -0.00342391
vn -0.0665212 -0.261122 -0.963011
v -0.0373359 0.00232376 -0.00379776
vn -0.0381902 0.019958 -0.999071
v -0.0354173 0.00232376 -0.00386006
vn -0.0306435 0.0776192 -0.996512
v -0.0373359 0.00423474 -0.00355545
vn -0.0263396 0.156851 -0.987271
v -0.0411633 0.00533439 -0.00320928
vn -0.0310428 0.2913 -0.956128
v -0.0392447 0.00540144 -0.00323698
vn -0.0244473 0.344107 -0.938612
v -0.0373359 0.00545508 -0.00326468
vn -0.0211192 0.326634 -0.944915
v -0.0354173 0.00646756 -0.00282851
vn -0.0111711 0.522203 -0.852748
v -0.0335085 0.00646756 -0.00282159
vn 0.00954348 0.521904 -0.852951
v -0.0296811 0.00643404 -0.00278005
vn 0.0191462 0.546437 -0.837281
v -0.0277722 0.0063938 -0.00273851
vn 0.0410824 0.55049 -0.833831
v -0.0242742 0.00528074 -0.00319544
vn 0.0553234 0.455093 -0.888723
v -0.0230049 0.00518687 -0.00314698
vn 0.0816047 0.433268 -0.897563
v -0.0201174 0.00387266 -0.0033616
vn 0.0705003 0.264154 -0.9619
v -0.0201174 0.00232376 -0.0037216
vn 0.0688027 0.165061 -0.983881
v 0.00474628 -0.00915549 -0.00377007
vn 0.0654388 0.145641 -0.987171
v 0.00665515 -0.00915549 -0.00363853
vn 0.0772664 0.165988 -0.983096
v 0.00856401 -0.0110665 -0.00378392
vn 0.0917309 0.153296 -0.983913
v 0.0104826 -0.0129774 -0.00387392
vn 0.0980432 0.132494 -0.986323
v 0.01431 -0.0148951 -0.00370776
vn 0.133002 0.151018 -0.979543
v 0.0162188 -0.0168061 -0.00372853
vn 0.123941 0.129167 -0.983847
v 0.0181374 -0.0187171 -0.00372853
vn 0.132934 0.123444 -0.983407
v 0.0200462 -0.0206347 -0.00369391
vn 0.1193 0.0961557 -0.988191
v 0.0181374 -0.0206347 -0.003867
vn 0.0703626 0.0414544 -0.99666
v 0.00474628 -0.0493195 -0.00382545
vn 0.0271183 -0.0206887 -0.999418
v 0.0200462 -0.0225457 -0.00379776
vn 0.0394176 -0.01677 -0.999082
v 0.00856401 -0.0493195 -0.00370776
vn 0.0351109 -0.0212043 -0.999158
v 0.00665515 -0.0493195 -0.00377007
vn 0.0308041 -0.0213778 -0.999297
v 0.0123914 -0.0512304 -0.00342391
vn 0.0501386 -0.0916501 -0.994528
v 0.0123914 -0.0523435 -0.00321622
vn 0.0383767 -0.307839 -0.950664
v 0.0104826 -0.052424 -0.00325083
vn 0.0157561 -0.304931 -0.952244
v 0.00474628 -0.0525044 -0.00328544
vn 0.00882751 -0.312473 -0.949886
v 0.00282773 -0.0525178 -0.00329236
vn 0.00388457 -0.311753 -0.950155
v 0.00091887 -0.0525111 -0.00329929
vn -0.00288572 -0.360323 -0.932823
v -0.000999679 -0.052491 -0.00329236
vn -0.0146485 -0.355678 -0.934494
v -0.00482709 -0.0523636 -0.0032439
vn -0.0297273 -0.403289 -0.91459
v -0.00673595 -0.0522966 -0.00320928
vn -0.0318402 -0.407996 -0.912428
v -0.00807313 -0.0522496 -0.0031816
vn -0.0580329 -0.489037 -0.870331
v -0.00290854 -0.0524374 -0.0032716
vn -0.0246922 -0.392031 -0.919621
v -0.0354173 -0.0397579 -0.00357621
vn -0.0828751 -0.184249 -0.979379
v -0.0372874 -0.0397981 -0.00336852
vn -0.108751 -0.215063 -0.970526
v -0.0366188 -0.0408374 -0.00320236
vn -0.165507 -0.305947 -0.937552
v -0.0392447 -0.0391008 -0.00325083
vn -0.15346 -0.253577 -0.955065
v -0.0402234 -0.0388125 -0.00316082
vn -0.255058 -0.368514 -0.893948
v -0.0124722 -0.0493195 -0.00368699
vn -0.0884034 -0.206472 -0.974451
v -0.0423164 -0.0370423 -0.00321622
vn -0.272706 -0.331255 -0.903273
v -0.0443415 -0.0352252 -0.0032439
vn -0.25739 -0.289153 -0.922031
v -0.0462794 -0.0333813 -0.00325774
vn -0.266355 -0.277811 -0.922971
v -0.0481883 -0.0314904 -0.00325774
vn -0.271867 -0.263232 -0.925634
v -0.0500487 -0.0295459 -0.0032439
vn -0.276227 -0.244594 -0.929447
v -0.0536823 -0.0255094 -0.0031816
vn -0.284891 -0.225673 -0.931616
v -0.0525583 -0.0262336 -0.00329929
vn -0.189247 -0.143283 -0.971419
v -0.050727 -0.0263677 -0.00363161
vn -0.151636 -0.100554 -0.983308
v -0.0526358 -0.02445 -0.00352083
vn -0.129452 -0.0574464 -0.98992
v -0.050727 -0.02445 -0.00372853
vn -0.0496066 0.0187786 -0.998592
v -0.00935216 -0.0521289 -0.0031262
vn -0.0978234 -0.45314 -0.886056
v -0.0124722 -0.050741 -0.00334082
vn -0.0961127 -0.294485 -0.950811
v -0.0392447 0.00232376 -0.00371468
vn -0.0523997 0.0261288 -0.998284
v -0.0411633 0.00423474 -0.00343083
vn -0.0488683 0.126589 -0.990751
v -0.0392447 0.00423474 -0.00350007
vn -0.0315154 0.142611 -0.989277
v -0.0411633 0.00628652 -0.00274543
vn -0.0530952 0.505953 -0.860925
v -0.0392447 0.00635357 -0.00278005
vn -0.0304079 0.503648 -0.863373
v -0.0425101 0.00525393 -0.00317466
vn -0.0569295 0.339319 -0.938947
v -0.0373359 0.00641392 -0.00280774
vn -0.0252941 0.484583 -0.87438
v -0.0354173 0.00784883 -0.00187311
vn 0.00240583 0.624573 -0.780963
v -0.0392447 0.007822 -0.00182464
vn -0.025836 0.598575 -0.80065
v -0.0373359 0.00784883 -0.00185234
vn -0.0142933 0.615093 -0.788325
v -0.0335085 0.007822 -0.00186618
vn 0.0166517 0.621009 -0.783626
v -0.0296811 0.00774825 -0.00182464
vn 0.0306285 0.68034 -0.732256
v -0.0277722 0.0076879 -0.0017831
vn 0.051764 0.655727 -0.753221
v -0.0258536 0.00632005 -0.00266235
vn 0.0678341 0.57579 -0.814779
v -0.0220262 0.00615242 -0.00234388
vn 0.113961 0.591004 -0.798578
v -0.0220262 0.00507288 -0.00309852
vn 0.103438 0.462571 -0.880528
v -0.0182085 0.00362456 -0.00328544
vn 0.0779811 0.268689 -0.960065
v -0.0237607 0.00601161 -0.00266927
vn 0.0922629 0.591959 -0.80067
v -0.0182085 0.00232376 -0.00357621
vn 0.0791379 0.180361 -0.980412
v 0.00474628 -0.00724452 -0.0034516
vn 0.0806282 0.177811 -0.980756
v 0.00649042 -0.00727134 -0.00329236
vn 0.103521 0.193244 -0.975674
v 0.00864152 -0.00904821 -0.00339621
vn 0.117167 0.192402 -0.974296
v 0.0104826 -0.0110665 -0.00356929
vn 0.125905 0.182364 -0.975137
v 0.0123914 -0.0129774 -0.00365929
vn 0.141486 0.175387 -0.97428
v 0.0162285 -0.0148683 -0.00338929
vn 0.167382 0.190142 -0.967383
v 0.0181858 -0.0167525 -0.00341006
vn 0.164365 0.169864 -0.971664
v 0.0201044 -0.0186701 -0.00339621
vn 0.173465 0.161367 -0.97153
v 0.0219842 -0.0206213 -0.00337544
vn 0.169482 0.144824 -0.974834
v 0.0219551 -0.0225457 -0.00363853
vn 0.12514 0.0837241 -0.9886
v 0.0238737 -0.02445 -0.00352083
vn 0.12134 0.0387715 -0.991854
v 0.0219551 -0.02445 -0.00368007
vn 0.0518629 -0.0237799 -0.998371
v 0.0104826 -0.0493195 -0.00363161
vn 0.0433434 -0.0236721 -0.99878
v 0.0123914 -0.0493195 -0.00353468
vn 0.0577852 -0.0294202 -0.997895
v 0.01431 -0.0493195 -0.00341699
vn 0.0774678 -0.0394334 -0.996215
v 0.0142809 -0.0513109 -0.00328544
vn 0.0756628 -0.103837 -0.991712
v 0.0136317 -0.0522496 -0.00317466
vn 0.0783886 -0.311863 -0.946888
v 0.0123914 -0.0532956 -0.00275235
vn 0.0697763 -0.51476 -0.85449
v 0.0104826 -0.0533828 -0.00279389
vn 0.0271765 -0.519109 -0.854276
v 0.00665515 -0.0534365 -0.00283543
vn 0.0153967 -0.502689 -0.86433
v 0.00474628 -0.0534633 -0.00284928
vn 0.00564388 -0.477155 -0.878801
v 0.00282773 -0.05347 -0.00283543
vn -0.00906452 -0.511312 -0.859347
v -0.000999679 -0.0534432 -0.00277312
vn -0.0295855 -0.550585 -0.834254
v 0.00091887 -0.0534633 -0.00280774
vn -0.0174962 -0.536031 -0.844017
v -0.00290854 -0.0533895 -0.00271774
vn -0.0459351 -0.585069 -0.809682
v -0.00482709 -0.0533158 -0.00264158
vn -0.0586349 -0.598222 -0.799182
v -0.00673595 -0.0532554 -0.00253774
vn -0.0768273 -0.614087 -0.78549
v -0.00869326 -0.0529872 -0.00253082
vn -0.110838 -0.632086 -0.76693
v -0.0334503 -0.0417292 -0.00333391
vn -0.0933416 -0.212725 -0.972643
v -0.0354173 -0.0411191 -0.00327852
vn -0.0972532 -0.217263 -0.971256
v -0.0378979 -0.0404619 -0.00305697
vn -0.265479 -0.455147 -0.849919
v -0.032772 -0.0427149 -0.0031816
vn -0.104913 -0.239467 -0.96522
v -0.0340511 -0.0423997 -0.00307774
vn -0.190998 -0.407426 -0.893042
v -0.0354173 -0.0420712 -0.00291159
vn -0.248614 -0.477571 -0.842684
v -0.0392447 -0.0400596 -0.00279389
vn -0.335726 -0.513309 -0.789811
v -0.0415024 -0.0383163 -0.00289775
vn -0.371215 -0.504122 -0.779782
v -0.0435857 -0.0365059 -0.00298082
vn -0.36045 -0.439128 -0.822948
v -0.0143908 -0.0493195 -0.00350007
vn -0.0962832 -0.224676 -0.969665
v -0.0456108 -0.0346553 -0.00302928
vn -0.347379 -0.384141 -0.855432
v -0.0475585 -0.0327644 -0.00304313
vn -0.363063 -0.36452 -0.857503
v -0.0494576 -0.0308199 -0.0030362
vn -0.351461 -0.329419 -0.876333
v -0.0513277 -0.0288151 -0.00301544
vn -0.357427 -0.312947 -0.879949
v -0.0518704 -0.0275344 -0.00320928
vn -0.317633 -0.271909 -0.908391
v -0.0540505 -0.02445 -0.00326468
vn -0.186471 -0.120018 -0.975102
v -0.0531397 -0.0267901 -0.00298082
vn -0.384666 -0.316434 -0.867123
v -0.0550098 -0.02445 -0.00296698
vn -0.418709 -0.291082 -0.860206
v -0.0553974 -0.02329 -0.0031262
vn -0.270699 -0.155362 -0.950044
v -0.0546804 -0.0226061 -0.00332698
vn -0.144277 -0.0437382 -0.98857
v -0.0526358 -0.0225457 -0.00357621
vn -0.0794359 0.032447 -0.996312
v -0.0105634 -0.0519747 -0.00305005
vn -0.135338 -0.559331 -0.817822
v -0.0154082 -0.0502984 -0.00316082
vn -0.13012 -0.361184 -0.923372
v -0.0411633 0.00232376 -0.00360391
vn -0.0683873 0.0377288 -0.996945
v -0.0431109 0.00436214 -0.00329236
vn -0.0698779 0.102915 -0.992233
v -0.0437795 0.00508629 -0.00313313
vn -0.104717 0.278597 -0.954682
v -0.0411633 0.00776837 -0.00179003
vn -0.0442575 0.596567 -0.801342
v -0.0431109 0.0059982 -0.00275927
vn -0.0827409 0.49508 -0.864899
v -0.0430721 0.00766108 -0.0017208
vn -0.0783339 0.606507 -0.79121
v -0.0354173 0.00880766 -0.00095232
vn 0.0266552 0.766534 -0.64165
v -0.0373359 0.00880096 -0.000973084
vn -0.0106452 0.729787 -0.683591
v -0.0392447 0.00878085 -0.000931545
vn -0.0438701 0.753981 -0.655429
v -0.0277722 0.00864674 -0.00070308
vn 0.0539241 0.774922 -0.629752
v -0.0258536 0.00758733 -0.00170694
vn 0.0823699 0.679439 -0.729094
v -0.0239448 0.00745322 -0.00158925
vn 0.102431 0.676028 -0.729722
v -0.0220262 0.0072923 -0.00143695
vn 0.120216 0.68777 -0.715905
v -0.0200689 0.00631334 -0.00192157
vn 0.120554 0.618074 -0.776821
v -0.0182085 0.00596467 -0.0019008
vn 0.130409 0.592239 -0.79514
v -0.0201174 0.0048315 -0.00299467
vn 0.120248 0.521675 -0.844627
v -0.0166775 0.00342341 -0.00320928
vn 0.0910237 0.309393 -0.946568
v -0.0154082 0.00324237 -0.00314006
vn 0.144592 0.3545 -0.923809
v -0.0161446 0.00249139 -0.0033616
vn 0.0865778 0.199508 -0.976064
v 0.00192659 -0.00434788 -0.0031539
vn 0.0994873 0.225045 -0.969256
v 0.0026727 -0.00532684 -0.0032716
vn 0.0796613 0.178338 -0.980739
v 0.00474628 -0.00603088 -0.00321622
vn 0.0939791 0.192969 -0.976694
v 0.00574432 -0.00625886 -0.00316082
vn 0.170379 0.306967 -0.936345
v 0.00806014 -0.00792845 -0.00323698
vn 0.156131 0.245221 -0.956812
v 0.0104826 -0.00969191 -0.0032716
vn 0.149668 0.217478 -0.964522
v 0.0122558 -0.0111335 -0.00330621
vn 0.159575 0.206349 -0.965379
v 0.0142615 -0.0129976 -0.00335467
vn 0.168317 0.199956 -0.965239
v 0.0155987 -0.013648 -0.00323698
vn 0.22032 0.249931 -0.942865
v 0.0175754 -0.0154852 -0.00325774
vn 0.22657 0.247116 -0.942125
v 0.0195036 -0.0173492 -0.00326468
vn 0.229835 0.227299 -0.946314
v 0.0213543 -0.0192736 -0.00325083
vn 0.22906 0.209993 -0.950492
v 0.0231954 -0.0212516 -0.00323698
vn 0.263754 0.222694 -0.938532
v 0.0238446 -0.0226262 -0.00332698
vn 0.176378 0.123902 -0.976493
v 0.0238737 -0.0263677 -0.00350699
vn 0.0824441 -0.0366687 -0.995921
v 0.025269 -0.02445 -0.0032716
vn 0.221283 0.0956782 -0.970505
v 0.0256275 -0.0263677 -0.00330621
vn 0.150121 -0.0039461 -0.98866
v 0.0156859 -0.0507209 -0.00322314
vn 0.118203 -0.0562414 -0.991395
v 0.0149107 -0.0519948 -0.00311236
vn 0.172139 -0.3215 -0.931132
v 0.0142809 -0.0529939 -0.00272466
vn 0.12658 -0.496859 -0.85855
v 0.01431 -0.0546099 -0.0016931
vn 0.115341 -0.647523 -0.753266
v 0.0123914 -0.0547306 -0.00179003
vn 0.0581016 -0.631486 -0.773208
v 0.0104826 -0.0548043 -0.00183849
vn 0.0343872 -0.623607 -0.780981
v 0.00856401 -0.0548579 -0.00185926
vn 0.0234377 -0.602604 -0.797696
v 0.00665515 -0.0548982 -0.00188003
vn 0.0132684 -0.576548 -0.816955
v 0.00474628 -0.0548915 -0.00188695
vn -0.0118337 -0.602166 -0.798283
v -0.000999679 -0.0547238 -0.0018108
vn -0.0387083 -0.638754 -0.768437
v 0.00282773 -0.0548311 -0.00188003
vn -0.0257878 -0.630204 -0.776001
v 0.00091887 -0.0547775 -0.00185234
vn -0.0318145 -0.639106 -0.76846
v -0.00290854 -0.0546568 -0.00176234
vn -0.0519394 -0.696367 -0.715804
v -0.00482709 -0.0545696 -0.00168618
vn -0.0704032 -0.671265 -0.737866
v -0.00673595 -0.0544422 -0.00158233
vn -0.095894 -0.706418 -0.701269
v -0.00864482 -0.0542813 -0.00143695
vn -0.121844 -0.709481 -0.694112
v -0.010544 -0.0532889 -0.00196311
vn -0.131177 -0.640411 -0.756747
v -0.0372874 -0.0415549 -0.00261389
vn -0.296803 -0.509399 -0.807726
v -0.0194585 -0.0484679 -0.00318852
vn -0.104011 -0.240795 -0.964987
v -0.0207375 -0.0481595 -0.00310544
vn -0.176872 -0.410288 -0.89464
v -0.0300008 -0.044237 -0.0030639
vn -0.168328 -0.384725 -0.907553
v -0.0315899 -0.0439017 -0.00289775
vn -0.192647 -0.439278 -0.877452
v -0.0334503 -0.0434457 -0.00268312
vn -0.232532 -0.491686 -0.839151
v -0.0354561 -0.0436804 -0.00192157
vn -0.276439 -0.516178 -0.810643
v -0.0373359 -0.0430703 -0.00159618
vn -0.325377 -0.536113 -0.778918
v -0.0391478 -0.0416555 -0.00177618
vn -0.357894 -0.525437 -0.771899
v -0.0410567 -0.0396774 -0.0021985
vn -0.37828 -0.520801 -0.765291
v -0.0430721 -0.0391611 -0.00153387
vn -0.393943 -0.522465 -0.7562
v -0.0430043 -0.0377463 -0.00251696
vn -0.396184 -0.494964 -0.773336
v -0.044981 -0.035889 -0.00266235
vn -0.404849 -0.470473 -0.784062
v -0.0469093 -0.0340183 -0.00272466
vn -0.422803 -0.44356 -0.790248
v -0.0488181 -0.0321207 -0.00273851
vn -0.426397 -0.424057 -0.798975
v -0.0507076 -0.0301896 -0.00273158
vn -0.420246 -0.388723 -0.819932
v -0.0525583 -0.0282183 -0.00268312
vn -0.421346 -0.366256 -0.829653
v -0.054409 -0.0262336 -0.00260004
vn -0.432794 -0.348359 -0.831466
v -0.056657 -0.0246377 -0.00205311
vn -0.446355 -0.322845 -0.834589
v -0.058469 -0.0225591 -0.00182464
vn -0.454656 -0.257387 -0.852666
v -0.0563857 -0.0226061 -0.00287005
vn -0.405651 -0.186521 -0.894795
v -0.0556881 -0.0220093 -0.00319544
vn -0.252255 -0.0657808 -0.965422
v -0.0557171 -0.0206347 -0.00320236
vn -0.139604 0.0153292 -0.990089
v -0.045979 0.00332283 -0.0031539
vn -0.139895 0.0619726 -0.988225
v -0.0430721 0.00232376 -0.0034516
vn -0.0850606 0.0384481 -0.995634
v -0.0556106 -0.0195351 -0.00316774
vn -0.120298 0.0503177 -0.991462
v -0.0124722 -0.0529202 -0.00193541
vn -0.142012 -0.641067 -0.754232
v -0.0143908 -0.0527056 -0.00173464
vn -0.165335 -0.631927 -0.757187
v -0.0124722 -0.0516931 -0.00289082
vn -0.157719 -0.55184 -0.8189
v -0.0161446 -0.0510561 -0.00253082
vn -0.198388 -0.538888 -0.818683
v -0.0166775 -0.0499967 -0.00305697
vn -0.187742 -0.468897 -0.863069
v -0.0143908 -0.0514048 -0.00269697
vn -0.177313 -0.561108 -0.808528
v -0.044981 0.00371174 -0.00321622
vn -0.08426 0.0942926 -0.991972
v -0.044981 0.00466387 -0.00305697
vn -0.196219 0.308383 -0.930805
v -0.044981 0.00615242 -0.00246158
vn -0.145002 0.470822 -0.87023
v -0.044981 0.00752027 -0.0016031
vn -0.121334 0.691155 -0.712448
v -0.0411633 0.0087205 -0.000806928
vn -0.0900724 0.806587 -0.584212
v -0.0354173 0.00941784 3.08958e-06
vn 0.0322759 0.881138 -0.471757
v -0.0296811 0.00870038 -0.000744625
vn 0.0352651 0.842263 -0.537913
v -0.0373359 0.00945807 -1.76856e-05
vn -0.00437188 0.86913 -0.494565
v -0.0392447 0.00941784 2.38534e-05
vn -0.0582507 0.890758 -0.45073
v -0.0277722 0.00925691 0.000252324
vn 0.0430368 0.910136 -0.412068
v -0.0258536 0.00917645 0.000404637
vn 0.116341 0.857054 -0.501919
v -0.0258536 0.00854617 -0.000550772
vn 0.117211 0.803899 -0.583103
v -0.0206794 0.0071716 -0.00131232
vn 0.136184 0.720465 -0.679988
v -0.01629 0.0057434 -0.00172772
vn 0.152509 0.597643 -0.787124
v -0.0182085 0.0045767 -0.00285621
vn 0.140964 0.534529 -0.833311
v -0.0161446 0.00413416 -0.00277312
vn 0.149907 0.496488 -0.855001
v -0.0143908 0.00423474 -0.00238542
vn 0.17548 0.519013 -0.83656
v -0.00864482 0.00232376 -0.00222619
vn 0.19422 0.486266 -0.851953
v -0.0105634 0.00232376 -0.00262081
vn 0.177951 0.42929 -0.885462
v -0.00482709 0.00041279 -0.00238542
vn 0.186008 0.436283 -0.880374
v -0.000999679 -0.00150489 -0.00251696
vn 0.18573 0.421389 -0.887657
v 0.00091887 -0.00324153 -0.00290467
vn 0.163545 0.372882 -0.913352
v 0.00320563 -0.00469655 -0.00305697
vn 0.18172 0.36839 -0.911738
v 0.00701366 -0.00665446 -0.00301544
vn 0.242245 0.402646 -0.882719
v 0.00932949 -0.00833746 -0.00310544
vn 0.226724 0.347704 -0.909779
v 0.00474628 -0.00507204 -0.00288389
vn 0.236075 0.431058 -0.870895
v 0.011529 -0.0100473 -0.00317466
vn 0.220055 0.302729 -0.927325
v 0.0135929 -0.0118174 -0.00321622
vn 0.234319 0.279221 -0.931198
v 0.016868 -0.0142112 -0.00305697
vn 0.293919 0.328515 -0.897602
v 0.0188544 -0.0160752 -0.00307774
vn 0.302705 0.31809 -0.898436
v 0.0207827 -0.0179996 -0.00307774
vn 0.310556 0.293038 -0.904259
v 0.0226334 -0.0199776 -0.00305697
vn 0.355979 0.308287 -0.882178
v 0.0244647 -0.0220428 -0.00300851
vn 0.382581 0.299973 -0.873869
v 0.0249589 -0.0233168 -0.00319544
vn 0.332164 0.22373 -0.916303
v 0.0254434 -0.0282786 -0.00323698
vn 0.116672 -0.0510119 -0.99186
v 0.0262282 -0.02445 -0.00294621
vn 0.429068 0.218008 -0.876569
v 0.0265771 -0.0263677 -0.00310544
vn 0.322308 0.0554569 -0.945009
v 0.026393 -0.0282786 -0.00311236
vn 0.230439 -0.0969204 -0.968248
v 0.0169359 -0.0493195 -0.00311236
vn 0.207936 -0.0943995 -0.973577
v 0.0181374 -0.0493195 -0.00283543
vn 0.286233 -0.129695 -0.949342
v 0.0162867 -0.0513109 -0.00299467
vn 0.249813 -0.256784 -0.933625
v 0.0162188 -0.0531481 -0.00228158
vn 0.221872 -0.444453 -0.867891
v 0.0162188 -0.0543886 -0.00149233
vn 0.177516 -0.695238 -0.696515
v 0.01431 -0.0555687 -0.000502312
vn 0.14119 -0.79643 -0.588018
v 0.0123914 -0.0556894 -0.000696159
vn 0.0968532 -0.83225 -0.545875
v 0.0104826 -0.0557631 -0.000876163
vn 0.0744118 -0.776 -0.626328
v 0.00856401 -0.0558101 -0.000993859
vn 0.0434022 -0.759725 -0.648795
v 0.00665515 -0.0558503 -0.00104232
vn 0.0129802 -0.713585 -0.700448
v 0.00474628 -0.0558436 -0.00101462
vn -0.0414538 -0.780194 -0.624163
v -0.00290854 -0.0556156 -0.000675389
vn -0.0618277 -0.789781 -0.610266
v -0.00482709 -0.0555218 -0.000523075
vn -0.114479 -0.808802 -0.576831
v -0.00989478 -0.0541673 -0.00131232
vn -0.160222 -0.810695 -0.563119
v -0.0182085 -0.0496614 -0.00289775
vn -0.194135 -0.475415 -0.858074
v -0.0258536 -0.0474085 -0.00238542
vn -0.207114 -0.474969 -0.855282
v -0.0335085 -0.0450684 -0.0016654
vn -0.260969 -0.535427 -0.803252
v -0.0316287 -0.0456115 -0.00189388
vn -0.233095 -0.506119 -0.830368
v -0.0348359 -0.0447398 -0.00141617
vn -0.327556 -0.618808 -0.713992
v -0.0384405 -0.0427283 -0.00133309
vn -0.437191 -0.657078 -0.614094
v -0.0406207 -0.0410118 -0.00149925
vn -0.401126 -0.557806 -0.726602
v -0.0440411 -0.0388058 -0.00124309
vn -0.48566 -0.649608 -0.584931
v -0.0447969 -0.0377329 -0.00158925
vn -0.405513 -0.512922 -0.756618
v -0.046105 -0.0370289 -0.00135387
vn -0.470508 -0.554435 -0.686457
v -0.0468027 -0.0358555 -0.00171387
vn -0.42711 -0.466569 -0.774526
v -0.0487406 -0.0339512 -0.00175541
vn -0.440646 -0.457606 -0.772288
v -0.0506688 -0.0320537 -0.00176234
vn -0.434686 -0.439325 -0.786157
v -0.0525971 -0.030136 -0.00174848
vn -0.438152 -0.418026 -0.795787
v -0.0544866 -0.0281848 -0.00167926
vn -0.442899 -0.384575 -0.809903
v -0.0560757 -0.0263677 -0.00162387
vn -0.466193 -0.369421 -0.803861
v -0.0578876 -0.0241281 -0.00156848
vn -0.512689 -0.353506 -0.782422
v -0.0583721 -0.0206347 -0.00230234
vn -0.43834 -0.103829 -0.892792
v -0.0595058 -0.0219288 -0.00138155
vn -0.61035 -0.27319 -0.743533
v -0.0566764 -0.0206347 -0.00296698
vn -0.315299 -0.01035 -0.948936
v -0.0488084 0.00232376 -0.00251004
vn -0.283639 0.123423 -0.950955
v -0.0467251 0.00407381 -0.00284928
vn -0.252268 0.266216 -0.930317
v -0.0563276 -0.0188244 -0.00294621
vn -0.258199 0.108334 -0.959998
v -0.01629 -0.0524441 -0.00149233
vn -0.192436 -0.678247 -0.709189
v -0.0181407 -0.0513243 -0.00184542
vn -0.203964 -0.574435 -0.792731
v -0.0201174 -0.050808 -0.0016931
vn -0.215071 -0.561409 -0.799102
v -0.0220262 -0.0493195 -0.00219157
vn -0.208378 -0.521944 -0.827136
v -0.0470934 0.00634016 -0.00189388
vn -0.230445 0.393136 -0.890134
v -0.0465798 0.00732582 -0.00143002
vn -0.182319 0.653529 -0.734615
v -0.044981 0.00847241 -0.000419228
vn -0.147065 0.781919 -0.605784
v -0.0430721 0.00861992 -0.000599232
vn -0.112233 0.794548 -0.596738
v -0.0411633 0.00929714 0.000148476
vn -0.0875188 0.898381 -0.43041
v -0.0460953 0.00904235 0.000633097
vn -0.113819 0.914266 -0.388798
v -0.0373359 0.0102023 0.00163005
vn 0.0250923 0.950164 -0.310741
v -0.0392447 0.0100749 0.00163005
vn -0.0977459 0.963667 -0.24858
v -0.0277722 0.00973969 0.00163005
vn 0.0502002 0.972809 -0.226101
v -0.0258536 0.00961229 0.00163005
vn 0.152683 0.959594 -0.236363
v -0.0246231 0.00907587 0.000570794
vn 0.167093 0.904374 -0.392667
v -0.0194003 0.00705761 -0.00116694
vn 0.153253 0.815464 -0.558151
v -0.0143908 0.00548861 -0.0015131
vn 0.183838 0.658035 -0.730201
v -0.0124819 0.00435543 -0.00185926
vn 0.194599 0.560893 -0.804693
v -0.0105634 0.00387266 -0.00171387
vn 0.203002 0.538853 -0.817574
v -0.00685223 0.00238411 -0.00173464
vn 0.209257 0.530637 -0.821362
v -0.00482709 0.00181417 -0.00158233
vn 0.218045 0.521858 -0.824694
v -0.00286978 0.000526776 -0.00184542
vn 0.212015 0.484744 -0.848571
v 0.00102546 -0.00135067 -0.00191464
vn 0.22443 0.47723 -0.849637
v 0.0026727 -0.0035902 -0.00269697
vn 0.224245 0.446085 -0.866442
v 0.00649042 -0.00550788 -0.00260004
vn 0.272455 0.457136 -0.846638
v 0.00864152 -0.00727134 -0.00282851
vn 0.28766 0.444461 -0.848355
v 0.0104826 -0.00873307 -0.00293928
vn 0.296636 0.423242 -0.85608
v 0.0048238 -0.00328847 -0.00190772
vn 0.266458 0.47286 -0.839883
v 0.0128081 -0.0105435 -0.00298774
vn 0.300971 0.383961 -0.872921
v 0.014872 -0.012374 -0.00302928
vn 0.309138 0.359415 -0.880485
v 0.0162285 -0.0129976 -0.00278005
vn 0.364571 0.410294 -0.83591
v 0.0181858 -0.0148683 -0.00282851
vn 0.374426 0.403366 -0.834925
v 0.0201044 -0.0167525 -0.00285621
vn 0.388158 0.389777 -0.835109
v 0.0219842 -0.0186701 -0.00282851
vn 0.411356 0.37155 -0.832308
v 0.0238446 -0.0206213 -0.00275235
vn 0.437618 0.362062 -0.823044
v 0.0256759 -0.0226262 -0.00262081
vn 0.460771 0.327584 -0.824851
v 0.0278561 -0.0243159 -0.00197695
vn 0.495438 0.267517 -0.826423
v 0.0277011 -0.0263677 -0.00259312
vn 0.474875 0.128686 -0.870594
v 0.0277011 -0.0282786 -0.0026762
vn 0.421336 -0.0427938 -0.905895
v 0.0277011 -0.0301896 -0.00245466
vn 0.354707 -0.150692 -0.922754
v 0.0200462 -0.0493195 -0.00217081
vn 0.394153 -0.176209 -0.901994
v 0.0181374 -0.0512304 -0.00248927
vn 0.318797 -0.285274 -0.903874
v 0.0180502 -0.0531548 -0.00168618
vn 0.311587 -0.430678 -0.847012
v 0.0173622 -0.0541941 -0.00131925
vn 0.293212 -0.65402 -0.697341
v 0.0161995 -0.0554413 -0.000142303
vn 0.207958 -0.790204 -0.576482
v 0.0155406 -0.0560582 0.000591558
vn 0.113231 -0.925655 -0.361029
v 0.0104826 -0.0563398 7.92464e-05
vn 0.0912343 -0.900157 -0.425902
v 0.00856401 -0.0564672 -3.84495e-05
vn 0.0603986 -0.882928 -0.465607
v 0.00665515 -0.0565074 -8.69155e-05
vn 0.00147195 -0.867665 -0.497147
v 0.00474628 -0.0564471 -5.92247e-05
vn -0.0427978 -0.888074 -0.457704
v -0.00290854 -0.0562392 0.000286942
vn -0.0511378 -0.896685 -0.439705
v -0.00482709 -0.0561588 0.000432323
vn -0.105955 -0.869896 -0.48172
v -0.0143908 -0.0542545 0.000383862
vn -0.171353 -0.850544 -0.497205
v -0.0154857 -0.0541539 0.000591558
vn -0.251963 -0.89127 -0.377032
v -0.0111738 -0.0540198 -0.00111155
vn -0.18382 -0.793511 -0.58013
v -0.00598016 -0.0560649 0.000584636
vn -0.173024 -0.886875 -0.428387
v -0.0201077 -0.0491921 -0.00272466
vn -0.200826 -0.488372 -0.849212
v -0.0258536 -0.0487428 -0.00154771
vn -0.229701 -0.54937 -0.803387
v -0.0277431 -0.0474957 -0.00181772
vn -0.231577 -0.518115 -0.823364
v -0.0296811 -0.046919 -0.00161694
vn -0.254794 -0.556149 -0.791062
v -0.0310085 -0.0466106 -0.00138848
vn -0.299485 -0.636211 -0.711017
v -0.0322779 -0.0463223 -0.00106309
vn -0.363314 -0.749441 -0.553481
v -0.036115 -0.0443912 -0.00107002
vn -0.396669 -0.718404 -0.571445
v -0.0374715 -0.0440894 -0.000370768
vn -0.471775 -0.712937 -0.518796
v -0.0397195 -0.0422858 -0.000723849
vn -0.497935 -0.708222 -0.500483
v -0.04189 -0.0405491 -0.0010077
vn -0.497422 -0.695154 -0.518972
v -0.0459694 -0.0388192 0.000646951
vn -0.533669 -0.721447 -0.441262
v -0.0453105 -0.0383029 -0.00063385
vn -0.532593 -0.648364 -0.54403
v -0.0466767 -0.0376458 -4.53764e-05
vn -0.554219 -0.640094 -0.532091
v -0.0473744 -0.0364455 -0.000737698
vn -0.576466 -0.609581 -0.544149
v -0.0480623 -0.0351716 -0.00139541
vn -0.534717 -0.559647 -0.633145
v -0.0519285 -0.0313898 -0.00142309
vn -0.504161 -0.507811 -0.698534
v -0.0538083 -0.0294655 -0.00139541
vn -0.537018 -0.492539 -0.684848
v -0.0556396 -0.0274807 -0.00134001
vn -0.600313 -0.495548 -0.62774
v -0.0574128 -0.0254021 -0.00123617
vn -0.64985 -0.500219 -0.572255
v -0.059157 -0.0232028 -0.00105616
vn -0.665123 -0.428986 -0.611214
v -0.0583721 -0.0187171 -0.00233004
vn -0.307859 0.107328 -0.945359
v -0.059719 -0.0206347 -0.00152695
vn -0.580076 -0.106522 -0.807567
v -0.0598256 -0.0187171 -0.00157541
vn -0.52928 0.0283392 -0.847974
v -0.0613565 -0.0217746 0.000536176
vn -0.750147 -0.403828 -0.523644
v -0.0606782 -0.0206347 -0.000668468
vn -0.698213 -0.178585 -0.693257
v -0.0488084 0.00423474 -0.00219157
vn -0.350915 0.179658 -0.919011
v -0.0583721 -0.0168061 -0.00207388
vn -0.369683 0.158913 -0.915468
v -0.0488084 0.00582387 -0.0016031
vn -0.281409 0.370235 -0.885288
v -0.0174624 -0.0522698 -0.00131232
vn -0.24134 -0.736648 -0.631748
v -0.0124722 -0.053879 -0.000890006
vn -0.18654 -0.793594 -0.579147
v -0.0143908 -0.0536577 -0.000571536
vn -0.207703 -0.79401 -0.571321
v -0.0220262 -0.0504526 -0.00140233
vn -0.233044 -0.605258 -0.761153
v -0.023751 -0.0493597 -0.00170002
vn -0.218468 -0.550072 -0.806035
v -0.0478491 0.00710455 -0.00123617
vn -0.303046 0.624079 -0.7202
v -0.0469771 0.00813045 -0.000301538
vn -0.211341 0.771701 -0.599843
v -0.0473744 0.00892836 0.000916949
vn -0.251802 0.837216 -0.485453
v -0.0484015 0.00913622 0.00219083
vn -0.118663 0.97409 -0.192529
v -0.0373359 0.0105845 0.00354777
vn 0.0310403 0.992071 -0.121782
v -0.0392447 0.0104236 0.00354777
vn -0.109644 0.986757 -0.119537
v -0.0258536 0.00998778 0.00354777
vn 0.130688 0.982531 -0.132493
v -0.01629 0.00780859 0.00163005
vn 0.186219 0.960441 -0.207063
v -0.0149722 0.00721184 0.000494637
vn 0.23458 0.871261 -0.431134
v -0.01629 0.00733923 0.000259245
vn 0.160875 0.846609 -0.507319
v -0.0182085 0.00692352 -0.000986932
vn 0.181396 0.778491 -0.600872
v -0.0131214 0.00529415 -0.00134001
vn 0.223802 0.690814 -0.687523
v -0.01629 0.00669554 -0.000696159
vn 0.202267 0.770384 -0.604645
v -0.00864482 0.00352399 -0.00145079
vn 0.216193 0.567816 -0.794258
v -0.00755957 0.00332954 -0.00128463
vn 0.269939 0.713954 -0.646067
v -0.00348023 0.00153926 -0.00138155
vn 0.275123 0.632913 -0.723691
v -0.000999679 3.77502e-06 -0.00165848
vn 0.23784 0.521939 -0.819153
v 0.00282773 -0.00184685 -0.0016931
vn 0.256531 0.509699 -0.821218
v 0.00852525 -0.00528661 -0.0017831
vn 0.297217 0.473816 -0.828951
v 0.0106473 -0.00707018 -0.00199772
vn 0.318013 0.459313 -0.829397
v 0.0122558 -0.00930301 -0.00257928
vn 0.337528 0.445293 -0.82933
v 0.00423273 -0.00221564 -0.00143695
vn 0.311587 0.567534 -0.762115
v 0.00665515 -0.00386511 -0.00161002
vn 0.301431 0.511999 -0.804361
v 0.0142615 -0.0111335 -0.00270389
vn 0.354651 0.428106 -0.831233
v 0.0162091 -0.0110531 -0.00179695
vn 0.377711 0.438483 -0.815516
v 0.0181665 -0.0129372 -0.00186618
vn 0.389181 0.426083 -0.816696
v 0.0201044 -0.0148281 -0.00190772
vn 0.399326 0.417545 -0.816207
v 0.0220423 -0.0167323 -0.00190772
vn 0.419066 0.397482 -0.816329
v 0.0239027 -0.0187104 -0.00184542
vn 0.445731 0.380521 -0.810264
v 0.0257534 -0.0207219 -0.0017208
vn 0.470347 0.370491 -0.800943
v 0.0272747 -0.0225457 -0.00163079
vn 0.500016 0.346769 -0.793559
v 0.0286022 -0.023585 -0.00118078
vn 0.688709 0.449091 -0.569207
v 0.0289413 -0.024859 -0.00146463
vn 0.608864 0.273334 -0.744697
v 0.0292417 -0.0263677 -0.00167926
vn 0.567875 0.152845 -0.808799
v 0.0293774 -0.0282786 -0.00176234
vn 0.540957 -0.00827115 -0.841009
v 0.0292417 -0.0301896 -0.00165156
vn 0.511572 -0.121915 -0.850547
v 0.028951 -0.0321006 -0.00144387
vn 0.449593 -0.187252 -0.873386
v 0.0214125 -0.0493195 -0.00149233
vn 0.472065 -0.206848 -0.856953
v 0.0211315 -0.0504929 -0.00131925
vn 0.552225 -0.30078 -0.777547
v 0.0200656 -0.0511701 -0.00165848
vn 0.415664 -0.282332 -0.864588
v 0.0194455 -0.0525246 -0.00144387
vn 0.418493 -0.428255 -0.800913
v 0.0186316 -0.0537985 -0.000986932
vn 0.423102 -0.57892 -0.69702
v 0.0195811 -0.0544355 0.000286942
vn 0.414284 -0.730825 -0.54246
v 0.0180502 -0.0547037 -0.000322302
vn 0.309175 -0.780458 -0.543412
v 0.0168196 -0.0559576 0.000854646
vn 0.251029 -0.854316 -0.455114
v 0.0177789 -0.0561453 0.00213543
vn 0.123755 -0.975141 -0.183805
v 0.00856401 -0.0571779 0.00163005
vn 0.102683 -0.963322 -0.247925
v 0.00665515 -0.0572986 0.00163005
vn -0.0340789 -0.948792 -0.314057
v -0.00290854 -0.0567287 0.00163005
vn -0.0600067 -0.971755 -0.228235
v -0.00482709 -0.0565879 0.00163005
vn -0.179443 -0.958756 -0.220425
v -0.0159217 -0.0543014 0.00163005
vn -0.207778 -0.96262 -0.173754
v -0.016881 -0.0539796 0.00163005
vn -0.327564 -0.910822 -0.251208
v -0.0266773 -0.0502247 0.000847719
vn -0.358171 -0.875214 -0.325137
v -0.0253982 -0.0504594 0.000356171
vn -0.301709 -0.817715 -0.490218
v -0.0181407 -0.0526587 -0.00033615
vn -0.293914 -0.819878 -0.491339
v -0.0187414 -0.0520284 -0.0010077
vn -0.290193 -0.798697 -0.527134
v -0.0270842 -0.0484813 -0.00134001
vn -0.287232 -0.658589 -0.695527
v -0.0229855 -0.0502783 -0.00123617
vn -0.275531 -0.707443 -0.650851
v -0.0283536 -0.048193 -0.0010354
vn -0.339184 -0.746134 -0.57292
v -0.0336732 -0.046101 -0.000363841
vn -0.382703 -0.779697 -0.495592
v -0.0354561 -0.0452159 -0.000370768
vn -0.384083 -0.763149 -0.519696
v -0.0292644 -0.0486423 0.000238476
vn -0.381974 -0.790255 -0.479159
v -0.0369192 -0.0448538 0.000210785
vn -0.409538 -0.790052 -0.456175
v -0.0381886 -0.0444716 0.00087541
vn -0.527446 -0.777946 -0.341468
v -0.0391478 -0.043077 -0.000163067
vn -0.500334 -0.711454 -0.493456
v -0.0462019 -0.0389734 0.00163005
vn -0.574932 -0.791243 -0.208294
v -0.0471612 -0.0381822 0.00163005
vn -0.66149 -0.711706 -0.236442
v -0.0479557 -0.0369887 0.000543097
vn -0.628849 -0.669271 -0.395759
v -0.0538083 -0.0313295 0.00041848
vn -0.612281 -0.628122 -0.480181
v -0.0532075 -0.0307394 -0.000855388
vn -0.578041 -0.58412 -0.5698
v -0.0550776 -0.0287547 -0.000786164
vn -0.611889 -0.538215 -0.579583
v -0.0556396 -0.0294051 0.000494637
vn -0.705638 -0.559224 -0.435137
v -0.0596802 -0.0239136 0.000224627
vn -0.71485 -0.532048 -0.453778
v -0.0596608 -0.0168061 -0.00145079
vn -0.493441 0.126069 -0.860594
v -0.0607848 -0.0187171 -0.000848467
vn -0.664514 0.000562702 -0.747276
v -0.0606201 -0.0168061 -0.000737698
vn -0.626911 0.153463 -0.763827
v -0.0616181 -0.0221099 0.00163005
vn -0.831537 -0.483809 -0.272902
v -0.0623158 -0.0206347 0.00163005
vn -0.861558 -0.343885 -0.373445
v -0.06156 -0.0206347 0.000286942
vn -0.812819 -0.182665 -0.553136
v -0.0609399 -0.023062 0.00163005
vn -0.772367 -0.581278 -0.256056
v -0.0617344 -0.0187171 0.000106931
vn -0.790898 -0.0289506 -0.611263
v -0.0508626 0.00239752 -0.0016931
vn -0.399391 0.17561 -0.899804
v -0.05032 0.00423474 -0.00153387
vn -0.412021 0.226631 -0.88254
v -0.0499518 0.00540144 -0.00134694
vn -0.461889 0.42998 -0.775742
v -0.0594574 -0.0155321 -0.00131232
vn -0.443965 0.188033 -0.876093
v -0.0488084 0.00678271 -0.000993859
vn -0.419267 0.5639 -0.711499
v -0.0501844 0.00738617 0.000363098
vn -0.425265 0.667851 -0.61084
v -0.0488084 0.00772813 -3.84495e-05
vn -0.303683 0.765954 -0.566649
v -0.0489538 0.00873391 0.00158851
vn -0.356267 0.801321 -0.480581
v -0.0496805 0.00899541 0.00268238
vn -0.374972 0.863201 -0.338054
v -0.0489538 0.00926362 0.00340931
vn -0.124325 0.984281 -0.125436
v -0.0392447 0.0105309 0.00545858
vn -0.0987654 0.99465 -0.030293
v -0.0373359 0.0106851 0.00545858
vn 0.0126629 0.999736 -0.0191929
v -0.0258536 0.0101219 0.00545858
vn 0.115348 0.992942 -0.0276021
v -0.0488084 0.0094983 0.00545858
vn -0.122986 0.990041 -0.0685084
v -0.0143908 0.00773484 0.00354777
vn 0.239621 0.966822 -0.0885263
v -0.014352 0.00739287 0.00163697
vn 0.239756 0.948745 -0.205913
v -0.0137028 0.00702409 0.00100695
vn 0.316649 0.907439 -0.276202
v -0.00371278 0.00334966 0.000570794
vn 0.337626 0.813509 -0.473509
v -0.0124819 0.00577693 -0.000384616
vn 0.277195 0.798823 -0.533896
v -0.014352 0.00652791 -0.000197684
vn 0.237486 0.781587 -0.576821
v -0.0118424 0.00506618 -0.00109078
vn 0.274326 0.769246 -0.577066
v -0.00628054 0.00306133 -0.0010077
vn 0.288978 0.718894 -0.632204
v -0.00482709 0.00277301 -0.000668468
vn 0.303156 0.716488 -0.628284
v -0.0022012 0.00124423 -0.00111155
vn 0.321425 0.713134 -0.622998
v 0.0017328 -0.000613102 -0.00116002
vn 0.343877 0.711626 -0.612647
v 0.000453768 -0.000324779 -0.00142309
vn 0.27068 0.575266 -0.771882
v 0.00786635 -0.00422048 -0.00136079
vn 0.366934 0.593752 -0.716113
v 0.0101144 -0.00589678 -0.0015131
vn 0.344869 0.507975 -0.789321
v 0.0123914 -0.00766024 -0.0016031
vn 0.35566 0.476902 -0.803785
v 0.0142034 -0.00919572 -0.00167926
vn 0.364885 0.456902 -0.811233
v 0.00551177 -0.00257101 -0.00113232
vn 0.37223 0.680337 -0.631337
v 0.0175463 -0.0116833 -0.00147156
vn 0.465587 0.513837 -0.720556
v 0.0155599 -0.00985954 -0.00140925
vn 0.449083 0.535953 -0.714898
v 0.0195036 -0.0135474 -0.00150618
vn 0.4791 0.510246 -0.714222
v 0.0214512 -0.0154248 -0.00152002
vn 0.461701 0.463512 -0.756299
v 0.0232923 -0.0173224 -0.00149925
vn 0.490285 0.440151 -0.752255
v 0.0250946 -0.0193474 -0.00144387
vn 0.536851 0.445489 -0.716471
v 0.0268678 -0.0214193 -0.00134694
vn 0.640824 0.488574 -0.592148
v 0.0290479 -0.0230017 0.00010001
vn 0.741607 0.532327 -0.408225
v 0.0307242 -0.0251406 0.000446177
vn 0.778357 0.421514 -0.465281
v 0.0301913 -0.0263677 -0.000820776
vn 0.722422 0.234753 -0.650382
v 0.0250849 -0.0174096 0.000307705
vn 0.702525 0.543507 -0.459412
v 0.0303367 -0.0282786 -0.0010077
vn 0.700619 0.0148161 -0.713382
v 0.030201 -0.0301896 -0.000903854
vn 0.664333 -0.146406 -0.732958
v 0.0299103 -0.0321006 -0.000640771
vn 0.661328 -0.231597 -0.713448
v 0.0287379 -0.0332405 -0.00129847
vn 0.618962 -0.26568 -0.739121
v 0.0227012 -0.0477371 -0.00107694
vn 0.570268 -0.250482 -0.782338
v 0.0207245 -0.0517669 -0.00102847
vn 0.551857 -0.427506 -0.716026
v 0.0223718 -0.0493195 -0.000793085
vn 0.636028 -0.281735 -0.718397
v 0.0230985 -0.0505935 0.000473867
vn 0.691166 -0.388413 -0.609446
v 0.0219163 -0.0511768 -0.000280762
vn 0.622654 -0.394517 -0.675765
v 0.0201528 -0.0532487 -0.000370768
vn 0.509144 -0.547891 -0.663768
v 0.0190579 -0.0560112 0.00262699
vn 0.384492 -0.859668 -0.336358
v 0.0183021 -0.05579 0.00155389
vn 0.347152 -0.807635 -0.476666
v 0.0208602 -0.0539729 0.000840797
vn 0.584783 -0.61712 -0.52649
v 0.0201528 -0.0548445 0.00154005
vn 0.466055 -0.779245 -0.419011
v 0.0183021 -0.0562727 0.00338162
vn 0.129485 -0.983907 -0.123131
v 0.00856401 -0.0574931 0.00354777
vn 0.11201 -0.989261 -0.093894
v 0.00665515 -0.057654 0.00354777
vn -0.0438994 -0.992967 -0.10995
v -0.00482709 -0.0569567 0.00354777
vn -0.155122 -0.981684 -0.110602
v -0.0164837 -0.0544154 0.00336778
vn -0.260174 -0.960813 -0.0956462
v -0.0172395 -0.0541003 0.00261314
vn -0.335269 -0.932158 -0.136659
v -0.0270745 -0.0504124 0.00212159
vn -0.399584 -0.89887 -0.179901
v -0.0277431 -0.0489507 -0.000349998
vn -0.35105 -0.775724 -0.52442
v -0.0259699 -0.0497821 -0.000280762
vn -0.330782 -0.769284 -0.546613
v -0.0344193 -0.0464295 0.000868488
vn -0.423512 -0.85098 -0.310598
v -0.0242645 -0.0500235 -0.000917702
vn -0.30392 -0.770628 -0.560147
v -0.0374715 -0.0450885 0.00156081
vn -0.445433 -0.876928 -0.180517
v -0.0384405 -0.0446661 0.00214929
vn -0.5639 -0.809531 -0.16333
v -0.0465023 -0.0391611 0.00354777
vn -0.57698 -0.809674 -0.107345
v -0.0474616 -0.0384437 0.00354777
vn -0.665902 -0.733194 -0.137847
v -0.0554071 -0.0310412 0.00354777
vn -0.726816 -0.658232 -0.196136
v -0.055097 -0.0306992 0.00163005
vn -0.66935 -0.687778 -0.280948
v -0.0544478 -0.0300756 -0.000183842
vn -0.615219 -0.561975 -0.552892
v -0.0558722 -0.0297404 0.00163005
vn -0.767705 -0.587335 -0.256256
v -0.0616666 -0.0168061 0.000217706
vn -0.75786 0.109274 -0.643201
v -0.0601744 -0.0148951 -0.00058539
vn -0.608691 0.222883 -0.761458
v -0.061434 -0.0148951 0.000473867
vn -0.727766 0.191801 -0.65846
v -0.0619379 -0.0223982 0.00354777
vn -0.794922 -0.584049 -0.164272
v -0.0629359 -0.0206884 0.00338854
vn -0.857882 -0.451741 -0.244885
v -0.0631394 -0.019582 0.00264084
vn -0.891326 -0.236806 -0.386602
v -0.0627809 -0.0188512 0.00172697
vn -0.845479 -0.137934 -0.515887
v -0.063246 -0.0183013 0.00242621
vn -0.927466 -0.032559 -0.372488
v -0.063246 -0.0172419 0.00242621
vn -0.885913 0.0488457 -0.461272
v -0.0518607 0.00181417 -0.00134001
vn -0.433262 0.188973 -0.881234
v -0.0515894 0.00308815 -0.00118771
vn -0.560716 0.250648 -0.78916
v -0.0512793 0.00423474 -0.000945393
vn -0.571814 0.355793 -0.739216
v -0.052006 0.005616 0.000376941
vn -0.594037 0.437397 -0.675133
v -0.0507076 0.00614571 -0.00026692
vn -0.509229 0.518671 -0.68678
v -0.059157 -0.0142581 -0.00115309
vn -0.575977 0.248886 -0.778656
v -0.0514634 0.00689669 0.000903106
vn -0.58995 0.584258 -0.557317
v -0.0507851 0.00779519 0.00158158
vn -0.449993 0.773863 -0.445694
v -0.0507076 0.00868027 0.00340931
vn -0.501798 0.821283 -0.271467
v -0.0500584 0.00912951 0.00396316
vn -0.276274 0.950155 -0.144491
v -0.0519576 0.00735935 0.0021839
vn -0.607202 0.696863 -0.381691
v -0.0488084 0.00958546 0.00736939
vn -0.113504 0.993097 -0.0296003
v -0.0468996 0.0101688 0.0207658
vn -0.103816 0.994263 -0.0257681
v -0.044981 0.0103364 0.0207658
vn -0.0815256 0.996554 -0.0152613
v -0.0373359 0.0107119 0.00736939
vn -0.0212759 0.999726 -0.00976849
v -0.0335085 0.0106717 0.0169373
vn 0.0422149 0.998922 0.0193079
v -0.0315899 0.0105778 0.0169373
vn 0.0583362 0.998234 0.0111932
v -0.0430721 0.010484 0.0207658
vn -0.0535004 0.998419 0.0172545
v -0.0277722 0.0103566 0.0150265
vn 0.0799275 0.996466 0.0258303
v -0.0258536 0.0101487 0.00736939
vn 0.119554 0.992763 -0.0113115
v -0.0239448 0.00987379 0.0131087
vn 0.185777 0.982537 -0.0103841
v -0.01629 0.00837853 0.0111979
vn 0.194928 0.980589 -0.0211766
v -0.0143908 0.007822 0.00545858
vn 0.28076 0.959227 -0.0325203
v -0.0503685 0.00922339 0.00545858
vn -0.231007 0.970011 -0.0755925
v -0.050727 0.00934408 0.00928712
vn -0.176106 0.983903 -0.0303473
v -0.00482709 0.00432861 0.00354777
vn 0.336681 0.937924 -0.0833349
v -0.0132765 0.00717831 0.00228083
vn 0.329272 0.930917 -0.158027
v -0.00482709 0.00404029 0.00163005
vn 0.330285 0.923888 -0.193242
v -0.00339302 0.00351729 0.00163005
vn 0.418486 0.892566 -0.167914
v 0.00532766 -0.000720385 0.00163005
vn 0.42931 0.877095 -0.215402
v 0.00400018 -0.000452177 0.000515406
vn 0.394565 0.791503 -0.466735
v 0.00282773 -0.000894719 -0.000820776
vn 0.372496 0.720553 -0.584851
v 0.00665515 -0.00290627 -0.000765388
vn 0.411922 0.674875 -0.612261
v 0.0091357 -0.00462279 -0.00095232
vn 0.426679 0.670002 -0.607489
v 0.0113934 -0.0063192 -0.00120155
vn 0.472107 0.662825 -0.581186
v 0.0135057 -0.00808937 -0.00132617
vn 0.43566 0.553516 -0.709803
v 0.00665515 -0.00207483 0.000190015
vn 0.3886 0.718716 -0.576573
v 0.00475597 -0.00148477 -0.000308459
vn 0.37602 0.720939 -0.582114
v 0.0168293 -0.0104094 -0.000945393
vn 0.529787 0.59643 -0.60299
v 0.0188253 -0.0122734 -0.000959241
vn 0.551589 0.588922 -0.590695
v 0.0147751 -0.00858555 -0.000841545
vn 0.499251 0.626194 -0.598857
v 0.0227303 -0.0160484 -0.00105616
vn 0.572918 0.57753 -0.581571
v 0.0245713 -0.0180734 -0.000966162
vn 0.634642 0.517437 -0.57401
v 0.0303076 -0.0238666 0.00163005
vn 0.787289 0.56589 -0.244836
v 0.0267999 -0.0195887 0.000570794
vn 0.768556 0.557277 -0.314268
v 0.0309762 -0.0248188 0.00163005
vn 0.836076 0.488428 -0.249832
v 0.0318773 -0.0265487 0.0018239
vn 0.865838 0.367569 -0.339437
v 0.0309568 -0.0263677 0.000134628
vn 0.836389 0.19158 -0.513567
v 0.0311312 -0.0282786 -5.22977e-05
vn 0.821112 0.0304824 -0.569953
v 0.0239318 -0.0167323 -0.000377689
vn 0.633211 0.559512 -0.534781
v 0.023302 -0.0155053 0.000217706
vn 0.639505 0.649959 -0.410593
v 0.0246295 -0.0160752 0.00163005
vn 0.673665 0.668929 -0.314182
v 0.0253465 -0.0170341 0.00163005
vn 0.776434 0.567094 -0.274872
v 0.0310731 -0.0301896 5.15499e-05
vn 0.793384 -0.10955 -0.598782
v 0.0308599 -0.0321006 0.000314632
vn 0.778806 -0.192346 -0.597046
v 0.0295809 -0.0339311 -0.000253072
vn 0.653037 -0.277513 -0.704649
v 0.0306758 -0.0333411 0.000550018
vn 0.718107 -0.279436 -0.637369
v 0.0249589 -0.0467447 0.000550018
vn 0.665726 -0.286341 -0.68907
v 0.0214319 -0.0526989 0.000245403
vn 0.610811 -0.482797 -0.627548
v 0.0234182 -0.0493195 0.000162324
vn 0.669431 -0.310234 -0.674994
v 0.0246779 -0.0480187 0.000896185
vn 0.766523 -0.353418 -0.536225
v 0.0244163 -0.0494201 0.00157466
vn 0.77649 -0.404302 -0.483325
v 0.0234667 -0.0512304 0.00163697
vn 0.778721 -0.438966 -0.448221
v 0.0227012 -0.0518674 0.00100003
vn 0.697372 -0.505175 -0.5084
v 0.0213253 -0.0543752 0.00211467
vn 0.600903 -0.714266 -0.358804
v 0.0200172 -0.0556894 0.00338162
vn 0.503664 -0.829009 -0.243038
v 0.019368 -0.0561252 0.00390086
vn 0.290808 -0.947829 -0.130581
v 0.0220132 -0.0532085 0.00155389
vn 0.682043 -0.575046 -0.451818
v 0.0181374 -0.0565141 0.00545858
vn 0.132213 -0.988363 -0.0752217
v 0.00856401 -0.0575601 0.00545858
vn 0.100186 -0.994771 -0.0198226
v 0.0181374 -0.0566013 0.00736939
vn 0.121027 -0.992101 -0.0329719
v 0.00665515 -0.0577211 0.00545858
vn -0.00547769 -0.999985 -0.00029631
v -0.00290854 -0.0571578 0.00545858
vn -0.0588773 -0.998256 -0.00428779
v -0.00482709 -0.0570438 0.00545858
vn -0.175162 -0.984469 -0.0117743
v -0.01629 -0.0545897 0.00545858
vn -0.275552 -0.961085 -0.0196497
v -0.0143908 -0.0548915 0.00354777
vn -0.211691 -0.975387 -0.0617067
v -0.0173171 -0.0541405 0.00388701
vn -0.340849 -0.938958 -0.0466978
v -0.0272586 -0.050513 0.00354777
vn -0.379717 -0.923091 -0.0609717
v -0.0373359 -0.0454841 0.00354777
vn -0.450308 -0.889275 -0.0800823
v -0.0385471 -0.04476 0.00354777
vn -0.565403 -0.823153 -0.0523385
v -0.0466089 -0.0392148 0.00545858
vn -0.571726 -0.820344 -0.0128482
v -0.0475681 -0.0385309 0.00545858
vn -0.669785 -0.742504 -0.00866829
v -0.055504 -0.0311418 0.0046001
vn -0.774018 -0.631031 -0.0519239
v -0.0627131 -0.0166854 0.00172697
vn -0.81523 0.166388 -0.55472
v -0.061279 -0.0138357 0.000640024
vn -0.670264 0.268313 -0.691921
v -0.0603488 -0.0131115 0.000120785
vn -0.591597 0.256561 -0.764323
v -0.0622383 -0.0148951 0.00163005
vn -0.819121 0.213842 -0.532271
v -0.0630328 -0.0213455 0.00545858
vn -0.811893 -0.5737 -0.108158
v -0.0633332 -0.0200849 0.00392163
vn -0.931691 -0.306649 -0.194725
v -0.0634786 -0.0188512 0.00338854
vn -0.965801 -0.0973139 -0.24033
v -0.0640502 -0.0168061 0.00545858
vn -0.972794 0.0745003 -0.219368
v -0.0634882 -0.0166854 0.00338854
vn -0.952781 0.150035 -0.264004
v -0.0631394 -0.0159679 0.00264776
vn -0.874208 0.227057 -0.429191
v -0.0525583 0.00239752 -0.00068231
vn -0.596588 0.262892 -0.758268
v -0.0536726 0.00341671 0.000598484
vn -0.680868 0.353006 -0.641721
v -0.0526455 0.00412746 0.00010001
vn -0.589621 0.37474 -0.715484
v -0.053285 0.00469069 0.00109696
vn -0.691484 0.479144 -0.540621
v -0.0526165 0.00613901 0.00163697
vn -0.681035 0.540142 -0.494407
v -0.051318 0.00886801 0.00545858
vn -0.511199 0.839363 -0.184782
v -0.0523064 0.00765438 0.00354777
vn -0.573932 0.778671 -0.253521
v -0.0537308 0.00538133 0.00237083
vn -0.748921 0.518574 -0.412551
v -0.0532657 0.00670224 0.00354777
vn -0.718739 0.600166 -0.35102
v -0.0535176 0.00701739 0.00473164
vn -0.710182 0.651081 -0.267835
v -0.0488084 0.00993413 0.0207658
vn -0.15974 0.986991 -0.0181957
v -0.0468996 0.0101688 0.0226766
vn -0.109768 0.993866 0.0135024
v -0.044981 0.010323 0.0226766
vn -0.0644292 0.997551 0.0272089
v -0.0411633 0.0105912 0.0188481
vn -0.0591326 0.998226 -0.00697272
v -0.0392447 0.0106851 0.0169373
vn -0.0524764 0.998598 -0.0069976
v -0.0373359 0.010779 0.0169373
vn -0.00371523 0.999758 0.0217046
v -0.0354173 0.0107388 0.0169373
vn 0.0280119 0.999379 0.021386
v -0.0354173 0.00939102 0.0665837
vn 0.000961963 0.14494 0.98944
v -0.044981 0.00996766 0.0341484
vn -0.0571736 0.997883 0.0309986
v -0.0430721 0.0104236 0.0226766
vn -0.0473775 0.998373 0.0317306
v -0.0411633 0.0105644 0.0207658
vn -0.0374248 0.998847 0.0300791
v -0.0392447 0.0106851 0.0188481
vn -0.0278218 0.999215 0.0281875
v -0.0258536 0.0101554 0.0150265
vn 0.130184 0.990812 0.0366499
v -0.0258536 0.010209 0.0131087
vn 0.128223 0.991745 0.000382719
v -0.0335085 0.00923679 0.0665837
vn 0.122146 0.991836 0.036627
v -0.0239448 0.00985367 0.0150265
vn 0.171144 0.984336 0.04233
v -0.0220262 0.00949159 0.0150265
vn 0.188935 0.981046 0.0430333
v -0.0182085 0.00877414 0.0131087
vn 0.191536 0.981481 0.00298604
v -0.01629 0.00838524 0.0131087
vn 0.229382 0.971979 0.0513832
v -0.0143908 0.0079494 0.0111979
vn 0.272535 0.962127 -0.00596458
v -0.0127145 0.00737946 0.0111979
vn 0.327612 0.944651 -0.0174767
v -0.00482709 0.00463034 0.0111979
vn 0.340753 0.939972 -0.018439
v -0.00482709 0.00456329 0.00928712
vn 0.339368 0.939956 -0.0362111
v -0.00482709 0.00440907 0.00545858
vn 0.338109 0.940321 -0.0384493
v -0.0515506 0.0089753 0.00694708
vn -0.443084 0.889402 -0.112429
v -0.0516959 0.00902894 0.00822095
vn -0.428952 0.901374 -0.0593774
v -0.0508336 0.00923679 0.00750093
vn -0.254342 0.965591 -0.0542577
v -0.0517347 0.00904905 0.00928712
vn -0.40437 0.91418 -0.0275736
v -0.0517928 0.00907587 0.0111979
vn -0.379667 0.924913 -0.0197248
v -0.050727 0.00938431 0.0111979
vn -0.225347 0.974129 -0.0170915
v -0.00310233 0.00368491 0.00354777
vn 0.410266 0.908395 -0.0806229
v 0.00665515 -0.00105564 0.00354777
vn 0.445929 0.892532 -0.0673319
v 0.00665515 -0.00139761 0.00163005
vn 0.462732 0.850974 -0.248442
v 0.00772101 -0.00237656 0.000570794
vn 0.503627 0.747074 -0.433867
v 0.0155018 -0.00802232 0.000432323
vn 0.529705 0.70981 -0.464308
v 0.0161704 -0.00920243 -0.000253072
vn 0.534732 0.625378 -0.5683
v 0.0174688 -0.0098193 0.000335402
vn 0.600389 0.638524 -0.481476
v 0.0312572 -0.0245774 0.00354777
vn 0.804996 0.570255 -0.16368
v 0.0248136 -0.0158607 0.0026893
vn 0.753842 0.637482 -0.159183
v 0.0322068 -0.0260458 0.00354777
vn 0.861038 0.460652 -0.215439
v 0.0324878 -0.0273131 0.00258545
vn 0.911118 0.22589 -0.344729
v 0.0320808 -0.0282786 0.00149851
vn 0.865446 0.0668204 -0.496527
v 0.0321196 -0.030364 0.00172004
vn 0.845685 -0.110094 -0.522204
v 0.0168099 -0.0085185 0.00163005
vn 0.660162 0.698864 -0.275273
v 0.0316738 -0.0321006 0.00163005
vn 0.842146 -0.226032 -0.489591
v 0.0291836 -0.0359292 0.000176167
vn 0.661618 -0.282192 -0.694715
v 0.031044 -0.0339982 0.00156773
vn 0.849419 -0.281315 -0.446485
v 0.0304239 -0.0346217 0.000889264
vn 0.776677 -0.325534 -0.539259
v 0.0264996 -0.0439419 0.000986184
vn 0.766714 -0.32913 -0.551202
v 0.0269453 -0.0449812 0.00226006
vn 0.791946 -0.346567 -0.502706
v 0.0250655 -0.0488434 0.00217005
vn 0.801823 -0.396315 -0.44723
v 0.0230985 -0.0524441 0.00227391
vn 0.753106 -0.533435 -0.385069
v 0.0247457 -0.0501174 0.00284161
vn 0.827437 -0.441594 -0.346903
v 0.0226528 -0.0537851 0.00354777
vn 0.710031 -0.610103 -0.351611
v 0.0228756 -0.05406 0.0046278
vn 0.697118 -0.673664 -0.245365
v 0.0216935 -0.0546568 0.00354777
vn 0.552871 -0.799964 -0.233221
v 0.0205986 -0.0558369 0.00545858
vn 0.499765 -0.85118 -0.160401
v 0.0196393 -0.0562191 0.00545858
vn 0.278055 -0.956818 -0.0847666
v 0.0198912 -0.0562794 0.00736939
vn 0.209532 -0.976905 -0.0418598
v 0.0181374 -0.0566415 0.00928712
vn 0.112041 -0.993513 -0.0194729
v 0.0162188 -0.057064 0.0207658
vn 0.0964387 -0.995248 -0.0134267
v 0.0200462 -0.0563599 0.0111979
vn 0.199472 -0.979728 -0.0185628
v 0.01431 -0.0572115 0.0207658
vn 0.0639052 -0.997831 0.0157787
v 0.0104826 -0.0574529 0.0188481
vn 0.0424236 -0.998824 0.02347
v 0.00856401 -0.0575735 0.0169373
vn 0.0313967 -0.999175 0.0257572
v 0.00665515 -0.0576473 0.0150265
vn -0.00702579 -0.999937 0.00876134
v 0.00474628 -0.0575467 0.0169373
vn -0.0524456 -0.998422 0.0200928
v -0.00290854 -0.057131 0.0131087
vn -0.0605518 -0.998143 0.00670522
v -0.00482709 -0.0570304 0.00736939
vn -0.159626 -0.987139 0.00868464
v -0.00964285 -0.0560247 0.0141541
vn -0.201305 -0.97846 0.0457462
v -0.0143908 -0.0550323 0.0111979
vn -0.210501 -0.977593 -0.000914523
v -0.01629 -0.0545897 0.00736939
vn -0.266765 -0.963756 0.00337754
v -0.017443 -0.0541874 0.0111979
vn -0.342998 -0.939327 0.00423624
v -0.0273168 -0.0505532 0.00545858
vn -0.396238 -0.918132 -0.00543228
v -0.0373359 -0.0455378 0.00545858
vn -0.461663 -0.887053 -0.00209429
v -0.0385762 -0.0447868 0.00545858
vn -0.56497 -0.825111 -0.000711931
v -0.0465798 -0.0392416 0.0131087
vn -0.574882 -0.817764 0.0277935
v -0.0475391 -0.0385376 0.0131087
vn -0.658651 -0.752158 0.0209098
v -0.055533 -0.0311753 0.0150265
vn -0.685816 -0.727774 0.00112868
v -0.055533 -0.0311753 0.00736939
vn -0.712652 -0.701514 -0.00208387
v -0.0555234 -0.0311686 0.0058809
vn -0.744847 -0.667039 -0.0162059
v -0.0616666 -0.0240209 0.0207658
vn -0.788742 -0.614103 -0.0276111
v -0.0631588 -0.0215869 0.0103602
vn -0.802409 -0.596067 -0.0290514
v -0.0631394 -0.0215534 0.00928712
vn -0.798607 -0.600791 -0.0357277
v -0.0631007 -0.0214863 0.00736939
vn -0.804784 -0.59108 -0.0542948
v -0.0597384 -0.0110665 0.000349245
vn -0.621436 0.271232 -0.735017
v -0.061686 -0.0131115 0.00159543
vn -0.825159 0.264237 -0.499291
v -0.0610271 -0.0125617 0.000937724
vn -0.73561 0.319532 -0.597309
v -0.055504 -0.00054605 0.000674636
vn -0.683862 0.300781 -0.664728
v -0.0539149 0.00232376 0.000376941
vn -0.613303 0.269302 -0.74252
v -0.0635851 -0.0205275 0.00736939
vn -0.928015 -0.367887 -0.0587083
v -0.0634786 -0.0203867 0.00545858
vn -0.935652 -0.334568 -0.112341
v -0.0639824 -0.0187171 0.00545858
vn -0.975313 -0.142665 -0.168556
v -0.0640502 -0.0148951 0.00736939
vn -0.96355 0.220892 -0.150921
v -0.0636917 -0.0148951 0.00545858
vn -0.955209 0.212083 -0.206387
v -0.0633138 -0.0148951 0.00400471
vn -0.946233 0.192832 -0.259727
v -0.06437 -0.0168061 0.00736939
vn -0.991136 0.0461196 -0.124587
v -0.0630038 -0.0148951 0.00304931
vn -0.885839 0.273173 -0.375055
v -0.0614825 -0.011395 0.00221159
vn -0.840045 0.280595 -0.464318
v -0.055223 0.000727932 0.0010208
vn -0.741333 0.329963 -0.584423
v -0.0557075 0.00176723 0.00229467
vn -0.771953 0.377143 -0.511715
v -0.0540311 0.00412746 0.00169235
vn -0.760532 0.426208 -0.489834
v -0.0527812 0.007822 0.00541012
vn -0.589747 0.7877 -0.178123
v -0.0524614 0.00843888 0.00750093
vn -0.585264 0.80288 -0.113358
v -0.055378 0.00304122 0.00292469
vn -0.816412 0.436121 -0.378511
v -0.054971 0.00415428 0.0035547
vn -0.80984 0.494028 -0.316379
v -0.053973 0.0057434 0.00354777
vn -0.804258 0.524834 -0.27878
v -0.0542056 0.00628652 0.00541012
vn -0.815483 0.536009 -0.21836
v -0.0537017 0.00723195 0.00601244
vn -0.769952 0.614013 -0.173672
v -0.050727 0.00941113 0.0131087
vn -0.244068 0.969684 -0.0119468
v -0.050727 0.00947818 0.0188481
vn -0.254759 0.966964 -0.00888078
v -0.050727 0.00948489 0.0207658
vn -0.271075 0.962551 0.00375719
v -0.0488084 0.00992072 0.0226766
vn -0.190442 0.981611 0.0130868
v -0.0488084 0.0098805 0.0245874
vn -0.180867 0.983253 0.0223861
v -0.0488084 0.00983356 0.0265052
vn -0.162914 0.986233 0.0283485
v -0.0468996 0.0101219 0.0245874
vn -0.101031 0.99454 0.0261508
v -0.0468996 0.00996766 0.0303268
vn -0.0831797 0.996089 0.0298067
v -0.0373359 0.00921668 0.0665837
vn -0.119104 0.991392 0.0543642
v -0.044981 0.00990731 0.0360592
vn -0.0617325 0.997442 0.0360314
v -0.0323845 0.00904905 0.0665837
vn 0.171851 0.983998 0.0470704
v -0.0314736 0.00888142 0.0665837
vn 0.189272 0.980731 0.0483959
v -0.0203596 0.00916304 0.0150265
vn 0.194775 0.979735 0.0467177
v -0.0194003 0.00896859 0.0150265
vn 0.207685 0.976962 0.0491084
v -0.0258536 0.00772143 0.0665837
vn 0.217244 0.974478 0.0565517
v -0.0230921 0.00708444 0.0665837
vn 0.229565 0.971197 0.0638462
v -0.021939 0.00679612 0.0665837
vn 0.250645 0.965887 0.0651087
v -0.0143908 0.00788906 0.0131087
vn 0.273583 0.960166 0.0568666
v -0.0126854 0.00735935 0.0131087
vn 0.30738 0.949763 0.0588843
v -0.0117261 0.0070375 0.0131087
vn 0.320654 0.946905 0.0234788
v -0.0105634 0.0066419 0.0131087
vn 0.325015 0.945305 0.0276449
v -0.00864482 0.00597808 0.0131087
vn 0.329299 0.944116 0.0143721
v -0.0070654 0.00542155 0.0131087
vn 0.340047 0.938421 0.0611025
v -0.00611582 0.00506618 0.0131087
vn 0.35733 0.931901 0.062256
v -0.00482709 0.00456329 0.0131087
vn 0.380519 0.92252 0.0645124
v -0.00290854 0.00382572 0.0111979
vn 0.399398 0.916777 0.000859903
v -0.00303451 0.00373185 0.00545858
vn 0.425154 0.904662 -0.0288336
v -0.052694 0.00843888 0.00928712
vn -0.582338 0.810693 -0.060492
v -0.0527521 0.00850593 0.0111979
vn -0.567381 0.822654 -0.0363252
v -0.0518316 0.00908928 0.0131087
vn -0.363179 0.931654 -0.0109986
v -0.0527909 0.00853946 0.0131087
vn -0.570847 0.820876 -0.0172168
v 0.00647104 -0.000914835 0.00545858
vn 0.461316 0.88714 -0.0130301
v 0.00815704 -0.00196084 0.00545858
vn 0.568057 0.822988 -0.00139492
v 0.00815704 -0.00199437 0.00354777
vn 0.568097 0.819434 -0.076115
v 0.00796325 -0.00218211 0.00163005
vn 0.561549 0.809381 -0.171948
v -0.00191051 0.00330942 0.00983406
vn 0.439066 0.898116 -0.0246561
v 0.0158506 -0.00778093 0.00163005
vn 0.566619 0.79029 -0.233205
v 0.0323521 -0.0256502 0.00545858
vn 0.811672 0.576347 -0.0949293
v 0.0248814 -0.0158003 0.00396316
vn 0.783967 0.619821 -0.0348937
v 0.0170812 -0.00828382 0.00354777
vn 0.63068 0.772127 -0.0778598
v 0.0328172 -0.0266024 0.00545858
vn 0.931022 0.344229 -0.121263
v 0.0326234 -0.0270047 0.00354777
vn 0.934377 0.305821 -0.182794
v 0.0333114 -0.0282786 0.00545858
vn 0.976676 0.139874 -0.162909
v 0.032885 -0.0282786 0.00354777
vn 0.968067 0.0370707 -0.247936
v 0.0325459 -0.0282786 0.0024539
vn 0.92954 0.0536257 -0.364801
v 0.0325653 -0.0298342 0.00241237
vn 0.940849 -0.0261495 -0.337815
v 0.0324781 -0.0311149 0.00260622
vn 0.905933 -0.225636 -0.358293
v 0.0308018 -0.035594 0.00216313
vn 0.862078 -0.29582 -0.411477
v 0.0305595 -0.036868 0.00260622
vn 0.853549 -0.330284 -0.402947
v 0.0287572 -0.0409581 0.00242621
vn 0.808985 -0.33992 -0.479581
v 0.0266449 -0.0462552 0.00284161
vn 0.846167 -0.397292 -0.355191
v 0.0284956 -0.0422388 0.00303546
vn 0.862887 -0.368566 -0.345812
v 0.0243678 -0.0511701 0.00350623
vn 0.821511 -0.496592 -0.280207
v 0.0233601 -0.052833 0.00354777
vn 0.808154 -0.524319 -0.268285
v 0.0263348 -0.047375 0.00350623
vn 0.853662 -0.419777 -0.308299
v 0.0268774 -0.0467179 0.00411548
vn 0.872216 -0.422034 -0.247237
v 0.0253077 -0.0494201 0.00350623
vn 0.858492 -0.438995 -0.265092
v 0.0249492 -0.0504929 0.0041224
vn 0.860581 -0.453533 -0.231749
v 0.0235636 -0.0533158 0.00534781
vn 0.81635 -0.545092 -0.190912
v 0.0230307 -0.054221 0.00590859
vn 0.744682 -0.650995 -0.147154
v 0.0221295 -0.0547976 0.00534781
vn 0.569559 -0.806724 -0.157474
v 0.0208505 -0.0559576 0.00736939
vn 0.459502 -0.881941 -0.105059
v 0.0219551 -0.0552401 0.00736939
vn 0.567688 -0.816876 -0.102196
v 0.0209765 -0.0560045 0.00851865
vn 0.415031 -0.907456 -0.0653766
v 0.0202207 -0.0562593 0.00921097
vn 0.272769 -0.961519 -0.0328322
v 0.0181374 -0.0568628 0.0207658
vn 0.158589 -0.987281 -0.0112117
v 0.0181374 -0.056836 0.0226766
vn 0.147264 -0.988945 0.0173515
v 0.0162188 -0.0570237 0.0226766
vn 0.0817463 -0.996275 0.0274478
v 0.0210346 -0.0560381 0.00979944
vn 0.419558 -0.907212 -0.0306249
v 0.0210733 -0.0560515 0.0111979
vn 0.441905 -0.896902 -0.0168986
v 0.0211315 -0.056085 0.0150265
vn 0.386655 -0.922157 -0.0111258
v 0.0200462 -0.0564068 0.0150265
vn 0.23146 -0.972781 -0.0110839
v 0.0162188 -0.0567488 0.0322376
vn 0.0738676 -0.996796 0.0306718
v 0.01431 -0.0566885 0.03797
vn 0.0541221 -0.998007 0.0324404
v 0.0123914 -0.0573187 0.0207658
vn 0.045423 -0.998492 0.0308225
v 0.00665515 -0.0561453 0.0665837
vn 0.0434513 -0.984313 0.170997
v 0.00665515 -0.0576205 0.0169373
vn -0.00837167 -0.999545 0.028969
v 0.00489163 -0.0561252 0.0665837
vn -0.0621546 -0.963851 0.259091
v 0.00282773 -0.057426 0.0169373
vn -0.0674142 -0.997315 0.0285914
v -0.00290854 -0.0570841 0.0150265
vn -0.0741616 -0.996808 0.029566
v -0.00482709 -0.0569701 0.0131087
vn -0.15567 -0.986931 0.041636
v -0.00673595 -0.056608 0.0131087
vn -0.190474 -0.981638 0.0103216
v -0.0143908 -0.0550055 0.0131087
vn -0.241547 -0.968392 0.0622273
v 0.00393235 -0.0559978 0.0665837
vn -0.180318 -0.953854 0.240098
v 0.00282773 -0.0557699 0.0665837
vn -0.210129 -0.939875 0.269222
v -0.01629 -0.0545696 0.0111979
vn -0.269287 -0.962881 0.0185774
v -0.0173655 -0.0541472 0.0131087
vn -0.316521 -0.946289 0.065961
v -0.0183151 -0.0538052 0.0131087
vn -0.338369 -0.938772 0.0649156
v -0.0201174 -0.0531481 0.0131087
vn -0.342837 -0.938118 0.0489582
v -0.0219099 -0.052491 0.0131087
vn -0.344005 -0.9379 0.0447669
v -0.0228595 -0.0521424 0.0131087
vn -0.346529 -0.937482 0.0323232
v -0.0258536 -0.0510896 0.0111979
vn -0.349948 -0.936704 0.011009
v -0.0272974 -0.0505331 0.00928712
vn -0.435199 -0.900302 0.00762129
v -0.0358824 -0.0462418 0.0111979
vn -0.447712 -0.894127 0.00954287
v -0.0373359 -0.0454908 0.0111979
vn -0.485157 -0.874174 0.0210357
v -0.0385762 -0.0447465 0.0111979
vn -0.554659 -0.832015 0.0101876
v -0.0441865 -0.0408173 0.0150265
vn -0.569245 -0.820879 0.0460145
v -0.0537017 -0.0312356 0.0665837
vn -0.659507 -0.740926 0.126804
v -0.0394967 -0.0440693 0.0131087
vn -0.549131 -0.834278 0.049343
v -0.0515215 -0.0348296 0.0169373
vn -0.669356 -0.742545 0.0242549
v -0.053537 -0.0330058 0.0169373
vn -0.675748 -0.736809 0.0218511
v -0.055533 -0.0311686 0.0163696
vn -0.715518 -0.698165 0.0244739
v -0.0573353 -0.0291436 0.0188481
vn -0.744636 -0.667346 0.0129148
v -0.0591182 -0.0270851 0.0207658
vn -0.752806 -0.658133 0.0119936
v -0.0599418 -0.0261263 0.0207658
vn -0.763374 -0.645956 -6.38207e-05
v -0.0609011 -0.024973 0.0207658
vn -0.773526 -0.633646 -0.0122811
v -0.0616666 -0.0240142 0.0226766
vn -0.783551 -0.621281 0.0076222
v -0.0626259 -0.0227737 0.0226766
vn -0.802922 -0.596082 -0.00138485
v -0.0626162 -0.0227536 0.0207658
vn -0.804474 -0.593566 -0.0223866
v -0.0633041 -0.0218014 0.0207658
vn -0.847429 -0.530547 -0.019622
v -0.0638952 -0.0206347 0.0188481
vn -0.9072 -0.42015 -0.0214896
v -0.0637499 -0.0206347 0.0131087
vn -0.919667 -0.391841 -0.0259487
v -0.0635851 -0.0208225 0.0110802
vn -0.884329 -0.465977 -0.0287529
v -0.0636433 -0.0206012 0.00928712
vn -0.91531 -0.401317 -0.0339571
v -0.0612402 -0.010121 0.0025993
vn -0.838927 0.335771 -0.428322
v -0.0608042 -0.0108787 0.00159543
vn -0.749633 0.326474 -0.575731
v -0.0594089 -0.00611134 0.00248852
vn -0.757328 0.335017 -0.560552
v -0.0644378 -0.0187171 0.0111979
vn -0.962301 -0.269587 -0.036045
v -0.0643409 -0.0187171 0.00928712
vn -0.978244 -0.199626 -0.0564599
v -0.064215 -0.0187171 0.00736939
vn -0.975485 -0.201449 -0.0885876
v -0.0642731 -0.0148951 0.00928712
vn -0.972015 0.21651 -0.0911606
v -0.0634495 -0.0128567 0.00732785
vn -0.950571 0.281453 -0.131146
v -0.0633041 -0.0134803 0.00545858
vn -0.944322 0.275542 -0.179815
v -0.0631879 -0.0138558 0.00442011
vn -0.918416 0.294315 -0.264368
v -0.0645444 -0.0168061 0.00928712
vn -0.997337 0.0210047 -0.0698347
v -0.0627034 -0.013125 0.00368624
vn -0.893521 0.299696 -0.334368
v -0.0575582 -0.00212847 0.0023916
vn -0.766206 0.346227 -0.541345
v -0.0559303 0.00021834 0.00165081
vn -0.750648 0.342551 -0.564965
v -0.0572869 -0.000854487 0.00291776
vn -0.834132 0.387889 -0.39213
v -0.0538374 0.00737276 0.00736939
vn -0.709438 0.695478 -0.114051
v -0.0539536 0.00748675 0.00928712
vn -0.690301 0.720858 -0.06204
v -0.0569574 0.000359149 0.00354777
vn -0.843217 0.41378 -0.343177
v -0.0575388 -0.000311368 0.00419163
vn -0.861135 0.42186 -0.28369
v -0.0559497 0.0023707 0.0035547
vn -0.849306 0.4336 -0.301114
v -0.0556106 0.00347035 0.00419856
vn -0.845341 0.466309 -0.260681
v -0.0552327 0.00471751 0.00545858
vn -0.825802 0.513769 -0.232579
v -0.0554071 0.00500583 0.00700939
vn -0.84487 0.505981 -0.173719
v -0.0548741 0.00596467 0.00753555
vn -0.811783 0.568433 -0.133766
v -0.0518413 0.0091027 0.0150265
vn -0.430276 0.902674 -0.00642835
v -0.051851 0.0091094 0.0169373
vn -0.381015 0.924562 -0.00357254
v -0.0518607 0.0091094 0.0188481
vn -0.419251 0.90787 -0.000818841
v -0.0518607 0.0091094 0.0207658
vn -0.401891 0.915672 0.00524295
v -0.0518413 0.00909599 0.0226766
vn -0.394643 0.91861 0.0203008
v -0.050727 0.00946477 0.0226766
vn -0.252805 0.967311 0.0199701
v -0.050727 0.00941113 0.0245874
vn -0.273559 0.961203 0.0354084
v -0.0488084 0.00976651 0.028416
vn -0.22497 0.97338 0.0438127
v -0.0468996 0.00990061 0.0322376
vn -0.121766 0.991336 0.0492602
v -0.0383339 0.00903564 0.0665837
vn -0.201354 0.976378 0.07838
v -0.0468996 0.00978662 0.0341484
vn -0.18018 0.981202 0.0691271
v -0.0296811 0.00852605 0.0665837
vn 0.197177 0.978982 0.0521022
v -0.0277722 0.00813715 0.0665837
vn 0.205408 0.977084 0.0558073
v -0.0200302 0.00629323 0.0665837
vn 0.265963 0.960856 0.0775897
v -0.0182085 0.00576352 0.0665837
vn 0.278448 0.956892 0.0826105
v -0.0181407 0.0057434 0.0665837
vn 0.292813 0.952075 0.0883939
v -0.0168132 0.00533439 0.0665837
vn 0.297303 0.95166 0.07716
v -0.0105634 0.00652791 0.0150265
vn 0.322039 0.9448 0.0603583
v -0.0158539 0.00502595 0.0665837
vn 0.315105 0.945693 0.079836
v -0.00864482 0.00585739 0.0150265
vn 0.331295 0.941547 0.061099
v -0.0143908 0.00452976 0.0665837
vn 0.329555 0.940403 0.0838763
v -0.0124141 0.00382572 0.0665837
vn 0.33829 0.934593 0.109983
v -0.0112416 0.00338989 0.0665837
vn 0.35638 0.929931 0.0906725
v -0.00273413 0.00365809 0.0131849
vn 0.400684 0.913851 0.0657908
v -0.0103308 0.00302781 0.0665837
vn 0.368526 0.920807 0.127684
v -0.00864482 0.00235058 0.0665837
vn 0.37904 0.915602 0.134168
v -0.00702664 0.00165995 0.0665837
vn 0.392362 0.913478 0.107747
v -0.00188144 0.00331613 0.0125964
vn 0.430276 0.900471 0.0633619
v -0.00187175 0.00332283 0.0111979
vn 0.445329 0.895313 -0.00987555
v -0.00273413 0.00369162 0.00923174
vn 0.433006 0.901065 -0.0242409
v -0.0540118 0.00754709 0.0111979
vn -0.703389 0.710079 -0.0321265
v -0.0540408 0.00758733 0.0131087
vn -0.719864 0.693886 -0.0178664
v -0.0540602 0.00759403 0.0150265
vn -0.668995 0.743241 -0.00630614
v -0.0528006 0.00855287 0.0150265
vn -0.554553 0.83212 -0.00694033
v 0.00578308 -0.000499113 0.0111979
vn 0.453105 0.891456 -0.0012554
v 0.00673266 -0.00106235 0.0111979
vn 0.532539 0.846339 0.0105895
v 0.00818611 -0.00202119 0.0111979
vn 0.574237 0.818638 0.00917575
v 0.0171006 -0.00827711 0.00545858
vn 0.66023 0.750847 0.0180342
v 0.0324102 -0.0255161 0.00736939
vn 0.810482 0.583652 -0.0496947
v 0.0329141 -0.026475 0.00736939
vn 0.925803 0.373961 -0.0551585
v 0.0249008 -0.0157802 0.00545858
vn 0.726575 0.687084 0.00188216
v 0.0309568 -0.0230084 0.0207658
vn 0.79172 0.610464 -0.0226574
v 0.0324781 -0.0254222 0.0105471
vn 0.804377 0.593569 -0.0255537
v 0.032449 -0.0254558 0.00928712
vn 0.795848 0.604494 -0.0348446
v 0.0335439 -0.0282786 0.00736939
vn 0.97911 0.184225 -0.0860481
v 0.0336408 -0.0301896 0.00736939
vn 0.991628 -0.0696173 -0.108754
v 0.0333598 -0.0301896 0.00545858
vn 0.973927 -0.0953406 -0.205854
v 0.0328075 -0.030364 0.00336778
vn 0.959212 -0.105041 -0.262447
v 0.0326331 -0.0321006 0.00400471
vn 0.947976 -0.204568 -0.243911
v 0.0323424 -0.0321006 0.00304931
vn 0.893865 -0.288951 -0.3428
v 0.0303851 -0.0379877 0.00336778
vn 0.875407 -0.359794 -0.322816
v 0.032013 -0.0338506 0.00371393
vn 0.896502 -0.300962 -0.325124
v 0.0311118 -0.0361103 0.00336778
vn 0.905005 -0.322684 -0.277201
v 0.0307824 -0.0374446 0.00388009
vn 0.900279 -0.333555 -0.279712
v 0.0271972 -0.0455713 0.00350623
vn 0.868541 -0.389229 -0.306819
v 0.0297165 -0.0397579 0.00354777
vn 0.875536 -0.364345 -0.317317
v 0.0305401 -0.0387186 0.00463472
vn 0.892799 -0.363968 -0.265401
v 0.0289607 -0.0416286 0.00362393
vn 0.876691 -0.36892 -0.308725
v 0.0287185 -0.0427752 0.00430933
vn 0.885754 -0.389766 -0.252037
v 0.0281662 -0.0434793 0.00362393
vn 0.869068 -0.382866 -0.313263
v 0.0245907 -0.0517602 0.00545858
vn 0.834211 -0.505314 -0.220794
v 0.0277689 -0.0454975 0.00545858
vn 0.895332 -0.410335 -0.173223
v 0.0270422 -0.0470531 0.00545858
vn 0.890957 -0.424661 -0.160805
v 0.0265577 -0.0480053 0.00545858
vn 0.871731 -0.446542 -0.201707
v 0.0258794 -0.0493195 0.00545858
vn 0.873573 -0.453691 -0.176168
v 0.0251042 -0.0508013 0.00545858
vn 0.86856 -0.458614 -0.18782
v 0.0247457 -0.0520351 0.00694708
vn 0.858541 -0.486687 -0.161379
v 0.0242128 -0.0529738 0.00750093
vn 0.806605 -0.576345 -0.131205
v 0.0231663 -0.0543484 0.00736939
vn 0.703305 -0.702981 -0.105735
v 0.0232826 -0.0544489 0.00928712
vn 0.666419 -0.743103 -0.0606867
v 0.0217904 -0.0555218 0.00921097
vn 0.569129 -0.820325 -0.0561989
v 0.0200462 -0.0564471 0.0188481
vn 0.235073 -0.971935 -0.00908417
v 0.0200462 -0.0564605 0.0207658
vn 0.2646 -0.964353 -0.0032119
v 0.0200462 -0.0564538 0.0226766
vn 0.234575 -0.972061 0.0085269
v 0.0181374 -0.0567957 0.0245874
vn 0.13327 -0.990799 0.0236064
v 0.0200462 -0.056427 0.0245874
vn 0.221327 -0.974817 0.0273084
v 0.0181374 -0.0567421 0.0265052
vn 0.140464 -0.989697 0.0277338
v 0.0181374 -0.0566885 0.028416
vn 0.11577 -0.992806 0.0305653
v 0.0220229 -0.0554614 0.0111979
vn 0.56821 -0.822251 -0.0322547
v 0.022052 -0.0554882 0.0131087
vn 0.557347 -0.830037 -0.0200492
v 0.0220908 -0.0555083 0.0150265
vn 0.541576 -0.840516 -0.0151141
v 0.0211509 -0.0560917 0.0169373
vn 0.396952 -0.917816 -0.00656742
v 0.0221198 -0.0555419 0.0188481
vn 0.515343 -0.856909 -0.0113583
v 0.0221392 -0.0555553 0.0207658
vn 0.557121 -0.830397 -0.00750809
v 0.0162188 -0.0566751 0.0341484
vn 0.109308 -0.992872 0.0475065
v 0.00767256 -0.0560448 0.0665837
vn 0.0422974 -0.413478 0.909531
v 0.00656794 -0.0561453 0.0665837
vn -0.00682291 -0.59804 0.801437
v 0.0039808 -0.0560045 0.0665837
vn -0.0861794 -0.648903 0.755975
v 0.00274053 -0.0557497 0.0665837
vn -0.157607 -0.660819 0.733811
v 0.000831665 -0.0552938 0.0665837
vn -0.165857 -0.661494 0.73138
v -0.00873202 -0.0528732 0.0665837
vn -0.168216 -0.661679 0.730674
v -0.0104568 -0.052424 0.0665837
vn -0.174555 -0.662154 0.728754
v -0.0113773 -0.0521759 0.0665837
vn -0.231277 -0.831525 0.505052
v -0.01629 -0.0544825 0.0131087
vn -0.281496 -0.957258 0.0664589
v -0.01629 -0.0507142 0.0665837
vn -0.235159 -0.752225 0.615514
v -0.0174333 -0.0503454 0.0665837
vn -0.222193 -0.664004 0.713953
v -0.0183538 -0.0500235 0.0665837
vn -0.312695 -0.863868 0.394911
v -0.0201174 -0.0530207 0.0150265
vn -0.340052 -0.938086 0.066028
v -0.0217162 -0.0524374 0.0150265
vn -0.346933 -0.935552 0.0661874
v -0.0239448 -0.0517333 0.0131087
vn -0.359629 -0.930729 0.0664175
v -0.0258536 -0.0509824 0.0131087
vn -0.374891 -0.92464 0.0670642
v -0.0272974 -0.050513 0.0111979
vn -0.406465 -0.911214 0.0668978
v -0.0282567 -0.0500369 0.0111979
vn -0.445336 -0.895118 0.0209425
v -0.0348941 -0.0466642 0.0131087
vn -0.442214 -0.894393 0.0671484
v -0.0358534 -0.0461815 0.0131087
vn -0.461523 -0.884234 0.0716057
v -0.0373359 -0.0453835 0.0131087
vn -0.490089 -0.868446 0.0749238
v -0.0385374 -0.0446929 0.0131087
vn -0.525834 -0.848333 0.0618831
v -0.0430721 -0.041575 0.0150265
vn -0.560419 -0.826734 0.0494136
v -0.0526358 -0.0319665 0.0665837
vn -0.527214 -0.795033 0.299946
v -0.0545835 -0.0302366 0.0665837
vn -0.41038 -0.353847 0.840464
v -0.0597093 -0.0258447 0.0398878
vn -0.765299 -0.642473 0.0393204
v -0.0578295 -0.0277288 0.0437094
vn -0.7282 -0.684881 0.0257292
v -0.0418125 -0.0424266 0.0150265
vn -0.552217 -0.832037 0.0526291
v -0.0597577 -0.0258715 0.03797
vn -0.737156 -0.675343 0.0226561
v -0.0607558 -0.0248523 0.0341484
vn -0.753821 -0.656796 0.019306
v -0.0615988 -0.023927 0.0322376
vn -0.771158 -0.636359 0.0190447
v -0.0608817 -0.024973 0.0226766
vn -0.768734 -0.639466 0.011443
v -0.0616472 -0.0239739 0.0265052
vn -0.780298 -0.625312 0.0109704
v -0.0626065 -0.0227536 0.0265052
vn -0.794765 -0.606799 0.0119726
v -0.0626162 -0.022767 0.0245874
vn -0.799053 -0.601217 0.00720332
v -0.0633041 -0.0218149 0.0245874
vn -0.839652 -0.543079 0.00710336
v -0.0633138 -0.0218149 0.0226766
vn -0.857584 -0.514339 -0.00238832
v -0.063934 -0.0206347 0.0207658
vn -0.915907 -0.401248 -0.0106597
v -0.0646316 -0.0187171 0.0188481
vn -0.974614 -0.223201 -0.0175503
v -0.0645541 -0.0187171 0.0150265
vn -0.963391 -0.267076 -0.0234158
v -0.064496 -0.0187171 0.0131087
vn -0.969596 -0.242934 -0.0294475
v -0.0612306 -0.00823018 0.00455164
vn -0.888074 0.361975 -0.283369
v -0.0610658 -0.00898116 0.00336085
vn -0.862196 0.366018 -0.350212
v -0.0594186 -0.00420037 0.00430241
vn -0.865721 0.388643 -0.31541
v -0.0596415 -0.005414 0.00361701
vn -0.845308 0.370746 -0.384711
v -0.0591182 -0.00483736 0.00302853
vn -0.838354 0.372013 -0.398459
v -0.0618022 -0.0108787 0.00336085
vn -0.891549 0.317307 -0.323197
v -0.0614825 -0.00950416 0.00387317
vn -0.902134 0.324276 -0.284604
v -0.064651 -0.0168061 0.0111979
vn -0.998944 -0.0111431 -0.0445777
v -0.0643894 -0.0148951 0.0111979
vn -0.978071 0.203735 -0.0432233
v -0.0637111 -0.0129774 0.00928712
vn -0.953146 0.293229 -0.0743614
v -0.0632169 -0.0118644 0.00793709
vn -0.939013 0.327167 -0.105907
v -0.06312 -0.0121393 0.0066563
vn -0.932456 0.319878 -0.167938
v -0.0629941 -0.0125282 0.00545858
vn -0.929366 0.305911 -0.206631
v -0.0625096 -0.0110665 0.00545858
vn -0.918885 0.329982 -0.216245
v -0.0549129 0.00622618 0.00928712
vn -0.810503 0.581097 -0.0735597
v -0.054971 0.00630664 0.0111979
vn -0.808291 0.587593 -0.037426
v -0.0584593 -0.00150489 0.00545858
vn -0.878965 0.418947 -0.227825
v -0.0577132 4.40056e-05 0.00545858
vn -0.880369 0.42824 -0.203863
v -0.0572384 0.00100284 0.00545858
vn -0.866256 0.441966 -0.232951
v -0.0565505 0.00232376 0.00545858
vn -0.863958 0.458697 -0.207783
v -0.0557753 0.00375867 0.00545858
vn -0.861164 0.472142 -0.188357
v -0.0558819 0.0043152 0.00753555
vn -0.869066 0.472261 -0.14729
v -0.0555137 0.00520699 0.00828326
vn -0.860575 0.498013 -0.106743
v -0.0573741 0.00127776 0.00669092
vn -0.874222 0.453284 -0.173982
v -0.0528199 0.00856628 0.0188481
vn -0.567223 0.823555 -0.00386147
v -0.0528199 0.00856628 0.0207658
vn -0.553459 0.832814 0.0102373
v -0.0517638 0.00906246 0.0245874
vn -0.423488 0.905012 0.0401362
v -0.0527909 0.00853946 0.0226766
vn -0.564731 0.824508 0.0355793
v -0.0508723 0.00928373 0.026429
vn -0.317835 0.947072 0.0451079
v -0.0505235 0.00929714 0.028416
vn -0.288372 0.955748 0.058208
v -0.0488084 0.00965923 0.0303268
vn -0.221621 0.973153 0.0621069
v -0.0383824 0.00902223 0.0665837
vn -0.2962 0.948674 0.110834
v -0.0468996 0.0096324 0.0360592
vn -0.216497 0.973025 0.0797019
v -0.0488084 0.00951842 0.0322376
vn -0.251541 0.963979 0.0864337
v -0.00606737 0.00124423 0.0665837
vn 0.399857 0.904613 0.147616
v -0.00482709 0.000687704 0.0665837
vn 0.407719 0.90532 0.118994
v -0.00473989 0.000647471 0.0665837
vn 0.419087 0.89378 0.159757
v -0.00305389 -0.00014374 0.0665837
vn 0.432303 0.894039 0.117513
v 0.00188784 0.00137163 0.0141334
vn 0.447209 0.891925 0.0668826
v 0.00192659 0.00139845 0.0131087
vn 0.447527 0.893944 0.0241482
v -0.0550001 0.00635357 0.0131087
vn -0.80337 0.59503 -0.0231305
v -0.0550195 0.0063871 0.0150265
vn -0.802955 0.595988 -0.00788186
v -0.0540699 0.00760744 0.0188481
vn -0.722485 0.691378 -0.00353683
v 0.00288587 0.000915679 0.0131087
vn 0.453498 0.890601 0.0342028
v 0.00574432 -0.000519229 0.0124233
vn 0.491729 0.86832 0.0649928
v 0.00817642 -0.00208153 0.0131087
vn 0.536014 0.842249 0.0575021
v 0.0091357 -0.00273194 0.0131087
vn 0.577822 0.815346 0.036506
v 0.0146394 -0.00672822 0.0131087
vn 0.588079 0.808378 0.0262338
v 0.0159378 -0.00768035 0.0131087
vn 0.606053 0.794667 0.0347139
v 0.0231954 -0.0155992 0.0665837
vn 0.692464 0.717435 0.0760317
v 0.0248329 -0.0158473 0.0159819
vn 0.698137 0.715753 0.017358
v 0.0329722 -0.0264079 0.00928712
vn 0.919303 0.392522 -0.0284307
v 0.0337571 -0.0282786 0.0111979
vn 0.979886 0.195624 -0.0394368
v 0.0336699 -0.0282786 0.00928712
vn 0.977472 0.203926 -0.0544259
v 0.0266255 -0.0178923 0.0188481
vn 0.740936 0.671304 0.0190784
v 0.0284084 -0.0199508 0.0207658
vn 0.751642 0.659432 0.0135468
v 0.029232 -0.0209097 0.0207658
vn 0.762308 0.647175 0.00710883
v 0.0301913 -0.0220562 0.0207658
vn 0.772527 0.634966 -0.00450292
v 0.0309568 -0.0230151 0.0226766
vn 0.785838 0.618381 0.00797381
v 0.0319161 -0.0242757 0.0226766
vn 0.806394 0.591373 0.00266507
v 0.0319161 -0.0242824 0.0207658
vn 0.805122 0.592818 -0.0185513
v 0.032575 -0.025268 0.0188481
vn 0.846156 0.532595 -0.019064
v 0.0331854 -0.0263677 0.0188481
vn 0.900249 0.43502 -0.0176022
v 0.0329044 -0.0261799 0.011191
vn 0.880383 0.47377 -0.0216228
v 0.0337959 -0.0301896 0.00928712
vn 0.99737 -0.0418721 -0.0591546
v 0.033292 -0.0321006 0.00736939
vn 0.964397 -0.233711 -0.123764
v 0.0329916 -0.0321006 0.00545858
vn 0.957263 -0.220833 -0.186765
v 0.0324974 -0.0330997 0.00446164
vn 0.91943 -0.29969 -0.254627
v 0.0317804 -0.0359292 0.00545858
vn 0.919595 -0.331949 -0.21013
v 0.0302785 -0.0397311 0.00534781
vn 0.898823 -0.383825 -0.211652
v 0.0294743 -0.0416689 0.00545858
vn 0.899717 -0.390948 -0.194086
v 0.0309859 -0.0379877 0.00534781
vn 0.915563 -0.347108 -0.203125
v 0.0306855 -0.0390807 0.00590859
vn 0.915208 -0.36544 -0.169846
v 0.0288541 -0.0430703 0.00545858
vn 0.89905 -0.398624 -0.181129
v 0.0284278 -0.0440291 0.00545858
vn 0.898997 -0.401511 -0.174907
v 0.0280596 -0.0454975 0.00736939
vn 0.899659 -0.422056 -0.111724
v 0.0298231 -0.0416689 0.00736939
vn 0.905441 -0.409905 -0.110248
v 0.0285828 -0.0443711 0.00736939
vn 0.902118 -0.415525 -0.116285
v 0.0266933 -0.0482601 0.00689169
vn 0.886001 -0.44408 -0.133398
v 0.0248426 -0.0522161 0.00822095
vn 0.871909 -0.478894 -0.102154
v 0.0252011 -0.051331 0.00750093
vn 0.880158 -0.456028 -0.131761
v 0.0242419 -0.0532554 0.00928712
vn 0.79773 -0.597289 -0.0829011
v 0.0233504 -0.0545026 0.0111979
vn 0.693548 -0.719498 -0.0362422
v 0.0243097 -0.0533627 0.0111979
vn 0.79615 -0.603232 -0.047513
v 0.0211799 -0.0561051 0.0207658
vn 0.396955 -0.917823 -0.00522719
v 0.0211799 -0.0561118 0.0226766
vn 0.381875 -0.924192 0.00642199
v 0.0211509 -0.0560917 0.0245874
vn 0.426225 -0.904237 0.0262083
v 0.021083 -0.0560515 0.026159
vn 0.41125 -0.910345 0.0463173
v 0.02024 -0.0562862 0.0266783
vn 0.284288 -0.957783 0.0428029
v 0.01993 -0.0562929 0.028416
vn 0.242073 -0.969162 0.0460978
v 0.0181374 -0.0566147 0.0303268
vn 0.180054 -0.982656 0.0443592
v 0.0233989 -0.0545361 0.0131087
vn 0.659528 -0.751509 -0.0160551
v 0.0221101 -0.0555218 0.0169373
vn 0.585491 -0.810596 -0.0115717
v 0.0234279 -0.0545696 0.0169373
vn 0.672404 -0.740109 -0.0105931
v 0.0234376 -0.054583 0.0188481
vn 0.673344 -0.739279 -0.00858675
v 0.0234473 -0.0545964 0.0207658
vn 0.675141 -0.737686 -0.00183937
v 0.0221392 -0.0555486 0.0226766
vn 0.558416 -0.829481 0.0115341
v 0.0162188 -0.0565678 0.0360592
vn 0.14295 -0.988096 0.0568476
v 0.00776946 -0.0560314 0.0665837
vn 0.122169 -0.684457 0.718745
v -0.0125594 -0.0518339 0.0665837
vn -0.193316 -0.663214 0.723033
v -0.0143908 -0.0512975 0.0665837
vn -0.199144 -0.663451 0.721232
v -0.0201174 -0.0493731 0.0665837
vn -0.296325 -0.782619 0.547448
v -0.0218712 -0.0486892 0.0665837
vn -0.31436 -0.797103 0.515563
v -0.022782 -0.0483204 0.0665837
vn -0.268757 -0.662157 0.699512
v -0.0228789 -0.0482802 0.0665837
vn -0.354439 -0.828935 0.432712
v -0.0259021 -0.0469257 0.0665837
vn -0.337397 -0.732699 0.59103
v -0.0281113 -0.04999 0.0131087
vn -0.427076 -0.901574 0.0690689
v -0.0296811 -0.0492323 0.0131087
vn -0.439211 -0.89575 0.06874
v -0.0239448 -0.0478175 0.0665837
vn -0.299831 -0.669235 0.679872
v -0.0268614 -0.0464765 0.0665837
vn -0.42792 -0.870931 0.241587
v -0.03065 -0.0445052 0.0665837
vn -0.413638 -0.767927 0.489073
v -0.0279175 -0.0459401 0.0665837
vn -0.336935 -0.65146 0.679761
v -0.0296617 -0.0450282 0.0665837
vn -0.341493 -0.650302 0.678594
v -0.0316771 -0.0439419 0.0665837
vn -0.359293 -0.645446 0.674023
v -0.0332759 -0.0430434 0.0665837
vn -0.364778 -0.643859 0.672594
v -0.0512405 -0.0328583 0.0665837
vn -0.375021 -0.660493 0.650468
v -0.0513471 -0.0327912 0.0665837
vn -0.40356 -0.631418 0.662155
v -0.0554361 -0.0292241 0.0665837
vn -0.415559 -0.349672 0.839667
v -0.0614825 -0.0238264 0.0360592
vn -0.815698 -0.575622 0.057405
v -0.0615503 -0.0238935 0.0341484
vn -0.811899 -0.582358 0.0409745
v -0.0554749 -0.0291771 0.0665837
vn -0.753244 -0.496892 0.430954
v -0.0632654 -0.0217612 0.028416
vn -0.848966 -0.527452 0.032428
v -0.0625871 -0.0227201 0.028416
vn -0.811795 -0.583485 0.0231004
v -0.0616181 -0.0239404 0.0303268
vn -0.779656 -0.626099 0.0117158
v -0.0632945 -0.0217947 0.0265052
vn -0.856921 -0.515203 0.0158758
v -0.0639437 -0.0206347 0.0226766
vn -0.916407 -0.400202 0.00605832
v -0.064651 -0.0187171 0.0207658
vn -0.973233 -0.229813 -0.00164203
v -0.0648351 -0.0168061 0.0188481
vn -0.998488 0.053118 -0.0141564
v -0.0647576 -0.0168061 0.0150265
vn -0.999696 -0.0120299 -0.021525
v -0.0647091 -0.0168061 0.0131087
vn -0.999598 -0.00293134 -0.028198
v -0.060998 -0.0072244 0.00529935
vn -0.898142 0.380548 -0.220282
v -0.0602228 -0.00532684 0.00545858
vn -0.896772 0.392611 -0.204098
v -0.0617054 -0.00898116 0.00529935
vn -0.914519 0.344695 -0.211753
v -0.0613856 -0.00785469 0.00583244
vn -0.914683 0.361527 -0.180699
v -0.0595639 -0.00385841 0.00545858
vn -0.889759 0.404917 -0.210645
v -0.0591182 -0.00289957 0.00545858
vn -0.883607 0.414721 -0.21736
v -0.0644378 -0.0148951 0.0131087
vn -0.977846 0.20843 -0.0193162
v -0.063808 -0.0129774 0.0111979
vn -0.951763 0.30502 -0.0333052
v -0.0632751 -0.01169 0.00928712
vn -0.943839 0.325457 -0.0569733
v -0.0629359 -0.0107312 0.00928712
vn -0.935881 0.345085 -0.0710122
v -0.0621511 -0.00915549 0.00736939
vn -0.929077 0.346367 -0.129793
v -0.0628778 -0.011167 0.00732785
vn -0.930865 0.336376 -0.142625
v -0.0555524 0.00526734 0.00928712
vn -0.849409 0.524882 -0.0548022
v -0.0556106 0.0053545 0.0111979
vn -0.850119 0.524968 -0.0412955
v -0.0592732 -0.00258442 0.00679476
vn -0.891801 0.417206 -0.175013
v -0.0569962 0.00219637 0.00734863
vn -0.871025 0.468759 -0.146901
v -0.0574807 0.00147891 0.00796479
vn -0.884563 0.45326 -0.110017
v -0.0570446 0.00255844 0.00928712
vn -0.879981 0.468831 -0.0763557
v -0.0561435 0.00423474 0.00928712
vn -0.874103 0.48245 -0.0564337
v -0.0578489 0.000546895 0.00734863
vn -0.888344 0.434589 -0.148244
v -0.0540699 0.00761414 0.0207658
vn -0.701871 0.712284 0.00522383
v -0.0540505 0.00758733 0.0226766
vn -0.702709 0.710943 0.0275666
v -0.0517056 0.00902894 0.0257436
vn -0.4405 0.896299 0.0510781
v -0.052723 0.00847911 0.0245874
vn -0.573159 0.816911 0.0643882
v -0.0539924 0.00752698 0.0245874
vn -0.704113 0.707923 0.0554025
v -0.0516184 0.00899541 0.0270175
vn -0.469083 0.880347 0.0703562
v -0.0514828 0.00893506 0.028416
vn -0.434205 0.895569 0.097064
v -0.0502812 0.00922339 0.0303268
vn -0.325815 0.941671 0.0842616
v -0.0392932 0.0087272 0.0665837
vn -0.367971 0.917592 0.15041
v -0.0489247 0.00929044 0.0341415
vn -0.29137 0.951137 0.102189
v -0.0498549 0.00906246 0.0334976
vn -0.325013 0.939252 0.110329
v -0.0500196 0.00912951 0.0322376
vn -0.337073 0.936887 0.0928698
v -0.000912474 -0.00119645 0.0665837
vn 0.436409 0.882472 0.17547
v 0.000783216 -0.0020413 0.0665837
vn 0.440073 0.880053 0.178445
v 0.00174249 -0.00252408 0.0665837
vn 0.459868 0.881106 0.110333
v -0.0556396 0.00540144 0.0131087
vn -0.849234 0.527583 -0.0213922
v -0.055659 0.00542826 0.0150265
vn -0.859333 0.511327 -0.00955883
v -0.055659 0.00544167 0.0169373
vn -0.854129 0.520058 -0.00186004
v -0.0550292 0.0063938 0.0188481
vn -0.806029 0.591874 -0.00133204
v 0.00665515 -0.00517932 0.0665837
vn 0.469981 0.85975 0.199867
v 0.00811828 -0.00599065 0.0665837
vn 0.482527 0.850042 0.211178
v 0.0091357 -0.00658741 0.0665837
vn 0.495312 0.83966 0.222794
v 0.0104826 -0.00738533 0.0665837
vn 0.499706 0.835974 0.226808
v 0.0116259 -0.00807596 0.0665837
vn 0.507212 0.829532 0.233692
v 0.0141452 -0.00962485 0.0665837
vn 0.509538 0.827499 0.235831
v 0.0150561 -0.0101881 0.0665837
vn 0.516245 0.832833 0.199701
v 0.00649042 -0.00102882 0.013081
vn 0.527098 0.847635 0.0606854
v 0.00290525 -0.00314095 0.0665837
vn 0.466215 0.862575 0.196487
v 0.0162867 -0.0109525 0.0665837
vn 0.520791 0.833406 0.184963
v 0.0184959 -0.0123404 0.0665837
vn 0.51702 0.819993 0.245562
v 0.0205404 -0.0136345 0.0665837
vn 0.519775 0.817404 0.248364
v 0.0210055 -0.0139363 0.0665837
vn 0.568872 0.815784 0.104318
v 0.0113643 -0.00442164 0.0150265
vn 0.583814 0.810886 0.0403138
v 0.0136414 -0.00607111 0.0150265
vn 0.590334 0.806266 0.0379658
v 0.0214803 -0.0142782 0.0665837
vn 0.589191 0.80368 0.083387
v 0.021926 -0.0146135 0.0665837
vn 0.578917 0.751661 0.316008
v 0.0241062 -0.0166854 0.0665837
vn 0.530871 0.444606 0.721458
v 0.0290479 -0.021151 0.03797
vn 0.746737 0.664732 0.0226947
v 0.0330498 -0.0263677 0.0131087
vn 0.921734 0.387189 -0.0221805
v 0.0339703 -0.0282786 0.0188481
vn 0.964952 0.261611 -0.020656
v 0.0339218 -0.0282786 0.0169373
vn 0.972987 0.229358 -0.0262827
v 0.0338152 -0.0282786 0.0131087
vn 0.978166 0.205888 -0.0283024
v 0.0339606 -0.0301896 0.0131087
vn 0.997945 -0.0539735 -0.0345383
v 0.0338831 -0.0301896 0.0111979
vn 0.997525 -0.0556382 -0.0429968
v 0.0300557 -0.0221836 0.0341484
vn 0.758408 0.651547 0.0174182
v 0.0301719 -0.0220629 0.0226766
vn 0.766052 0.642634 0.0136595
v 0.0309471 -0.0230419 0.0245874
vn 0.783374 0.621417 0.0128884
v 0.0319064 -0.0242891 0.0245874
vn 0.80009 0.599728 0.0134878
v 0.0325847 -0.0252412 0.0245874
vn 0.847654 0.530431 0.0112246
v 0.0325943 -0.0252345 0.0226766
vn 0.858756 0.512378 0.00263989
v 0.0325943 -0.0252412 0.0207658
vn 0.849641 0.527303 -0.00780088
v 0.0332048 -0.0263677 0.0207658
vn 0.904854 0.425716 -0.0021942
v 0.0335439 -0.0321006 0.0111979
vn 0.973219 -0.225953 -0.0423022
v 0.033447 -0.0321006 0.00928712
vn 0.970229 -0.232437 -0.068032
v 0.0327106 -0.0341121 0.00750093
vn 0.954361 -0.287384 -0.081278
v 0.0324296 -0.0348162 0.00694708
vn 0.939715 -0.311828 -0.140353
v 0.032604 -0.033455 0.00545858
vn 0.946647 -0.280036 -0.159496
v 0.0323037 -0.0344072 0.00545858
vn 0.931751 -0.310164 -0.188781
v 0.0313928 -0.0378402 0.00736939
vn 0.932333 -0.346805 -0.102382
v 0.0304142 -0.0403413 0.00736939
vn 0.908953 -0.395468 -0.131947
v 0.0308018 -0.0393824 0.00736939
vn 0.927183 -0.363275 -0.0914554
v 0.0267612 -0.0484009 0.00816556
vn 0.895847 -0.436384 -0.0838262
v 0.0271003 -0.0475359 0.00746632
vn 0.898742 -0.428027 -0.0951657
v 0.028641 -0.0445052 0.00867788
vn 0.905553 -0.418921 -0.0669228
v 0.0299684 -0.0416689 0.00928712
vn 0.913679 -0.405945 -0.0199999
v 0.0248911 -0.0523033 0.00928712
vn 0.850454 -0.522333 -0.0624148
v 0.0254531 -0.0512304 0.00928712
vn 0.888974 -0.452723 -0.069038
v 0.0243484 -0.0534096 0.0131087
vn 0.801295 -0.597768 -0.0245008
v 0.0249492 -0.0524039 0.0111979
vn 0.861971 -0.505416 -0.0395063
v 0.0221101 -0.0555151 0.0245874
vn 0.570919 -0.819856 0.0434507
v 0.0209958 -0.0560179 0.0274329
vn 0.408927 -0.909987 0.0685817
v 0.0218098 -0.055562 0.0266783
vn 0.565044 -0.822059 0.0703087
v 0.0197071 -0.0562459 0.0303268
vn 0.269293 -0.960936 0.0639072
v 0.0181374 -0.0565074 0.0322376
vn 0.198974 -0.977358 0.0719722
v 0.0243678 -0.0534365 0.0150265
vn 0.802471 -0.596523 -0.0141359
v 0.0243775 -0.0534633 0.0169373
vn 0.761035 -0.648589 -0.0126164
v 0.0243969 -0.0534767 0.0188481
vn 0.790658 -0.612187 -0.0093268
v 0.0234376 -0.0545964 0.0226766
vn 0.681657 -0.73143 0.0187929
v 0.0244066 -0.0534767 0.0207658
vn 0.804086 -0.594485 0.00578296
v 0.00868028 -0.0558235 0.0665837
vn 0.152476 -0.538464 0.828739
v -0.0613856 -0.0237057 0.03797
vn -0.873579 -0.478558 0.0885504
v -0.0631782 -0.0216204 0.0314276
vn -0.891635 -0.442951 0.0937113
v -0.0632169 -0.0216808 0.0303268
vn -0.863223 -0.502554 0.0478125
v -0.0559788 -0.028225 0.0665837
vn -0.702378 -0.327316 0.632083
v -0.0638565 -0.0206347 0.0265052
vn -0.93361 -0.356608 0.0346825
v -0.0639146 -0.0206347 0.0245874
vn -0.922255 -0.386003 0.0211437
v -0.0646316 -0.0187171 0.0226766
vn -0.972157 -0.233377 0.0211158
v -0.0648448 -0.0168061 0.0207658
vn -0.998395 0.0557228 0.0101095
v -0.0645153 -0.0148951 0.0188481
vn -0.963264 0.268529 -0.00379061
v -0.064496 -0.0148951 0.0169373
vn -0.972765 0.23142 -0.0131379
v -0.0611434 -0.00654047 0.00736939
vn -0.908028 0.384917 -0.165301
v -0.0606104 -0.00532684 0.00736939
vn -0.902878 0.403739 -0.147665
v -0.0615212 -0.00749931 0.00736939
vn -0.924293 0.356186 -0.137165
v -0.0638468 -0.0129774 0.0131087
vn -0.949266 0.314299 -0.010484
v -0.0633235 -0.0115694 0.0111979
vn -0.942113 0.334255 -0.0263778
v -0.0629747 -0.0106172 0.0111979
vn -0.93645 0.350024 -0.0233416
v -0.0623449 -0.00915549 0.00928712
vn -0.933314 0.354169 -0.0590723
v -0.0612306 -0.00633261 0.00874019
vn -0.919995 0.381875 -0.0882034
v -0.0562501 0.00423474 0.0111979
vn -0.873653 0.485385 -0.0336572
v -0.0593701 -0.00237656 0.00806864
vn -0.900784 0.421263 -0.105477
v -0.0589244 -0.0016457 0.00741093
vn -0.892254 0.43172 -0.132289
v -0.0581396 0.00041279 0.00928712
vn -0.895759 0.439947 -0.0637403
v -0.0575388 0.00160631 0.00928712
vn -0.889586 0.453023 -0.0583743
v -0.0571028 0.00265902 0.0111979
vn -0.884036 0.466157 -0.0343188
v -0.0550292 0.0063871 0.0207658
vn -0.812979 0.582159 0.0124743
v -0.0550001 0.00635357 0.0226766
vn -0.809333 0.585976 0.0401472
v -0.0526358 0.00817738 0.028416
vn -0.577203 0.810548 0.0992357
v -0.0524614 0.00849252 0.026429
vn -0.557537 0.826495 0.0778376
v -0.0538955 0.0074264 0.0265052
vn -0.673883 0.734606 0.0789623
v -0.054942 0.0062664 0.0245874
vn -0.809544 0.582554 0.0725918
v -0.0512405 0.00882108 0.0303268
vn -0.525153 0.840842 0.131147
v -0.0410761 0.0079427 0.0665837
vn -0.397919 0.902288 0.165943
v -0.0496417 0.00896859 0.0347715
vn -0.425629 0.89353 0.142985
v -0.0509789 0.00866015 0.0322376
vn -0.523284 0.83879 0.150348
v -0.0562985 0.00423474 0.0131087
vn -0.877289 0.4797 -0.0158797
v -0.0563179 0.00423474 0.0150265
vn -0.879993 0.474967 -0.00425875
v -0.055659 0.00544167 0.0188481
vn -0.860578 0.509306 0.00373896
v 0.0241837 -0.0167793 0.0665837
vn 0.710438 0.5573 0.429762
v 0.030046 -0.0222641 0.0360592
vn 0.778298 0.626836 0.036456
v 0.0339897 -0.0282786 0.0207658
vn 0.962104 0.272602 0.00669912
v 0.0341447 -0.0301896 0.0207658
vn 0.99667 -0.0815399 0.000719851
v 0.0341156 -0.0301896 0.0188481
vn 0.99449 -0.102532 -0.0218273
v 0.0340187 -0.0301896 0.0150265
vn 0.999578 -0.0106894 -0.0270009
v 0.0336118 -0.0321006 0.0131087
vn 0.973689 -0.226187 -0.0277363
v 0.0308308 -0.0231425 0.0341484
vn 0.807244 0.588533 0.0445594
v 0.0308793 -0.0231157 0.0322376
vn 0.787598 0.615956 0.016956
v 0.031887 -0.0243226 0.0265052
vn 0.812905 0.582058 0.0198619
v 0.0325653 -0.0252747 0.0265052
vn 0.845852 0.532813 0.02539
v 0.0331951 -0.0263677 0.0226766
vn 0.906408 0.422245 0.011552
v 0.0329625 -0.0340183 0.0111979
vn 0.951333 -0.306291 -0.0339251
v 0.0328753 -0.0340183 0.00928712
vn 0.95404 -0.294663 -0.0545941
v 0.0324878 -0.0350039 0.00822095
vn 0.942266 -0.328069 -0.0671232
v 0.0321583 -0.0357549 0.00750093
vn 0.937912 -0.334425 -0.0920934
v 0.0321777 -0.0360365 0.00928712
vn 0.938036 -0.343321 -0.0471029
v 0.0315091 -0.0378402 0.00928712
vn 0.935483 -0.351326 -0.0379743
v 0.0308599 -0.0395433 0.00928712
vn 0.932605 -0.36031 -0.0206287
v 0.030482 -0.0405022 0.00928712
vn 0.92421 -0.38179 -0.00848811
v 0.0273135 -0.0474085 0.00928712
vn 0.902857 -0.426846 -0.0514971
v 0.0263445 -0.0494469 0.00928712
vn 0.897325 -0.438043 -0.054105
v 0.02867 -0.0445655 0.00995175
vn 0.908512 -0.416939 -0.027701
v 0.0282921 -0.0453232 0.00930097
vn 0.905391 -0.42271 -0.0397971
v 0.0291351 -0.0435799 0.0111979
vn 0.91366 -0.406454 -0.00442341
v 0.0286797 -0.0445923 0.0111979
vn 0.910726 -0.412978 -0.00511135
v 0.0300266 -0.0416689 0.0207658
vn 0.914619 -0.404304 -0.00322043
v 0.0255597 -0.0512304 0.0111979
vn 0.892043 -0.450489 -0.0363095
v 0.0249783 -0.0524508 0.0131087
vn 0.870143 -0.492322 -0.0216833
v 0.0249977 -0.0524843 0.0150265
vn 0.864131 -0.503101 -0.0129716
v 0.0233892 -0.0545562 0.0245874
vn 0.705472 -0.707491 0.0420265
v 0.0233117 -0.0544892 0.0265052
vn 0.673582 -0.735728 0.0706558
v 0.0208892 -0.055971 0.028416
vn 0.430213 -0.897637 0.0957313
v 0.0219551 -0.0552871 0.028416
vn 0.565172 -0.819348 0.096177
v 0.0194649 -0.0561655 0.0322376
vn 0.287894 -0.954258 0.0806743
v 0.0183118 -0.0562929 0.0343076
vn 0.240955 -0.966782 0.0852849
v 0.0250073 -0.0525044 0.0169373
vn 0.868987 -0.494757 -0.0087478
v 0.025017 -0.0525178 0.0188481
vn 0.873875 -0.486128 -0.00463679
v 0.0243872 -0.0534499 0.0226766
vn 0.795369 -0.605468 0.0282327
v 0.025017 -0.0525246 0.0207658
vn 0.870593 -0.491971 0.00565022
v 0.0250073 -0.052491 0.0226766
vn 0.866465 -0.498655 0.0241006
v 0.010405 -0.0552334 0.0665837
vn 0.119375 -0.348768 0.929575
v 0.0192614 -0.0560917 0.0337746
vn 0.288387 -0.952762 0.0952743
v 0.0190676 -0.0560112 0.0350484
vn 0.395381 -0.909234 0.130258
v -0.0631007 -0.0214327 0.0327015
vn -0.917883 -0.379473 0.116154
v -0.0634107 -0.0207286 0.0321337
vn -0.954407 -0.278252 0.108091
v -0.0636336 -0.0206347 0.0303268
vn -0.956225 -0.280322 0.0839851
v -0.0637692 -0.0206347 0.028416
vn -0.944265 -0.324661 0.0543922
v -0.0567539 -0.0263677 0.0665837
vn -0.7585 -0.243897 0.604311
v -0.0645735 -0.0187171 0.0245874
vn -0.979086 -0.199032 0.0421526
v -0.0647963 -0.0168061 0.0226766
vn -0.999325 0.0172283 0.0324327
v -0.0644766 -0.0148951 0.0226766
vn -0.968649 0.246374 0.0319279
v -0.0645153 -0.0148951 0.0207658
vn -0.968803 0.247639 0.00980732
v -0.0638661 -0.0129774 0.0169373
vn -0.943822 0.330446 -0.00250375
v -0.0633332 -0.0115559 0.0131087
vn -0.939294 0.343076 -0.00496478
v -0.0629747 -0.0105971 0.0131087
vn -0.935071 0.354457 -0.00177382
v -0.0624224 -0.00915549 0.0111979
vn -0.931987 0.362256 -0.0131145
v -0.0612596 -0.00625886 0.010021
vn -0.923339 0.382692 -0.0314867
v -0.0608914 -0.00550117 0.00934251
vn -0.912991 0.405591 -0.044079
v -0.0599612 -0.00341586 0.00928712
vn -0.910092 0.411176 -0.0516404
v -0.0594283 -0.00226257 0.00928712
vn -0.904448 0.423263 -0.0531237
v -0.0589729 -0.00130373 0.00928712
vn -0.899283 0.433185 -0.0603321
v -0.0582268 0.00041279 0.0111979
vn -0.897063 0.441056 -0.027352
v -0.0575872 0.00170018 0.0111979
vn -0.893581 0.447696 -0.0328683
v -0.0590213 -0.00121657 0.0111979
vn -0.901502 0.43227 -0.0208942
v -0.0571221 0.00269255 0.0131087
vn -0.886941 0.461844 -0.00599189
v -0.0556493 0.00542826 0.0207658
vn -0.866919 0.498358 0.00950869
v -0.0556396 0.00540144 0.0226766
vn -0.86471 0.501408 0.0294269
v -0.0537792 0.00730571 0.028416
vn -0.755392 0.648491 0.0940293
v -0.0536726 0.00719842 0.0297591
vn -0.702671 0.697058 0.142702
v -0.0527909 0.00776166 0.0303683
vn -0.571461 0.809585 0.134177
v -0.0555815 0.00531427 0.0245874
vn -0.851182 0.521894 0.0558176
v -0.055533 0.00523381 0.0257644
vn -0.855145 0.511962 0.0813713
v -0.0549517 0.00597808 0.0264429
vn -0.815368 0.571855 0.0903118
v -0.052413 0.00770132 0.0322376
vn -0.56981 0.808206 0.148725
v -0.0411633 0.00790247 0.0665837
vn -0.484601 0.854602 0.186595
v -0.0505913 0.00854617 0.0341415
vn -0.503086 0.848976 0.161693
v -0.052161 0.00750686 0.0341484
vn -0.564732 0.806939 0.172993
v -0.0563179 0.00423474 0.0169373
vn -0.88456 0.466421 0.00209609
v -0.0563082 0.00423474 0.0188481
vn -0.888905 0.458038 0.00704992
v 0.0248717 -0.0176912 0.0665837
vn 0.702415 0.417479 0.576477
v 0.0339509 -0.0282786 0.0226766
vn 0.966969 0.253077 0.0303796
v 0.0341059 -0.0301896 0.0226766
vn 0.998762 -0.0376201 0.0325592
v 0.033728 -0.0321006 0.0226766
vn 0.964937 -0.261587 0.0216701
v 0.0337474 -0.0321006 0.0207658
vn 0.963636 -0.267215 0.000973961
v 0.0337377 -0.0321006 0.0188481
vn 0.964775 -0.262611 -0.0156344
v 0.0336602 -0.0321006 0.0150265
vn 0.96863 -0.247594 -0.0212597
v 0.033011 -0.0340183 0.0131087
vn 0.949672 -0.31256 -0.0207159
v 0.0307533 -0.0232229 0.0360592
vn 0.85801 0.508681 0.071147
v 0.0324974 -0.025382 0.0296068
vn 0.873652 0.483158 0.0573578
v 0.0325265 -0.0253351 0.028416
vn 0.857267 0.513575 0.0365115
v 0.0330885 -0.0263677 0.0265052
vn 0.929276 0.366764 0.0439417
v 0.0331563 -0.0263677 0.0245874
vn 0.922213 0.385937 0.0239951
v 0.0325556 -0.0351716 0.0111979
vn 0.93964 -0.341135 -0.0265461
v 0.0325168 -0.0350777 0.00928712
vn 0.943778 -0.328061 -0.0407314
v 0.0321971 -0.0361304 0.0111979
vn 0.934445 -0.355699 -0.0170287
v 0.0325943 -0.0352587 0.0150265
vn 0.933836 -0.357427 -0.0139708
v 0.0326234 -0.0353191 0.0188481
vn 0.930833 -0.365345 -0.0085899
v 0.0305111 -0.0405625 0.0207658
vn 0.924336 -0.38158 -0.0007662
v 0.0322455 -0.0362846 0.0207658
vn 0.927291 -0.374337 -0.00198221
v 0.031606 -0.0378402 0.0188481
vn 0.926718 -0.375732 -0.00432209
v 0.0268484 -0.0485819 0.0111979
vn 0.905309 -0.423698 -0.029934
v 0.026393 -0.0495407 0.0111979
vn 0.89998 -0.434813 -0.0311924
v 0.027391 -0.0474085 0.0111979
vn 0.908673 -0.417426 -0.00833989
v 0.0291739 -0.0435799 0.0207658
vn 0.911705 -0.410839 -0.00232105
v 0.0268774 -0.0486557 0.0207658
vn 0.91088 -0.412671 -0.000845866
v 0.0264414 -0.0496011 0.0188481
vn 0.907993 -0.418947 -0.00560351
v 0.0300169 -0.0416689 0.0226766
vn 0.915139 -0.402787 0.016807
v 0.0256081 -0.0512304 0.0131087
vn 0.895805 -0.44419 -0.0151122
v 0.0256566 -0.0512304 0.0169373
vn 0.898642 -0.4386 -0.00854274
v 0.0243484 -0.0533828 0.0245874
vn 0.810371 -0.58343 0.0539394
v 0.0231954 -0.0543752 0.028416
vn 0.72025 -0.685775 0.104656
v 0.0242709 -0.0532554 0.0265052
vn 0.809204 -0.581117 0.0865603
v 0.0206567 -0.0558704 0.0303268
vn 0.495106 -0.861563 0.112156
v 0.0219551 -0.0550323 0.0303268
vn 0.56536 -0.815446 0.12416
v 0.0256662 -0.0512304 0.0188481
vn 0.898568 -0.43881 -0.00454817
v 0.0256759 -0.0512304 0.0207658
vn 0.897725 -0.440539 0.00377596
v 0.0249589 -0.052424 0.0245874
vn 0.875092 -0.481475 0.0489529
v 0.0256469 -0.0512304 0.0226766
vn 0.899582 -0.435853 0.0279936
v 0.0104826 -0.0552066 0.0665837
vn 0.159014 -0.318171 0.934603
v 0.0204241 -0.0557363 0.0322376
vn 0.515009 -0.846481 0.135039
v 0.019959 -0.0556559 0.0343076
vn 0.494425 -0.855701 0.152708
v 0.0119748 -0.0544489 0.0665837
vn 0.299003 -0.501483 0.811857
v -0.0630231 -0.021151 0.0341484
vn -0.938403 -0.320622 0.128846
v -0.0633235 -0.0201989 0.0341484
vn -0.951679 -0.27632 0.133995
v -0.0641375 -0.0187171 0.0303268
vn -0.983742 -0.142711 0.109021
v -0.0643216 -0.0187171 0.028416
vn -0.983187 -0.161739 0.0847563
v -0.0644669 -0.0187171 0.0265052
vn -0.981697 -0.17886 0.0654284
v -0.0571706 -0.02445 0.0665837
vn -0.785136 -0.0841847 0.613575
v -0.0632169 -0.0198838 0.035443
vn -0.968423 -0.192665 0.15823
v -0.0647188 -0.0168061 0.0245874
vn -0.997444 0.0488195 0.0521717
v -0.0643894 -0.0148951 0.0245874
vn -0.966936 0.247978 0.0595139
v -0.0638274 -0.0129774 0.0226766
vn -0.938857 0.342924 0.0308328
v -0.0638661 -0.0129774 0.0207658
vn -0.941818 0.336065 0.00630143
v -0.0633429 -0.0115626 0.0150265
vn -0.936265 0.351295 -0.000230894
v -0.0624224 -0.00915549 0.0131087
vn -0.931193 0.364505 0.00395594
v -0.0612693 -0.00623874 0.0111979
vn -0.926015 0.377449 -0.00526251
v -0.0608527 -0.0052799 0.0111979
vn -0.915485 0.402233 -0.00973727
v -0.060029 -0.00341586 0.0111979
vn -0.91286 0.408022 -0.0143049
v -0.059467 -0.0021687 0.0111979
vn -0.908609 0.417062 -0.0221025
v -0.0576066 0.00173371 0.0131087
vn -0.896394 0.443205 -0.00684873
v -0.0590213 -0.00121657 0.0131087
vn -0.90381 0.427873 0.00718088
v -0.0582461 0.00041279 0.0131087
vn -0.901726 0.432274 0.00540649
v -0.0571221 0.00267914 0.0150265
vn -0.892923 0.45017 0.00598473
v -0.0562888 0.00423474 0.0207658
vn -0.887368 0.460878 0.0130521
v -0.0562501 0.00423474 0.0226766
vn -0.89039 0.45427 0.0290521
v -0.0561532 0.00423474 0.0245874
vn -0.888955 0.453849 0.0614747
v -0.0546028 0.00615242 0.028416
vn -0.820742 0.560252 0.111801
v -0.0541959 0.00629993 0.0303683
vn -0.823748 0.548665 0.14285
v -0.054099 0.00589762 0.0322376
vn -0.819999 0.546764 0.169264
v -0.0535273 0.0070308 0.031033
vn -0.728456 0.660797 0.18083
v -0.0554652 0.00511312 0.0270383
vn -0.852848 0.512447 0.10024
v -0.0559109 0.00438225 0.0264429
vn -0.886919 0.453441 0.0881275
v -0.0423067 0.00724536 0.0665837
vn -0.550951 0.807765 0.209689
v -0.050727 0.0080701 0.0360592
vn -0.543332 0.821772 0.171699
v -0.05188 0.00727889 0.0360592
vn -0.609891 0.770262 0.18636
v -0.0571028 0.0026255 0.0207658
vn -0.894544 0.446849 0.0107607
v 0.0253465 -0.0186701 0.0665837
vn 0.734818 0.337184 0.588515
v 0.0314025 -0.02445 0.0360592
vn 0.89581 0.434049 0.0955315
v 0.031606 -0.02445 0.0341484
vn 0.880525 0.466384 0.0846209
v 0.0338734 -0.0282786 0.0245874
vn 0.981141 0.18706 0.0486876
v 0.0340187 -0.0301896 0.0245874
vn 0.996524 -0.0572687 0.0604947
v 0.0336602 -0.0321006 0.0245874
vn 0.967559 -0.247355 0.0514292
v 0.0331079 -0.0340183 0.0226766
vn 0.9416 -0.33609 0.0208268
v 0.0331273 -0.0340183 0.0207658
vn 0.944652 -0.32806 0.0031531
v 0.0331176 -0.0340183 0.0188481
vn 0.943971 -0.329892 -0.00946837
v 0.0330885 -0.0340183 0.0169373
vn 0.946044 -0.323572 -0.0173396
v 0.032575 -0.0352252 0.0131087
vn 0.938293 -0.345375 -0.0179675
v 0.032449 -0.0254826 0.0308806
vn 0.908479 0.410758 0.07709
v 0.0329722 -0.0263677 0.028416
vn 0.937614 0.341766 0.063849
v 0.0337571 -0.0282786 0.0265052
vn 0.970798 0.228627 0.0726627
v 0.0326234 -0.0353325 0.0207658
vn 0.932022 -0.362361 0.00543448
v 0.0305014 -0.0405424 0.0226766
vn 0.924497 -0.380626 0.0207084
v 0.0322358 -0.0362645 0.0226766
vn 0.927232 -0.37398 0.0194814
v 0.0264123 -0.0495609 0.0131087
vn 0.904744 -0.425857 -0.00914918
v 0.0291642 -0.0435799 0.0226766
vn 0.911235 -0.411707 0.0121885
v 0.0274201 -0.0474085 0.0226766
vn 0.909371 -0.415598 0.0179467
v 0.0264414 -0.0496078 0.0207658
vn 0.906543 -0.421997 0.00992557
v 0.0299588 -0.0416689 0.0245874
vn 0.916339 -0.398635 0.037573
v 0.0291158 -0.0435799 0.0245874
vn 0.913171 -0.406636 0.0276837
v 0.0248911 -0.0522966 0.0265052
vn 0.867996 -0.491905 0.0679181
v 0.0230307 -0.054221 0.0303268
vn 0.70453 -0.699277 0.121034
v 0.0242516 -0.0529671 0.0282914
vn 0.80777 -0.579054 0.110467
v 0.0238252 -0.0531481 0.0303268
vn 0.8093 -0.572577 0.131104
v 0.0248426 -0.0522094 0.0275783
vn 0.86945 -0.486764 0.0843624
v 0.0247748 -0.0520887 0.0288521
vn 0.848851 -0.516194 0.114
v 0.0229338 -0.0541271 0.0313722
vn 0.701775 -0.695253 0.155353
v 0.0220714 -0.0546568 0.0320991
vn 0.589481 -0.79601 0.137408
v 0.0216257 -0.0546166 0.0341484
vn 0.55801 -0.816059 0.150571
v 0.0255597 -0.0512304 0.0245874
vn 0.897285 -0.437976 0.0552922
v 0.026422 -0.049581 0.0226766
vn 0.907007 -0.420225 0.0273704
v 0.0263833 -0.0495072 0.0245874
vn 0.903341 -0.426103 0.0491082
v 0.0200462 -0.0552737 0.0360592
vn 0.53348 -0.829953 0.163023
v 0.021364 -0.0544087 0.0360592
vn 0.561257 -0.810012 0.169913
v 0.012934 -0.0537851 0.0665837
vn 0.222084 -0.276262 0.935071
v -0.0638855 -0.0187171 0.0322376
vn -0.986341 -0.0850192 0.14108
v -0.0641859 -0.0168061 0.0303268
vn -0.988066 0.0835004 0.129437
v -0.0644088 -0.0168061 0.028416
vn -0.990138 0.0933819 0.104436
v -0.0645929 -0.0168061 0.0265052
vn -0.995798 0.0433574 0.0806686
v -0.0631007 -0.0187171 0.03671
vn -0.980472 0.0138352 0.196172
v -0.0632848 -0.0187171 0.0357546
vn -0.98207 -0.0322326 0.185742
v -0.0635851 -0.0187171 0.0341484
vn -0.981201 -0.0835592 0.173961
v -0.0571706 -0.0225457 0.0665837
vn -0.837984 0.0503017 0.543372
v -0.0642537 -0.0148951 0.0265052
vn -0.964869 0.248273 0.085952
v -0.0637402 -0.0129774 0.0245874
vn -0.941216 0.333669 0.0526971
v -0.0632654 -0.0117437 0.0245874
vn -0.930678 0.362504 0.0492922
v -0.0633138 -0.0116431 0.0226766
vn -0.931599 0.36215 0.0311487
v -0.0633332 -0.0115895 0.0207658
vn -0.930937 0.365092 0.00800046
v -0.0633429 -0.0115694 0.0169373
vn -0.933302 0.359077 0.00325315
v -0.0612693 -0.00623874 0.0131087
vn -0.927617 0.37345 0.00787347
v -0.0608623 -0.0052799 0.0131087
vn -0.915496 0.402251 0.00782875
v -0.060029 -0.00341586 0.0131087
vn -0.91243 0.409206 0.00461833
v -0.059467 -0.0021687 0.0131087
vn -0.909241 0.416215 0.00673259
v -0.0575969 0.001727 0.0150265
vn -0.89852 0.438863 0.00779942
v -0.0590116 -0.00124339 0.0150265
vn -0.906282 0.422503 0.0120196
v -0.058188 0.00041279 0.0188481
vn -0.904848 0.425586 0.0112933
v -0.0582268 0.00041279 0.0150265
vn -0.902856 0.429846 0.00914571
v -0.0575679 0.00167336 0.0207658
vn -0.901896 0.431751 0.0131823
v -0.0570834 0.00257856 0.0226766
vn -0.896618 0.44134 0.0359968
v -0.0570349 0.00247798 0.0245874
vn -0.896866 0.438219 0.0599565
v -0.0570252 0.00216955 0.0265052
vn -0.889927 0.448549 0.0826668
v -0.055378 0.0049656 0.028416
vn -0.848319 0.51471 0.12421
v -0.0552327 0.00471751 0.0303268
vn -0.841851 0.517757 0.15236
v -0.0538858 0.0056026 0.0341484
vn -0.806223 0.561179 0.187304
v -0.0551455 0.00418109 0.0324038
vn -0.840815 0.512104 0.175442
v -0.0533723 0.00685646 0.0322376
vn -0.728744 0.655672 0.197549
v -0.0558916 0.00400676 0.028416
vn -0.882038 0.458737 0.107558
v -0.0567539 0.00232376 0.028416
vn -0.887743 0.449179 0.10075
v -0.0517153 0.00713808 0.0371323
vn -0.680028 0.702779 0.20896
v -0.0432659 0.00645415 0.0665837
vn -0.62934 0.719692 0.293214
v 0.0253659 -0.0187171 0.0665837
vn 0.503478 0.191206 0.842585
v 0.032294 -0.0259721 0.0341484
vn 0.929848 0.34795 0.119637
v 0.0323909 -0.0256502 0.0322376
vn 0.911384 0.398474 0.102948
v 0.0338831 -0.0301896 0.0265052
vn 0.99422 -0.0613338 0.0881223
v 0.0335246 -0.0321006 0.0265052
vn 0.969832 -0.230783 0.0785204
v 0.0329238 -0.0340183 0.0265052
vn 0.947306 -0.311318 0.0754435
v 0.0330401 -0.0340183 0.0245874
vn 0.944855 -0.324497 0.0441708
v 0.0325847 -0.0352252 0.0245874
vn 0.92862 -0.368334 0.0446606
v 0.0326137 -0.0353057 0.0226766
vn 0.932031 -0.361848 0.0196103
v 0.0327784 -0.0262202 0.0302783
vn 0.943429 0.322238 0.0781353
v 0.0335827 -0.0282786 0.028416
vn 0.985587 0.1379 0.0979854
v 0.0327397 -0.0266091 0.0322376
vn 0.952011 0.291082 0.0945831
v 0.0304723 -0.0404619 0.0245874
vn 0.921622 -0.38595 0.0406826
v 0.0308599 -0.0395098 0.0245874
vn 0.926551 -0.374299 0.0374647
v 0.02867 -0.0445655 0.0245874
vn 0.909163 -0.41567 0.0253138
v 0.0298619 -0.0416689 0.0265052
vn 0.915542 -0.397477 0.0616084
v 0.0286507 -0.0445387 0.0255498
vn 0.907904 -0.416278 0.0492288
v 0.025424 -0.0512304 0.0265052
vn 0.89616 -0.437842 0.0720492
v 0.0234182 -0.0532487 0.0320991
vn 0.8152 -0.556611 0.160103
v 0.0246682 -0.0518876 0.0303268
vn 0.841428 -0.517751 0.154703
v 0.0252011 -0.0513646 0.0282914
vn 0.894417 -0.437143 0.0944641
v 0.0251624 -0.0509287 0.0303268
vn 0.888324 -0.440582 0.129493
v 0.023331 -0.0527726 0.0341484
vn 0.817206 -0.548477 0.17705
v 0.0227787 -0.0539528 0.0326461
vn 0.720051 -0.668432 0.186349
v 0.0264027 -0.0491787 0.0266506
vn 0.900201 -0.430941 0.0626686
v 0.026829 -0.0485484 0.0245874
vn 0.906653 -0.420454 0.0346204
v 0.0267806 -0.0484545 0.0261175
vn 0.903788 -0.423921 0.0588039
v 0.0211509 -0.0542344 0.0374785
vn 0.677753 -0.707515 0.200182
v 0.0139805 -0.052833 0.0665837
vn 0.29719 -0.292434 0.908934
v -0.0639049 -0.0168061 0.0322376
vn -0.981127 0.109042 0.159683
v -0.0638177 -0.0148951 0.0303268
vn -0.963182 0.227752 0.142862
v -0.0640599 -0.0148951 0.028416
vn -0.962903 0.246611 0.109552
v -0.0632654 -0.0168061 0.0355884
vn -0.974054 0.0895919 0.207829
v -0.0635561 -0.0168061 0.0341484
vn -0.981076 0.0513677 0.186683
v -0.0568993 -0.0206347 0.0665837
vn -0.830924 0.132171 0.54046
v -0.0634107 -0.0128903 0.0282567
vn -0.941456 0.322307 0.0988925
v -0.0636045 -0.0129774 0.0265052
vn -0.942238 0.326659 0.0740374
v -0.0632072 -0.0119046 0.0265052
vn -0.932082 0.356505 0.0642368
v -0.0628875 -0.0107848 0.0245874
vn -0.928352 0.367994 0.0523669
v -0.0629359 -0.0106843 0.0226766
vn -0.927685 0.372047 0.0313197
v -0.0629553 -0.0106373 0.0207658
vn -0.927746 0.373029 0.0117176
v -0.0623546 -0.00915549 0.0207658
vn -0.92652 0.375979 0.0141698
v -0.0616085 -0.00731827 0.0207658
vn -0.925436 0.378647 0.0139577
v -0.0612596 -0.00626556 0.0146111
vn -0.922726 0.385236 0.0130782
v -0.0608042 -0.00532684 0.0188481
vn -0.917714 0.397028 0.0130521
v -0.0599612 -0.00341586 0.0188481
vn -0.912539 0.408801 0.0124224
v -0.0600097 -0.00341586 0.0150265
vn -0.912387 0.409187 0.0107826
v -0.0594574 -0.00220223 0.0150265
vn -0.907725 0.41938 0.0124993
v -0.0589729 -0.00133056 0.0207658
vn -0.907014 0.420763 0.0168681
v -0.0581589 0.00041279 0.0207658
vn -0.905664 0.423599 0.018337
v -0.0575388 0.00161972 0.0226766
vn -0.902969 0.428228 0.035597
v -0.0581105 0.00041279 0.0226766
vn -0.904889 0.424229 0.0347169
v -0.0574904 0.00151914 0.0245874
vn -0.90263 0.427876 0.0467017
v -0.0593314 -0.00247044 0.0254459
vn -0.903052 0.425142 0.0612467
v -0.0574516 0.00142527 0.0258752
vn -0.899585 0.431032 0.0704127
v -0.0573935 0.00131129 0.027149
vn -0.89912 0.429611 0.0837771
v -0.0557656 0.00375867 0.0303268
vn -0.874216 0.467315 0.131773
v -0.0556299 0.00351058 0.0318845
vn -0.872852 0.461342 0.159036
v -0.0537114 0.00536121 0.03554
vn -0.760042 0.610129 0.223782
v -0.0531106 0.00655473 0.0341484
vn -0.741038 0.637968 0.209428
v -0.0547288 0.00423474 0.0341484
vn -0.843763 0.499519 0.196329
v -0.055504 0.00326919 0.0331584
vn -0.863381 0.470852 0.181306
v -0.0565117 0.00232376 0.0303268
vn -0.882666 0.450161 0.135116
v -0.0573256 0.00117718 0.028416
vn -0.892642 0.438158 0.105864
v -0.0572094 0.000929088 0.0303268
vn -0.888624 0.439848 0.129926
v -0.0529556 0.00605854 0.0361284
vn -0.741095 0.633675 0.221885
v -0.0443512 0.00544167 0.0665837
vn -0.736337 0.618388 0.274599
v -0.0443027 0.00549531 0.0665837
vn -0.680704 0.65576 0.326529
v -0.0442543 0.00554225 0.0665837
vn -0.646746 0.699326 0.304404
v 0.0260926 -0.0206347 0.0665837
vn 0.58693 0.174051 0.790708
v 0.0326137 -0.0269309 0.0341484
vn 0.945579 0.299496 0.127209
v 0.0336893 -0.0301896 0.028416
vn 0.991529 -0.0531479 0.118517
v 0.0333404 -0.0321006 0.028416
vn 0.963546 -0.2458 0.105649
v 0.03273 -0.0340987 0.0282429
vn 0.942692 -0.316446 0.105801
v 0.0324878 -0.0349838 0.0274952
vn 0.927258 -0.36363 0.0892484
v 0.0325265 -0.0350777 0.0265052
vn 0.928868 -0.365375 0.060868
v 0.0304239 -0.0403413 0.0265052
vn 0.92558 -0.37353 0.0614599
v 0.0333792 -0.0282786 0.0303268
vn 0.980638 0.158841 0.114538
v 0.0303463 -0.0401535 0.028416
vn 0.922282 -0.376376 0.0879612
v 0.0296971 -0.0416689 0.028416
vn 0.91172 -0.401794 0.0856055
v 0.0289704 -0.0437005 0.0263113
vn 0.907651 -0.41232 0.0785
v 0.0267418 -0.0483539 0.0273913
vn 0.903106 -0.422143 0.0787107
v 0.0250073 -0.0506136 0.0322376
vn 0.877463 -0.453809 0.155293
v 0.0244841 -0.0515657 0.0322376
vn 0.847417 -0.501681 0.173782
v 0.0261798 -0.0493195 0.028416
vn 0.897928 -0.428263 0.101571
v 0.0259472 -0.0493195 0.0303268
vn 0.893008 -0.43283 0.123267
v 0.0256469 -0.0493195 0.0322376
vn 0.88769 -0.433634 0.154815
v 0.0231082 -0.0524508 0.0360592
vn 0.77755 -0.589928 0.217716
v 0.0225849 -0.0537315 0.0341484
vn 0.721954 -0.660001 0.207799
v 0.0243484 -0.0511098 0.0341276
vn 0.846216 -0.498993 0.18688
v 0.0149398 -0.0517937 0.0665837
vn 0.37212 -0.316264 0.872642
v -0.0631879 -0.0157601 0.0352215
vn -0.952158 0.213555 0.218607
v -0.0632945 -0.0153913 0.0341484
vn -0.960318 0.224042 0.166113
v -0.0634592 -0.0147677 0.0323138
vn -0.950163 0.264949 0.164291
v -0.063246 -0.013715 0.0317253
vn -0.931033 0.328255 0.159456
v -0.0633526 -0.01342 0.0303268
vn -0.940132 0.31906 0.119803
v -0.0630522 -0.0168061 0.0365438
vn -0.965099 0.147447 0.216434
v -0.0565698 -0.0188042 0.0665837
vn -0.799055 0.159342 0.57976
v -0.063091 -0.0121929 0.0287829
vn -0.929174 0.351367 0.114793
v -0.0631685 -0.0120119 0.027509
vn -0.929941 0.357252 0.0870662
v -0.0628294 -0.0109458 0.0265052
vn -0.928306 0.366346 0.0635479
v -0.062122 -0.00915549 0.0265052
vn -0.925736 0.371374 0.071378
v -0.0622383 -0.00915549 0.0245874
vn -0.926735 0.372608 0.0482333
v -0.0615503 -0.00745908 0.0245874
vn -0.924609 0.378157 0.0457755
v -0.0623158 -0.00915549 0.0226766
vn -0.926248 0.375867 0.0280777
v -0.0615891 -0.00736521 0.0226766
vn -0.92554 0.377776 0.0257062
v -0.0612112 -0.00635943 0.0207658
vn -0.922326 0.386126 0.0148841
v -0.0607751 -0.00532684 0.0207658
vn -0.917038 0.398469 0.0162471
v -0.0599321 -0.00341586 0.0207658
vn -0.911924 0.409989 0.0174212
v -0.0594283 -0.00225587 0.0188481
vn -0.908242 0.418233 0.0133036
v -0.0598837 -0.00341586 0.0226766
vn -0.910179 0.413236 0.0284736
v -0.0593895 -0.00234304 0.0226766
vn -0.907021 0.420079 0.0290999
v -0.0580136 0.00041279 0.0245874
vn -0.903214 0.426711 0.0460673
v -0.0593605 -0.00240338 0.024172
vn -0.906229 0.421097 0.0377574
v -0.059719 -0.00322812 0.024719
vn -0.911642 0.40819 0.0478551
v -0.0597287 -0.00352315 0.0265052
vn -0.907727 0.411641 0.0811312
v -0.0592829 -0.00257101 0.0265052
vn -0.901641 0.424523 0.0826063
v -0.0586047 -0.00150489 0.028416
vn -0.901528 0.422318 0.0943136
v -0.0577907 0.00021834 0.028416
vn -0.898129 0.427423 0.10331
v -0.0570446 0.000607237 0.0322376
vn -0.881336 0.444203 0.161029
v -0.0560466 0.00250481 0.0324038
vn -0.877357 0.44819 0.171378
v -0.0541668 0.00437555 0.0361284
vn -0.83979 0.494592 0.223901
v -0.053537 0.00509971 0.0368138
vn -0.797952 0.556931 0.230436
v -0.045262 0.0043219 0.0665837
vn -0.733024 0.586507 0.344509
v -0.0553974 0.00306804 0.0341484
vn -0.859475 0.472084 0.196059
v -0.0551745 0.00266573 0.0360592
vn -0.848684 0.480607 0.220802
v -0.0559012 0.0021159 0.0341484
vn -0.87383 0.449715 0.184873
v -0.0576745 -2.9751e-05 0.0303268
vn -0.894503 0.427264 0.131565
v -0.0575194 -0.0003516 0.0322376
vn -0.888129 0.432308 0.156
v 0.0264511 -0.0225457 0.0665837
vn 0.523485 0.0524847 0.850417
v 0.0325265 -0.0271857 0.0353323
vn 0.97225 0.169847 0.160881
v 0.0334373 -0.0301896 0.0303268
vn 0.987333 -0.078849 0.137686
v 0.0330885 -0.0321006 0.0303268
vn 0.967459 -0.21 0.141153
v 0.0326622 -0.0335422 0.0303268
vn 0.943192 -0.306547 0.128134
v 0.0323133 -0.034501 0.0303268
vn 0.929966 -0.341524 0.136108
v 0.0324102 -0.0347894 0.0287691
vn 0.928843 -0.352149 0.115071
v 0.0309568 -0.038028 0.0304929
vn 0.926717 -0.357787 0.114824
v 0.0306467 -0.0389868 0.0299668
vn 0.925449 -0.365011 0.101546
v 0.0331273 -0.0282786 0.0322376
vn 0.988966 0.0500163 0.139445
v 0.0303076 -0.0396774 0.0304929
vn 0.917974 -0.378342 0.119085
v 0.0294937 -0.0416689 0.0303268
vn 0.911182 -0.397085 0.10987
v 0.0289704 -0.0432915 0.028416
vn 0.906036 -0.413539 0.0899061
v 0.0271294 -0.0472878 0.028416
vn 0.902952 -0.417956 0.0999525
v 0.0248911 -0.0503856 0.0334769
vn 0.872535 -0.456905 0.172976
v 0.0265771 -0.0480053 0.0303268
vn 0.898296 -0.421474 0.124193
v 0.0264317 -0.0477035 0.0322376
vn 0.894187 -0.424353 0.142666
v 0.0252399 -0.0494268 0.0341276
vn 0.883943 -0.43294 0.176657
v 0.0267806 -0.0465368 0.0334076
vn 0.889377 -0.426546 0.164521
v 0.0238349 -0.0512304 0.0360592
vn 0.846148 -0.488276 0.213591
v 0.0229531 -0.0522429 0.0371462
vn 0.821808 -0.525859 0.219325
v 0.0173428 -0.0485953 0.0665837
vn 0.283807 -0.199638 0.937869
v 0.0166452 -0.0495475 0.0665837
vn 0.275329 -0.203224 0.939624
v 0.0157343 -0.0507745 0.0665837
vn 0.274321 -0.204217 0.939704
v 0.0156568 -0.0508751 0.0665837
vn 0.268849 -0.209593 0.940102
v 0.0223233 -0.0534096 0.0360592
vn 0.749918 -0.625908 0.214153
v 0.0247554 -0.0501308 0.0347507
vn 0.865416 -0.461517 0.195084
v -0.06281 -0.0150292 0.0359346
vn -0.931344 0.293509 0.215524
v -0.0630135 -0.0144325 0.0341484
vn -0.933527 0.299728 0.196696
v -0.0561532 -0.0168933 0.0665837
vn -0.802599 0.175143 0.570227
v -0.0561338 -0.0168061 0.0665837
vn -0.808685 0.205715 0.551099
v -0.0556978 -0.015103 0.0665837
vn -0.810541 0.216243 0.5443
v -0.0554361 -0.0141911 0.0665837
vn -0.84938 0.25606 0.461506
v -0.06312 -0.0140503 0.0329992
vn -0.93709 0.299117 0.179977
v -0.0625193 -0.0129774 0.0341484
vn -0.926114 0.327939 0.186462
v -0.0618313 -0.0110665 0.0341484
vn -0.924028 0.339782 0.175273
v -0.0621705 -0.0110665 0.0322376
vn -0.924258 0.348741 0.155328
v -0.0629941 -0.0124611 0.0303268
vn -0.926362 0.350764 0.137175
v -0.0624611 -0.0110665 0.0303268
vn -0.924899 0.358782 0.125851
v -0.0627906 -0.0112475 0.0282567
vn -0.924932 0.365711 0.103711
v -0.0619379 -0.00915549 0.028416
vn -0.92283 0.372291 0.0989131
v -0.0614922 -0.0076066 0.0265052
vn -0.922875 0.377194 0.07763
v -0.0610949 -0.00664776 0.0265052
vn -0.919903 0.386284 0.0675574
v -0.061153 -0.00650695 0.0245874
vn -0.921567 0.385288 0.0476164
v -0.0611918 -0.00640637 0.0226766
vn -0.922315 0.385264 0.0301142
v -0.0607364 -0.00532684 0.0226766
vn -0.915551 0.401231 0.0279216
v -0.0606589 -0.00532684 0.0245874
vn -0.91685 0.39625 0.0486924
v -0.0605329 -0.00532684 0.0265052
vn -0.913853 0.399317 0.0736128
v -0.0603488 -0.00532684 0.028416
vn -0.911355 0.400447 0.0952545
v -0.0596318 -0.0037243 0.028416
vn -0.905662 0.412184 0.0993986
v -0.0583721 -0.00150489 0.0303268
vn -0.897979 0.423875 0.118166
v -0.0590795 -0.00300685 0.0303268
vn -0.90127 0.418199 0.113234
v -0.0573062 -0.000787437 0.0345015
vn -0.880941 0.436812 0.182038
v -0.0568993 0.000225045 0.0339753
vn -0.878026 0.446223 0.173075
v -0.0514246 -0.00483066 0.0665837
vn -0.816628 0.469878 0.335161
v -0.0506398 -0.00347621 0.0665837
vn -0.786968 0.46256 0.408313
v -0.0499034 -0.00224246 0.0665837
vn -0.796225 0.48939 0.3557
v -0.0492929 -0.00129032 0.0665837
vn -0.767951 0.504439 0.394705
v -0.0483046 0.000191519 0.0665837
vn -0.761783 0.518048 0.388989
v -0.047665 0.00110343 0.0665837
vn -0.752737 0.537049 0.380744
v -0.0467833 0.00232376 0.0665837
vn -0.747938 0.546708 0.37643
v -0.045979 0.00341 0.0665837
vn -0.739512 0.563025 0.36895
v -0.0556881 0.00170689 0.0360592
vn -0.867366 0.455931 0.199505
v -0.0555524 0.00144538 0.0371877
vn -0.865726 0.451275 0.216494
v -0.0519382 -0.00574256 0.0665837
vn -0.816536 0.439176 0.374692
v -0.0563567 0.00041279 0.0360592
vn -0.87112 0.442511 0.212915
v -0.0594186 -0.00419366 0.0317945
vn -0.899848 0.414721 0.135202
v -0.0590019 -0.00350303 0.0323553
vn -0.894078 0.424132 0.144004
v -0.0580717 -0.00150489 0.0322376
vn -0.891716 0.425784 0.153462
v -0.0577326 -0.00145795 0.0339753
vn -0.889231 0.426539 0.165328
v 0.0264705 -0.0243628 0.0665837
vn 0.416689 0.00424035 0.909039
v 0.0325847 -0.0282786 0.0355884
vn 0.981744 0.0154791 0.189576
v 0.0328366 -0.0282786 0.0341484
vn 0.986259 0.0422528 0.15971
v 0.0331563 -0.0301896 0.0322376
vn 0.983445 -0.0883618 0.158205
v 0.0325943 -0.0315374 0.0341484
vn 0.963812 -0.210393 0.163712
v 0.0327494 -0.0322012 0.0322722
vn 0.953617 -0.256063 0.158257
v 0.0325459 -0.0332539 0.031663
vn 0.945341 -0.288648 0.151696
v 0.0322068 -0.0339445 0.0322722
vn 0.929469 -0.332533 0.159716
v 0.0314897 -0.0359292 0.0322376
vn 0.926593 -0.343641 0.152765
v 0.0317804 -0.0359292 0.0303268
vn 0.927064 -0.350491 0.133073
v 0.0305595 -0.0387857 0.0312337
vn 0.924156 -0.356541 0.137166
v 0.0300266 -0.0397579 0.0322376
vn 0.916551 -0.372876 0.144559
v 0.029232 -0.0416689 0.0322376
vn 0.911906 -0.387887 0.134054
v 0.0287282 -0.0427886 0.0322376
vn 0.901355 -0.414419 0.125758
v 0.0288638 -0.0430636 0.0303268
vn 0.903101 -0.41525 0.109434
v 0.0270228 -0.0470464 0.0303268
vn 0.901626 -0.417224 0.113996
v 0.0286603 -0.0426344 0.0332068
vn 0.896157 -0.417596 0.150051
v 0.0266643 -0.0462753 0.0346815
vn 0.888648 -0.423226 0.176592
v 0.0258213 -0.0474085 0.0360592
vn 0.878725 -0.432101 0.202807
v 0.0250946 -0.0488836 0.0360592
vn 0.87406 -0.440495 0.204897
v 0.0210346 -0.0426747 0.0665837
vn 0.529589 -0.285653 0.79871
v 0.0204823 -0.0436335 0.0665837
vn 0.302388 -0.17613 0.936771
v 0.0195036 -0.0453031 0.0665837
vn 0.398825 -0.23767 0.885693
v 0.0246004 -0.0498425 0.0360592
vn 0.861633 -0.462484 0.209039
v 0.0189416 -0.046215 0.0665837
vn 0.283009 -0.181767 0.941736
v 0.0181858 -0.0473549 0.0665837
vn 0.27802 -0.186737 0.942249
v -0.062122 -0.0129774 0.0360592
vn -0.925029 0.314449 0.213174
v -0.0550486 -0.0129774 0.0665837
vn -0.866816 0.287219 0.407598
v -0.0614728 -0.0110799 0.0359069
vn -0.922101 0.333067 0.196965
v -0.0612596 -0.0100741 0.0351661
vn -0.914949 0.357035 0.188135
v -0.0613565 -0.0098193 0.0341484
vn -0.918954 0.356963 0.16763
v -0.0615309 -0.00939017 0.0322376
vn -0.921489 0.358042 0.150547
v -0.0612306 -0.00823018 0.0311853
vn -0.920664 0.367151 0.132582
v -0.0616278 -0.00898116 0.0304583
vn -0.923131 0.367326 0.113584
v -0.0609592 -0.00733169 0.0304583
vn -0.917633 0.380425 0.115007
v -0.0613953 -0.00782116 0.028416
vn -0.921802 0.375019 0.0981897
v -0.0610077 -0.00686903 0.028416
vn -0.917361 0.385879 0.0977072
v -0.0601259 -0.00532684 0.0303268
vn -0.910955 0.395126 0.118475
v -0.0595155 -0.00396569 0.0303268
vn -0.905624 0.408502 0.113892
v -0.0571318 -0.0011294 0.0360592
vn -0.876133 0.439051 0.199061
v -0.0586337 -0.00341586 0.0341484
vn -0.88831 0.423853 0.176788
v -0.0576066 -0.00208153 0.0360592
vn -0.885579 0.424851 0.187754
v -0.0527134 -0.00724452 0.0665837
vn -0.846307 0.427166 0.318266
v -0.057471 -0.00234974 0.0372223
vn -0.876821 0.430949 0.213231
v -0.059312 -0.00441493 0.0330753
vn -0.89431 0.417997 0.159651
v -0.0597577 -0.00515921 0.0323553
vn -0.908812 0.392044 0.142695
v 0.0264705 -0.02445 0.0665837
vn 0.617889 -0.0425234 0.785115
v 0.0328172 -0.0301896 0.0341484
vn 0.980163 -0.0341951 0.195219
v 0.0324878 -0.0311753 0.0351384
vn 0.956305 -0.198349 0.214798
v 0.032323 -0.0324895 0.0341484
vn 0.938152 -0.284151 0.19781
v 0.0324393 -0.0329052 0.0329368
vn 0.941221 -0.289737 0.173652
v 0.0318386 -0.0340183 0.0341484
vn 0.929608 -0.320037 0.18277
v 0.0311506 -0.0359292 0.0341484
vn 0.92651 -0.33708 0.167204
v 0.0306855 -0.0371898 0.0341484
vn 0.923276 -0.348444 0.161705
v 0.0308502 -0.037619 0.0322376
vn 0.924098 -0.351374 0.150261
v 0.030482 -0.0385778 0.0322376
vn 0.922452 -0.355198 0.151381
v 0.0297068 -0.0397579 0.0341484
vn 0.917293 -0.361599 0.16679
v 0.0289317 -0.0417091 0.0339684
vn 0.908311 -0.385194 0.163088
v 0.0285344 -0.0423662 0.0344807
vn 0.892401 -0.41496 0.17728
v 0.0276526 -0.0435799 0.0360592
vn 0.891035 -0.41579 0.18214
v 0.0269743 -0.0450282 0.0360592
vn 0.888523 -0.419633 0.185565
v 0.0265189 -0.0459803 0.0360592
vn 0.883465 -0.427963 0.190626
v 0.026829 -0.0447264 0.0373954
vn 0.881143 -0.42687 0.203393
v 0.0215481 -0.0416689 0.0665837
vn 0.550311 -0.271591 0.789554
v -0.0613565 -0.0117236 0.0374439
vn -0.919409 0.330997 0.212433
v -0.05438 -0.0110665 0.0665837
vn -0.865712 0.315156 0.388869
v -0.061124 -0.0104496 0.03644
vn -0.91283 0.349543 0.211094
v -0.0608042 -0.00932312 0.0359069
vn -0.909917 0.360071 0.205914
v -0.0599418 -0.00724452 0.0360592
vn -0.908967 0.365604 0.20028
v -0.0603391 -0.00724452 0.0341484
vn -0.912322 0.370504 0.174342
v -0.061153 -0.00843804 0.0322376
vn -0.916899 0.368519 0.153261
v -0.0606686 -0.00724452 0.0322376
vn -0.911862 0.38467 0.143305
v -0.0592151 -0.00463621 0.0341484
vn -0.892089 0.412766 0.183853
v -0.0582365 -0.00341586 0.0360592
vn -0.888203 0.416362 0.194264
v -0.0533916 -0.0086459 0.0665837
vn -0.86226 0.398903 0.312065
v -0.0590116 -0.00507875 0.0360592
vn -0.889953 0.409342 0.201053
v -0.0588081 -0.00551458 0.0377831
vn -0.888018 0.40846 0.211153
v -0.057781 -0.00336222 0.0379008
vn -0.886325 0.411952 0.21148
v -0.0596415 -0.00559505 0.0341484
vn -0.906029 0.38921 0.166213
v 0.0262573 -0.0263677 0.0665837
vn 0.459925 -0.0628861 0.885728
v 0.0325556 -0.0301896 0.035443
vn 0.971588 -0.110155 0.20948
v 0.0321099 -0.031933 0.0358861
vn 0.937489 -0.276712 0.211058
v 0.0259472 -0.0282786 0.0665837
vn 0.384047 -0.070743 0.9206
v 0.0255693 -0.0301025 0.0665837
vn 0.379683 -0.0789334 0.921743
v 0.02555 -0.0301896 0.0665837
vn 0.373434 -0.0905453 0.923227
v 0.0250849 -0.0321006 0.0665837
vn 0.373226 -0.0909294 0.923274
v 0.0248426 -0.033093 0.0665837
vn 0.460241 -0.124528 0.879017
v 0.0314413 -0.0340183 0.0360592
vn 0.933084 -0.29286 0.208776
v 0.0308018 -0.035936 0.0359277
vn 0.925464 -0.326073 0.192856
v 0.0305886 -0.0369417 0.0352007
vn 0.921234 -0.344771 0.180167
v 0.0293289 -0.0397579 0.0360592
vn 0.914103 -0.352333 0.200691
v 0.0288057 -0.041052 0.0360592
vn 0.907126 -0.380492 0.179855
v 0.0283793 -0.0420108 0.0360592
vn 0.89265 -0.407462 0.192746
v 0.0271681 -0.0436938 0.0380046
vn 0.889885 -0.40901 0.202027
v 0.0225559 -0.0396037 0.0665837
vn 0.55373 -0.260418 0.790927
v -0.0538374 -0.0096785 0.0665837
vn -0.865053 0.338867 0.369936
v -0.0602616 -0.00915549 0.03797
vn -0.908829 0.360139 0.210545
v -0.059186 -0.00664776 0.0383023
vn -0.907668 0.363101 0.210467
v -0.0593314 -0.00627897 0.0370215
vn -0.895384 0.392354 0.210583
v -0.059438 -0.00603759 0.0360592
vn -0.902083 0.38802 0.188909
v -0.0537889 -0.0095578 0.0665837
vn -0.830611 0.358343 0.426234
v 0.0245616 -0.0340451 0.0665837
vn 0.522038 -0.158253 0.838112
v 0.0306855 -0.035299 0.0375062
vn 0.92262 -0.326457 0.205425
v 0.0239802 -0.0359292 0.0665837
vn 0.419247 -0.140534 0.896929
v 0.0304529 -0.0365796 0.0364746
vn 0.918208 -0.339721 0.203678
v 0.0301526 -0.037686 0.0359277
vn 0.914639 -0.349926 0.202454
v 0.0286894 -0.0407838 0.0371531
vn 0.903996 -0.376629 0.202342
v 0.0232341 -0.0380079 0.0665837
vn 0.696259 -0.260484 0.668858
v 0.0281952 -0.0415214 0.0378662
vn 0.891018 -0.406526 0.202049
v 0.0226624 -0.039369 0.0665837
vn 0.449171 -0.196337 0.871606
v -0.0538083 -0.00960474 0.0665837
vn -0.905101 0.360524 0.22542
v 0.0231372 -0.0382492 0.0665837
vn 0.323537 -0.135887 0.936407
f 1//1 2//2 3//3
f 1//1 3//3 4//4
f 1//1 4//4 5//5
f 1//1 5//5 6//6
f 1//1 6//6 7//7
f 1//1 7//7 8//8
f 1//1 8//8 9//9
f 1//1 9//9 2//2
f 2//2 10//10 11//11
f 2//2 11//11 12//12
f 2//2 12//12 13//13
f 2//2 13//13 14//14
f 2//2 14//14 3//3
f 2//2 9//9 15//15
f 2//2 15//15 10//10
f 3//3 14//14 16//16
f 3//3 16//16 17//17
f 3//3 17//17 4//4
f 4//4 17//17 45//45
f 4//4 45//45 18//18
f 4//4 18//18 19//19
f 4//4 19//19 5//5
f 5//5 19//19 6//6
f 6//6 20//20 21//21
f 6//6 21//21 22//22
f 6//6 22//22 7//7
f 6//6 19//19 23//23
f 6//6 23//23 20//20
f 7//7 22//22 24//24
f 7//7 24//24 8//8
f 8//8 24//24 25//25
f 8//8 25//25 26//26
f 8//8 26//26 27//27
f 8//8 27//27 9//9
f 9//9 27//27 28//28
f 9//9 28//28 29//29
f 9//9 29//29 30//30
f 9//9 30//30 31//31
f 9//9 31//31 32//32
f 9//9 32//32 33//33
f 9//9 33//33 15//15
f 10//10 34//34 11//11
f 10//10 15//15 35//35
f 10//10 35//35 34//34
f 11//11 34//34 36//36
f 11//11 36//36 37//37
f 11//11 37//37 38//38
f 11//11 38//38 12//12
f 12//12 38//38 39//39
f 12//12 39//39 13//13
f 13//13 39//39 40//40
f 13//13 40//40 14//14
f 14//14 40//40 41//41
f 14//14 41//41 16//16
f 15//15 33//33 42//42
f 15//15 42//42 35//35
f 16//16 43//43 44//44
f 16//16 44//44 17//17
f 16//16 41//41 43//43
f 17//17 44//44 88//88
f 17//17 88//88 45//45
f 18//18 45//45 46//46
f 18//18 46//46 47//47
f 18//18 47//47 19//19
f 19//19 48//48 23//23
f 19//19 47//47 48//48
f 20//20 49//49 50//50
f 20//20 50//50 51//51
f 20//20 51//51 52//52
f 20//20 52//52 21//21
f 20//20 23//23 53//53
f 20//20 53//53 49//49
f 21//21 52//52 22//22
f 22//22 52//52 54//54
f 22//22 54//54 55//55
f 22//22 55//55 56//56
f 22//22 56//56 57//57
f 22//22 57//57 24//24
f 23//23 48//48 53//53
f 24//24 57//57 25//25
f 25//25 58//58 59//59
f 25//25 59//59 26//26
f 25//25 57//57 58//58
f 26//26 59//59 60//60
f 26//26 60//60 61//61
f 26//26 61//61 27//27
f 27//27 61//61 28//28
f 28//28 62//62 29//29
f 28//28 61//61 63//63
f 28//28 63//63 62//62
f 29//29 62//62 64//64
f 29//29 64//64 65//65
f 29//29 65//65 66//66
f 29//29 66//66 30//30
f 30//30 66//66 67//67
f 30//30 67//67 31//31
f 31//31 67//67 32//32
f 32//32 67//67 33//33
f 33//33 67//67 68//68
f 33//33 68//68 69//69
f 33//33 69//69 70//70
f 33//33 70//70 42//42
f 34//34 71//71 72//72
f 34//34 72//72 36//36
f 34//34 35//35 73//73
f 34//34 73//73 74//74
f 34//34 74//74 71//71
f 35//35 42//42 73//73
f 36//36 75//75 37//37
f 36//36 72//72 76//76
f 36//36 76//76 75//75
f 37//37 77//77 38//38
f 37//37 75//75 77//77
f 38//38 77//77 78//78
f 38//38 78//78 39//39
f 39//39 78//78 79//79
f 39//39 79//79 80//80
f 39//39 80//80 81//81
f 39//39 81//81 40//40
f 40//40 81//81 82//82
f 40//40 82//82 41//41
f 41//41 82//82 83//83
f 41//41 83//83 43//43
f 42//42 84//84 85//85
f 42//42 85//85 74//74
f 42//42 74//74 73//73
f 42//42 70//70 84//84
f 43//43 86//86 87//87
f 43//43 87//87 44//44
f 43//43 83//83 86//86
f 44//44 87//87 144//144
f 44//44 144//144 88//88
f 45//45 88//88 89//89
f 45//45 89//89 90//90
f 45//45 90//90 91//91
f 45//45 91//91 46//46
f 46//46 92//92 47//47
f 46//46 91//91 148//148
f 46//46 148//148 92//92
f 47//47 92//92 93//93
f 47//47 93//93 48//48
f 48//48 94//94 53//53
f 48//48 93//93 94//94
f 49//49 53//53 95//95
f 49//49 95//95 96//96
f 49//49 96//96 50//50
f 50//50 96//96 97//97
f 50//50 97//97 51//51
f 51//51 97//97 98//98
f 51//51 98//98 99//99
f 51//51 99//99 52//52
f 52//52 99//99 100//100
f 52//52 100//100 55//55
f 52//52 55//55 54//54
f 53//53 94//94 95//95
f 55//55 100//100 101//101
f 55//55 101//101 102//102
f 55//55 102//102 57//57
f 55//55 57//57 56//56
f 57//57 102//102 103//103
f 57//57 103//103 58//58
f 58//58 103//103 104//104
f 58//58 104//104 105//105
f 58//58 105//105 59//59
f 59//59 105//105 106//106
f 59//59 106//106 60//60
f 60//60 106//106 107//107
f 60//60 107//107 108//108
f 60//60 108//108 61//61
f 61//61 108//108 63//63
f 62//62 109//109 64//64
f 62//62 63//63 109//109
f 63//63 108//108 110//110
f 63//63 110//110 111//111
f 63//63 111//111 112//112
f 63//63 112//112 109//109
f 64//64 112//112 111//111
f 64//64 111//111 113//113
f 64//64 113//113 114//114
f 64//64 114//114 115//115
f 64//64 115//115 65//65
f 64//64 109//109 112//112
f 65//65 115//115 66//66
f 66//66 115//115 116//116
f 66//66 116//116 67//67
f 67//67 116//116 117//117
f 67//67 117//117 68//68
f 68//68 117//117 118//118
f 68//68 118//118 119//119
f 68//68 119//119 69//69
f 69//69 119//119 70//70
f 70//70 120//120 121//121
f 70//70 121//121 122//122
f 70//70 122//122 84//84
f 70//70 119//119 123//123
f 70//70 123//123 120//120
f 71//71 124//124 72//72
f 71//71 74//74 124//124
f 72//72 124//124 125//125
f 72//72 125//125 126//126
f 72//72 126//126 127//127
f 72//72 127//127 128//128
f 72//72 128//128 76//76
f 74//74 85//85 129//129
f 74//74 129//129 124//124
f 75//75 76//76 130//130
f 75//75 130//130 131//131
f 75//75 131//131 77//77
f 76//76 128//128 130//130
f 77//77 131//131 132//132
f 77//77 132//132 78//78
f 78//78 132//132 133//133
f 78//78 133//133 79//79
f 79//79 134//134 80//80
f 79//79 133//133 134//134
f 80//80 134//134 135//135
f 80//80 135//135 136//136
f 80//80 136//136 81//81
f 81//81 136//136 137//137
f 81//81 137//137 82//82
f 82//82 137//137 138//138
f 82//82 138//138 139//139
f 82//82 139//139 86//86
f 82//82 86//86 83//83
f 84//84 122//122 85//85
f 85//85 122//122 140//140
f 85//85 140//140 141//141
f 85//85 141//141 129//129
f 86//86 142//142 143//143
f 86//86 143//143 144//144
f 86//86 144//144 87//87
f 86//86 139//139 142//142
f 88//88 144//144 89//89
f 89//89 145//145 146//146
f 89//89 146//146 90//90
f 89//89 144//144 143//143
f 89//89 143//143 147//147
f 89//89 147//147 145//145
f 90//90 146//146 148//148
f 90//90 148//148 91//91
f 92//92 149//149 93//93
f 92//92 148//148 150//150
f 92//92 150//150 151//151
f 92//92 151//151 149//149
f 93//93 149//149 152//152
f 93//93 152//152 94//94
f 94//94 153//153 95//95
f 94//94 152//152 153//153
f 95//95 154//154 155//155
f 95//95 155//155 96//96
f 95//95 153//153 154//154
f 96//96 155//155 97//97
f 97//97 156//156 157//157
f 97//97 157//157 158//158
f 97//97 158//158 98//98
f 97//97 155//155 159//159
f 97//97 159//159 156//156
f 98//98 158//158 99//99
f 99//99 158//158 160//160
f 99//99 160//160 101//101
f 99//99 101//101 100//100
f 101//101 161//161 162//162
f 101//101 162//162 163//163
f 101//101 163//163 102//102
f 101//101 160//160 161//161
f 102//102 163//163 164//164
f 102//102 164//164 103//103
f 103//103 164//164 165//165
f 103//103 165//165 104//104
f 104//104 166//166 167//167
f 104//104 167//167 105//105
f 104//104 165//165 166//166
f 105//105 167//167 106//106
f 106//106 167//167 168//168
f 106//106 168//168 169//169
f 106//106 169//169 107//107
f 107//107 169//169 170//170
f 107//107 170//170 108//108
f 108//108 170//170 110//110
f 110//110 170//170 171//171
f 110//110 171//171 172//172
f 110//110 172//172 173//173
f 110//110 173//173 111//111
f 111//111 173//173 113//113
f 113//113 174//174 175//175
f 113//113 175//175 176//176
f 113//113 176//176 177//177
f 113//113 177//177 114//114
f 113//113 173//173 174//174
f 114//114 177//177 178//178
f 114//114 178//178 179//179
f 114//114 179//179 115//115
f 115//115 179//179 180//180
f 115//115 180//180 181//181
f 115//115 181//181 116//116
f 116//116 181//181 117//117
f 117//117 181//181 118//118
f 118//118 181//181 182//182
f 118//118 182//182 119//119
f 119//119 183//183 123//123
f 119//119 182//182 184//184
f 119//119 184//184 183//183
f 120//120 123//123 183//183
f 120//120 183//183 121//121
f 121//121 183//183 122//122
f 122//122 183//183 185//185
f 122//122 185//185 186//186
f 122//122 186//186 187//187
f 122//122 187//187 188//188
f 122//122 188//188 140//140
f 124//124 189//189 190//190
f 124//124 190//190 125//125
f 124//124 129//129 189//189
f 125//125 190//190 126//126
f 126//126 191//191 128//128
f 126//126 128//128 127//127
f 126//126 190//190 192//192
f 126//126 192//192 193//193
f 126//126 193//193 194//194
f 126//126 194//194 191//191
f 128//128 191//191 195//195
f 128//128 195//195 196//196
f 128//128 196//196 197//197
f 128//128 197//197 130//130
f 129//129 141//141 198//198
f 129//129 198//198 192//192
f 129//129 192//192 190//190
f 129//129 190//190 189//189
f 130//130 197//197 199//199
f 130//130 199//199 131//131
f 131//131 199//199 132//132
f 132//132 200//200 133//133
f 132//132 199//199 200//200
f 133//133 200//200 201//201
f 133//133 201//201 134//134
f 134//134 201//201 202//202
f 134//134 202//202 203//203
f 134//134 203//203 135//135
f 135//135 204//204 136//136
f 135//135 203//203 202//202
f 135//135 202//202 205//205
f 135//135 205//205 206//206
f 135//135 206//206 207//207
f 135//135 207//207 204//204
f 136//136 204//204 137//137
f 137//137 204//204 138//138
f 138//138 204//204 208//208
f 138//138 208//208 209//209
f 138//138 209//209 139//139
f 139//139 209//209 142//142
f 140//140 188//188 210//210
f 140//140 210//210 141//141
f 141//141 210//210 211//211
f 141//141 211//211 198//198
f 142//142 212//212 143//143
f 142//142 209//209 212//212
f 143//143 212//212 213//213
f 143//143 213//213 214//214
f 143//143 214//214 147//147
f 145//145 215//215 146//146
f 145//145 147//147 216//216
f 145//145 216//216 217//217
f 145//145 217//217 215//215
f 146//146 215//215 150//150
f 146//146 150//150 148//148
f 147//147 214//214 216//216
f 149//149 218//218 152//152
f 149//149 151//151 219//219
f 149//149 219//219 218//218
f 150//150 220//220 219//219
f 150//150 219//219 151//151
f 150//150 215//215 220//220
f 152//152 218//218 153//153
f 153//153 218//218 221//221
f 153//153 221//221 154//154
f 154//154 221//221 222//222
f 154//154 222//222 155//155
f 155//155 222//222 159//159
f 156//156 159//159 223//223
f 156//156 223//223 224//224
f 156//156 224//224 225//225
f 156//156 225//225 226//226
f 156//156 226//226 227//227
f 156//156 227//227 157//157
f 157//157 227//227 228//228
f 157//157 228//228 158//158
f 158//158 228//228 160//160
f 159//159 222//222 223//223
f 160//160 228//228 229//229
f 160//160 229//229 230//230
f 160//160 230//230 231//231
f 160//160 231//231 232//232
f 160//160 232//232 161//161
f 161//161 232//232 231//231
f 161//161 231//231 233//233
f 161//161 233//233 162//162
f 162//162 233//233 234//234
f 162//162 234//234 235//235
f 162//162 235//235 163//163
f 163//163 236//236 164//164
f 163//163 235//235 236//236
f 164//164 236//236 237//237
f 164//164 237//237 165//165
f 165//165 237//237 238//238
f 165//165 238//238 166//166
f 166//166 239//239 240//240
f 166//166 240//240 167//167
f 166//166 238//238 239//239
f 167//167 240//240 241//241
f 167//167 241//241 168//168
f 168//168 241//241 242//242
f 168//168 242//242 169//169
f 169//169 242//242 243//243
f 169//169 243//243 244//244
f 169//169 244//244 170//170
f 170//170 244//244 171//171
f 171//171 245//245 172//172
f 171//171 244//244 246//246
f 171//171 246//246 247//247
f 171//171 247//247 245//245
f 172//172 245//245 174//174
f 172//172 174//174 173//173
f 174//174 245//245 175//175
f 175//175 245//245 248//248
f 175//175 248//248 176//176
f 176//176 248//248 249//249
f 176//176 249//249 177//177
f 177//177 249//249 250//250
f 177//177 250//250 178//178
f 178//178 250//250 251//251
f 178//178 251//251 252//252
f 178//178 252//252 179//179
f 179//179 252//252 253//253
f 179//179 253//253 254//254
f 179//179 254//254 255//255
f 179//179 255//255 180//180
f 180//180 255//255 181//181
f 181//181 256//256 182//182
f 181//181 255//255 256//256
f 182//182 256//256 184//184
f 183//183 257//257 185//185
f 183//183 184//184 256//256
f 183//183 256//256 258//258
f 183//183 258//258 259//259
f 183//183 259//259 257//257
f 185//185 260//260 186//186
f 185//185 257//257 260//260
f 186//186 261//261 187//187
f 186//186 260//260 261//261
f 187//187 262//262 188//188
f 187//187 261//261 262//262
f 188//188 263//263 264//264
f 188//188 264//264 210//210
f 188//188 262//262 263//263
f 191//191 194//194 265//265
f 191//191 265//265 195//195
f 192//192 266//266 267//267
f 192//192 267//267 268//268
f 192//192 268//268 193//193
f 192//192 198//198 266//266
f 193//193 268//268 269//269
f 193//193 269//269 270//270
f 193//193 270//270 194//194
f 194//194 270//270 271//271
f 194//194 271//271 265//265
f 195//195 265//265 272//272
f 195//195 272//272 273//273
f 195//195 273//273 196//196
f 196//196 273//273 274//274
f 196//196 274//274 275//275
f 196//196 275//275 276//276
f 196//196 276//276 197//197
f 197//197 277//277 199//199
f 197//197 276//276 277//277
f 198//198 211//211 266//266
f 199//199 277//277 278//278
f 199//199 278//278 200//200
f 200//200 278//278 279//279
f 200//200 279//279 280//280
f 200//200 280//280 201//201
f 201//201 280//280 202//202
f 202//202 280//280 281//281
f 202//202 281//281 205//205
f 204//204 207//207 208//208
f 205//205 281//281 282//282
f 205//205 282//282 206//206
f 206//206 283//283 284//284
f 206//206 284//284 285//285
f 206//206 285//285 207//207
f 206//206 282//282 283//283
f 207//207 285//285 286//286
f 207//207 286//286 208//208
f 208//208 286//286 287//287
f 208//208 287//287 209//209
f 209//209 288//288 289//289
f 209//209 289//289 212//212
f 209//209 287//287 290//290
f 209//209 290//290 288//288
f 210//210 264//264 291//291
f 210//210 291//291 292//292
f 210//210 292//292 293//293
f 210//210 293//293 211//211
f 211//211 294//294 295//295
f 211//211 295//295 267//267
f 211//211 267//267 266//266
f 211//211 293//293 296//296
f 211//211 296//296 294//294
f 212//212 289//289 297//297
f 212//212 297//297 213//213
f 213//213 297//297 214//214
f 214//214 297//297 298//298
f 214//214 298//298 299//299
f 214//214 299//299 216//216
f 215//215 217//217 220//220
f 216//216 299//299 217//217
f 217//217 299//299 300//300
f 217//217 300//300 301//301
f 217//217 301//301 220//220
f 218//218 302//302 303//303
f 218//218 303//303 221//221
f 218//218 219//219 304//304
f 218//218 304//304 302//302
f 219//219 220//220 304//304
f 220//220 301//301 305//305
f 220//220 305//305 304//304
f 221//221 306//306 307//307
f 221//221 307//307 308//308
f 221//221 308//308 222//222
f 221//221 303//303 306//306
f 222//222 308//308 223//223
f 223//223 308//308 224//224
f 224//224 309//309 226//226
f 224//224 226//226 225//225
f 224//224 308//308 309//309
f 226//226 310//310 311//311
f 226//226 311//311 227//227
f 226//226 309//309 310//310
f 227//227 311//311 229//229
f 227//227 229//229 228//228
f 229//229 311//311 312//312
f 229//229 312//312 313//313
f 229//229 313//313 314//314
f 229//229 314//314 315//315
f 229//229 315//315 316//316
f 229//229 316//316 317//317
f 229//229 317//317 318//318
f 229//229 318//318 231//231
f 229//229 231//231 230//230
f 231//231 318//318 319//319
f 231//231 319//319 234//234
f 231//231 234//234 233//233
f 234//234 320//320 321//321
f 234//234 321//321 235//235
f 234//234 319//319 322//322
f 234//234 322//322 320//320
f 235//235 321//321 323//323
f 235//235 323//323 236//236
f 236//236 323//323 237//237
f 237//237 323//323 324//324
f 237//237 324//324 238//238
f 238//238 324//324 239//239
f 239//239 325//325 240//240
f 239//239 324//324 325//325
f 240//240 325//325 326//326
f 240//240 326//326 241//241
f 241//241 326//326 327//327
f 241//241 327//327 242//242
f 242//242 327//327 243//243
f 243//243 327//327 328//328
f 243//243 328//328 329//329
f 243//243 329//329 330//330
f 243//243 330//330 244//244
f 244//244 330//330 246//246
f 245//245 247//247 331//331
f 245//245 331//331 248//248
f 246//246 330//330 332//332
f 246//246 332//332 333//333
f 246//246 333//333 247//247
f 247//247 333//333 334//334
f 247//247 334//334 331//331
f 248//248 335//335 336//336
f 248//248 336//336 337//337
f 248//248 337//337 249//249
f 248//248 331//331 334//334
f 248//248 334//334 335//335
f 249//249 337//337 338//338
f 249//249 338//338 250//250
f 250//250 338//338 251//251
f 251//251 338//338 339//339
f 251//251 339//339 340//340
f 251//251 340//340 341//341
f 251//251 341//341 342//342
f 251//251 342//342 252//252
f 252//252 342//342 343//343
f 252//252 343//343 253//253
f 253//253 343//343 344//344
f 253//253 344//344 254//254
f 254//254 344//344 255//255
f 255//255 344//344 256//256
f 256//256 345//345 258//258
f 256//256 344//344 345//345
f 257//257 259//259 345//345
f 257//257 345//345 260//260
f 258//258 345//345 259//259
f 260//260 346//346 261//261
f 260//260 345//345 346//346
f 261//261 346//346 262//262
f 262//262 346//346 347//347
f 262//262 347//347 263//263
f 263//263 348//348 264//264
f 263//263 347//347 348//348
f 264//264 348//348 291//291
f 265//265 271//271 272//272
f 267//267 295//295 349//349
f 267//267 349//349 350//350
f 267//267 350//350 269//269
f 267//267 269//269 268//268
f 269//269 350//350 270//270
f 270//270 351//351 271//271
f 270//270 350//350 352//352
f 270//270 352//352 351//351
f 271//271 351//351 353//353
f 271//271 353//353 272//272
f 272//272 354//354 273//273
f 272//272 353//353 354//354
f 273//273 354//354 355//355
f 273//273 355//355 274//274
f 274//274 355//355 275//275
f 275//275 356//356 357//357
f 275//275 357//357 276//276
f 275//275 355//355 356//356
f 276//276 357//357 358//358
f 276//276 358//358 277//277
f 277//277 358//358 359//359
f 277//277 359//359 278//278
f 278//278 359//359 360//360
f 278//278 360//360 361//361
f 278//278 361//361 279//279
f 279//279 361//361 362//362
f 279//279 362//362 280//280
f 280//280 362//362 363//363
f 280//280 363//363 281//281
f 281//281 363//363 282//282
f 282//282 363//363 364//364
f 282//282 364//364 283//283
f 283//283 364//364 365//365
f 283//283 365//365 284//284
f 284//284 366//366 285//285
f 284//284 365//365 367//367
f 284//284 367//367 366//366
f 285//285 366//366 368//368
f 285//285 368//368 286//286
f 286//286 368//368 287//287
f 287//287 368//368 290//290
f 288//288 369//369 370//370
f 288//288 370//370 298//298
f 288//288 298//298 297//297
f 288//288 297//297 289//289
f 288//288 290//290 371//371
f 288//288 371//371 369//369
f 290//290 368//368 371//371
f 291//291 348//348 292//292
f 292//292 296//296 293//293
f 292//292 348//348 372//372
f 292//292 372//372 296//296
f 294//294 349//349 295//295
f 294//294 296//296 372//372
f 294//294 372//372 373//373
f 294//294 373//373 374//374
f 294//294 374//374 375//375
f 294//294 375//375 349//349
f 298//298 370//370 376//376
f 298//298 376//376 299//299
f 299//299 376//376 377//377
f 299//299 377//377 300//300
f 300//300 378//378 379//379
f 300//300 379//379 301//301
f 300//300 377//377 378//378
f 301//301 380//380 305//305
f 301//301 379//379 381//381
f 301//301 381//381 380//380
f 302//302 304//304 382//382
f 302//302 382//382 306//306
f 302//302 306//306 303//303
f 304//304 305//305 382//382
f 305//305 380//380 383//383
f 305//305 383//383 382//382
f 306//306 384//384 385//385
f 306//306 385//385 307//307
f 306//306 382//382 384//384
f 307//307 385//385 386//386
f 307//307 386//386 387//387
f 307//307 387//387 308//308
f 308//308 387//387 309//309
f 309//309 387//387 310//310
f 310//310 387//387 388//388
f 310//310 388//388 313//313
f 310//310 313//313 311//311
f 311//311 313//313 312//312
f 313//313 388//388 389//389
f 313//313 389//389 390//390
f 313//313 390//390 314//314
f 314//314 390//390 391//391
f 314//314 391//391 392//392
f 314//314 392//392 393//393
f 314//314 393//393 316//316
f 314//314 316//316 315//315
f 316//316 393//393 317//317
f 317//317 393//393 394//394
f 317//317 394//394 395//395
f 317//317 395//395 318//318
f 318//318 395//395 319//319
f 319//319 395//395 322//322
f 320//320 322//322 396//396
f 320//320 396//396 397//397
f 320//320 397//397 321//321
f 321//321 397//397 398//398
f 321//321 398//398 323//323
f 322//322 395//395 399//399
f 322//322 399//399 396//396
f 323//323 398//398 400//400
f 323//323 400//400 324//324
f 324//324 400//400 401//401
f 324//324 401//401 325//325
f 325//325 401//401 402//402
f 325//325 402//402 403//403
f 325//325 403//403 326//326
f 326//326 404//404 327//327
f 326//326 403//403 404//404
f 327//327 404//404 405//405
f 327//327 405//405 328//328
f 328//328 405//405 406//406
f 328//328 406//406 329//329
f 329//329 407//407 330//330
f 329//329 406//406 407//407
f 330//330 407//407 332//332
f 332//332 408//408 409//409
f 332//332 409//409 333//333
f 332//332 407//407 408//408
f 333//333 409//409 410//410
f 333//333 410//410 334//334
f 334//334 410//410 411//411
f 334//334 411//411 336//336
f 334//334 336//336 335//335
f 336//336 412//412 413//413
f 336//336 413//413 337//337
f 336//336 411//411 412//412
f 337//337 413//413 338//338
f 338//338 413//413 414//414
f 338//338 414//414 415//415
f 338//338 415//415 339//339
f 339//339 415//415 416//416
f 339//339 416//416 340//340
f 340//340 416//416 417//417
f 340//340 417//417 341//341
f 341//341 417//417 418//418
f 341//341 418//418 419//419
f 341//341 419//419 342//342
f 342//342 419//419 343//343
f 343//343 419//419 420//420
f 343//343 420//420 344//344
f 344//344 420//420 345//345
f 345//345 420//420 421//421
f 345//345 421//421 422//422
f 345//345 422//422 346//346
f 346//346 422//422 423//423
f 346//346 423//423 347//347
f 347//347 423//423 348//348
f 348//348 424//424 425//425
f 348//348 425//425 426//426
f 348//348 426//426 372//372
f 348//348 423//423 427//427
f 348//348 427//427 424//424
f 349//349 375//375 428//428
f 349//349 428//428 350//350
f 350//350 428//428 375//375
f 350//350 375//375 429//429
f 350//350 429//429 430//430
f 350//350 430//430 352//352
f 351//351 352//352 431//431
f 351//351 431//431 432//432
f 351//351 432//432 353//353
f 352//352 430//430 431//431
f 353//353 432//432 433//433
f 353//353 433//433 434//434
f 353//353 434//434 354//354
f 354//354 434//434 435//435
f 354//354 435//435 436//436
f 354//354 436//436 437//437
f 354//354 437//437 356//356
f 354//354 356//356 355//355
f 356//356 438//438 439//439
f 356//356 439//439 358//358
f 356//356 358//358 357//357
f 356//356 437//437 438//438
f 358//358 440//440 441//441
f 358//358 441//441 442//442
f 358//358 442//442 359//359
f 358//358 439//439 440//440
f 359//359 442//442 360//360
f 360//360 442//442 443//443
f 360//360 443//443 361//361
f 361//361 443//443 362//362
f 362//362 444//444 363//363
f 362//362 443//443 444//444
f 363//363 444//444 445//445
f 363//363 445//445 364//364
f 364//364 445//445 446//446
f 364//364 446//446 365//365
f 365//365 446//446 447//447
f 365//365 447//447 367//367
f 366//366 448//448 368//368
f 366//366 367//367 449//449
f 366//366 449//449 450//450
f 366//366 450//450 448//448
f 367//367 447//447 451//451
f 367//367 451//451 452//452
f 367//367 452//452 449//449
f 368//368 448//448 371//371
f 369//369 453//453 370//370
f 369//369 371//371 448//448
f 369//369 448//448 454//454
f 369//369 454//454 453//453
f 370//370 453//453 455//455
f 370//370 455//455 376//376
f 372//372 456//456 373//373
f 372//372 426//426 457//457
f 372//372 457//457 458//458
f 372//372 458//458 456//456
f 373//373 456//456 374//374
f 374//374 456//456 459//459
f 374//374 459//459 429//429
f 374//374 429//429 460//460
f 374//374 460//460 375//375
f 375//375 460//460 429//429
f 376//376 455//455 461//461
f 376//376 461//461 377//377
f 377//377 461//461 462//462
f 377//377 462//462 378//378
f 378//378 462//462 381//381
f 378//378 381//381 379//379
f 380//380 381//381 383//383
f 381//381 462//462 463//463
f 381//381 463//463 464//464
f 381//381 464//464 383//383
f 382//382 383//383 465//465
f 382//382 465//465 384//384
f 383//383 466//466 465//465
f 383//383 464//464 466//466
f 384//384 467//467 385//385
f 384//384 465//465 467//467
f 385//385 467//467 468//468
f 385//385 468//468 386//386
f 386//386 468//468 469//469
f 386//386 469//469 470//470
f 386//386 470//470 387//387
f 387//387 470//470 471//471
f 387//387 471//471 388//388
f 388//388 472//472 389//389
f 388//388 471//471 473//473
f 388//388 473//473 472//472
f 389//389 472//472 390//390
f 390//390 474//474 391//391
f 390//390 472//472 474//474
f 391//391 474//474 392//392
f 392//392 474//474 475//475
f 392//392 475//475 476//476
f 392//392 476//476 477//477
f 392//392 477//477 393//393
f 393//393 477//477 394//394
f 394//394 477//477 478//478
f 394//394 478//478 395//395
f 395//395 478//478 399//399
f 396//396 479//479 397//397
f 396//396 399//399 479//479
f 397//397 480//480 398//398
f 397//397 479//479 480//480
f 398//398 480//480 481//481
f 398//398 481//481 400//400
f 399//399 478//478 482//482
f 399//399 482//482 483//483
f 399//399 483//483 479//479
f 400//400 484//484 401//401
f 400//400 481//481 484//484
f 401//401 484//484 402//402
f 402//402 485//485 486//486
f 402//402 486//486 403//403
f 402//402 484//484 485//485
f 403//403 486//486 487//487
f 403//403 487//487 404//404
f 404//404 487//487 488//488
f 404//404 488//488 405//405
f 405//405 488//488 489//489
f 405//405 489//489 406//406
f 406//406 489//489 490//490
f 406//406 490//490 407//407
f 407//407 490//490 491//491
f 407//407 491//491 408//408
f 408//408 491//491 492//492
f 408//408 492//492 493//493
f 408//408 493//493 494//494
f 408//408 494//494 409//409
f 409//409 494//494 495//495
f 409//409 495//495 410//410
f 410//410 495//495 496//496
f 410//410 496//496 411//411
f 411//411 496//496 497//497
f 411//411 497//497 412//412
f 412//412 498//498 499//499
f 412//412 499//499 500//500
f 412//412 500//500 413//413
f 412//412 497//497 498//498
f 413//413 500//500 501//501
f 413//413 501//501 414//414
f 414//414 501//501 502//502
f 414//414 502//502 415//415
f 415//415 502//502 503//503
f 415//415 503//503 504//504
f 415//415 504//504 416//416
f 416//416 504//504 505//505
f 416//416 505//505 417//417
f 417//417 505//505 506//506
f 417//417 506//506 507//507
f 417//417 507//507 418//418
f 418//418 507//507 419//419
f 419//419 507//507 508//508
f 419//419 508//508 420//420
f 420//420 508//508 421//421
f 421//421 508//508 422//422
f 422//422 509//509 423//423
f 422//422 508//508 509//509
f 423//423 510//510 427//427
f 423//423 509//509 510//510
f 424//424 427//427 425//425
f 425//425 511//511 512//512
f 425//425 512//512 513//513
f 425//425 513//513 514//514
f 425//425 514//514 515//515
f 425//425 515//515 516//516
f 425//425 516//516 456//456
f 425//425 456//456 458//458
f 425//425 458//458 457//457
f 425//425 457//457 426//426
f 425//425 427//427 510//510
f 425//425 510//510 511//511
f 429//429 517//517 431//431
f 429//429 431//431 430//430
f 429//429 459//459 518//518
f 429//429 518//518 517//517
f 431//431 517//517 432//432
f 432//432 517//517 519//519
f 432//432 519//519 433//433
f 433//433 520//520 521//521
f 433//433 521//521 434//434
f 433//433 519//519 522//522
f 433//433 522//522 520//520
f 434//434 523//523 435//435
f 434//434 521//521 523//523
f 435//435 524//524 525//525
f 435//435 525//525 436//436
f 435//435 523//523 524//524
f 436//436 525//525 438//438
f 436//436 438//438 437//437
f 438//438 526//526 527//527
f 438//438 527//527 528//528
f 438//438 528//528 440//440
f 438//438 440//440 439//439
f 438//438 525//525 524//524
f 438//438 524//524 526//526
f 440//440 528//528 441//441
f 441//441 528//528 529//529
f 441//441 529//529 530//530
f 441//441 530//530 442//442
f 442//442 530//530 443//443
f 443//443 530//530 444//444
f 444//444 530//530 531//531
f 444//444 531//531 445//445
f 445//445 531//531 532//532
f 445//445 532//532 446//446
f 446//446 532//532 533//533
f 446//446 533//533 447//447
f 447//447 533//533 451//451
f 448//448 450//450 534//534
f 448//448 534//534 454//454
f 449//449 452//452 535//535
f 449//449 535//535 450//450
f 450//450 535//535 536//536
f 450//450 536//536 534//534
f 451//451 537//537 538//538
f 451//451 538//538 539//539
f 451//451 539//539 452//452
f 451//451 533//533 540//540
f 451//451 540//540 537//537
f 452//452 539//539 541//541
f 452//452 541//541 535//535
f 453//453 454//454 542//542
f 453//453 542//542 543//543
f 453//453 543//543 544//544
f 453//453 544//544 455//455
f 454//454 534//534 545//545
f 454//454 545//545 542//542
f 455//455 544//544 461//461
f 456//456 516//516 518//518
f 456//456 518//518 459//459
f 461//461 544//544 546//546
f 461//461 546//546 547//547
f 461//461 547//547 548//548
f 461//461 548//548 462//462
f 462//462 548//548 463//463
f 463//463 548//548 549//549
f 463//463 549//549 550//550
f 463//463 550//550 464//464
f 464//464 550//550 551//551
f 464//464 551//551 466//466
f 465//465 466//466 552//552
f 465//465 552//552 553//553
f 465//465 553//553 554//554
f 465//465 554//554 467//467
f 466//466 551//551 555//555
f 466//466 555//555 552//552
f 467//467 554//554 556//556
f 467//467 556//556 468//468
f 468//468 556//556 557//557
f 468//468 557//557 469//469
f 469//469 557//557 558//558
f 469//469 558//558 559//559
f 469//469 559//559 560//560
f 469//469 560//560 561//561
f 469//469 561//561 473//473
f 469//469 473//473 471//471
f 469//469 471//471 470//470
f 472//472 473//473 561//561
f 472//472 561//561 562//562
f 472//472 562//562 475//475
f 472//472 475//475 474//474
f 475//475 559//559 563//563
f 475//475 563//563 476//476
f 475//475 562//562 559//559
f 476//476 563//563 564//564
f 476//476 564//564 565//565
f 476//476 565//565 566//566
f 476//476 566//566 567//567
f 476//476 567//567 477//477
f 477//477 567//567 478//478
f 478//478 567//567 566//566
f 478//478 566//566 482//482
f 479//479 483//483 568//568
f 479//479 568//568 569//569
f 479//479 569//569 480//480
f 480//480 570//570 481//481
f 480//480 569//569 570//570
f 481//481 570//570 571//571
f 481//481 571//571 484//484
f 482//482 566//566 572//572
f 482//482 572//572 568//568
f 482//482 568//568 483//483
f 484//484 571//571 485//485
f 485//485 573//573 486//486
f 485//485 571//571 574//574
f 485//485 574//574 573//573
f 486//486 573//573 575//575
f 486//486 575//575 487//487
f 487//487 575//575 576//576
f 487//487 576//576 488//488
f 488//488 576//576 577//577
f 488//488 577//577 489//489
f 489//489 578//578 490//490
f 489//489 577//577 578//578
f 490//490 578//578 579//579
f 490//490 579//579 491//491
f 491//491 579//579 492//492
f 492//492 580//580 581//581
f 492//492 581//581 582//582
f 492//492 582//582 493//493
f 492//492 579//579 583//583
f 492//492 583//583 580//580
f 493//493 582//582 494//494
f 494//494 582//582 584//584
f 494//494 584//584 495//495
f 495//495 584//584 585//585
f 495//495 585//585 496//496
f 496//496 585//585 497//497
f 497//497 585//585 586//586
f 497//497 586//586 587//587
f 497//497 587//587 498//498
f 498//498 588//588 499//499
f 498//498 587//587 588//588
f 499//499 589//589 500//500
f 499//499 588//588 590//590
f 499//499 590//590 591//591
f 499//499 591//591 592//592
f 499//499 592//592 589//589
f 500//500 589//589 501//501
f 501//501 589//589 593//593
f 501//501 593//593 502//502
f 502//502 593//593 503//503
f 503//503 594//594 595//595
f 503//503 595//595 504//504
f 503//503 593//593 596//596
f 503//503 596//596 597//597
f 503//503 597//597 594//594
f 504//504 595//595 505//505
f 505//505 595//595 594//594
f 505//505 594//594 506//506
f 506//506 594//594 598//598
f 506//506 598//598 599//599
f 506//506 599//599 507//507
f 507//507 599//599 600//600
f 507//507 600//600 508//508
f 508//508 600//600 509//509
f 509//509 601//601 510//510
f 509//509 600//600 601//601
f 510//510 601//601 511//511
f 511//511 602//602 603//603
f 511//511 603//603 512//512
f 511//511 601//601 602//602
f 512//512 603//603 604//604
f 512//512 604//604 513//513
f 513//513 522//522 605//605
f 513//513 605//605 606//606
f 513//513 606//606 514//514
f 513//513 604//604 607//607
f 513//513 607//607 522//522
f 514//514 606//606 608//608
f 514//514 608//608 516//516
f 514//514 516//516 515//515
f 516//516 608//608 518//518
f 517//517 518//518 608//608
f 517//517 608//608 519//519
f 519//519 608//608 606//606
f 519//519 606//606 605//605
f 519//519 605//605 522//522
f 520//520 523//523 521//521
f 520//520 522//522 523//523
f 522//522 607//607 523//523
f 523//523 607//607 524//524
f 524//524 607//607 609//609
f 524//524 609//609 610//610
f 524//524 610//610 526//526
f 526//526 611//611 612//612
f 526//526 612//612 527//527
f 526//526 610//610 611//611
f 527//527 612//612 613//613
f 527//527 613//613 614//614
f 527//527 614//614 528//528
f 528//528 614//614 529//529
f 529//529 615//615 530//530
f 529//529 614//614 532//532
f 529//529 532//532 615//615
f 530//530 615//615 531//531
f 531//531 615//615 532//532
f 532//532 614//614 616//616
f 532//532 616//616 540//540
f 532//532 540//540 533//533
f 534//534 536//536 545//545
f 535//535 541//541 617//617
f 535//535 617//617 536//536
f 536//536 618//618 545//545
f 536//536 617//617 619//619
f 536//536 619//619 618//618
f 537//537 620//620 621//621
f 537//537 621//621 538//538
f 537//537 540//540 620//620
f 538//538 621//621 622//622
f 538//538 622//622 539//539
f 539//539 622//622 623//623
f 539//539 623//623 541//541
f 540//540 616//616 613//613
f 540//540 613//613 620//620
f 541//541 623//623 624//624
f 541//541 624//624 625//625
f 541//541 625//625 617//617
f 542//542 626//626 627//627
f 542//542 627//627 543//543
f 542//542 545//545 626//626
f 543//543 627//627 544//544
f 544//544 627//627 628//628
f 544//544 628//628 629//629
f 544//544 629//629 630//630
f 544//544 630//630 547//547
f 544//544 547//547 546//546
f 545//545 618//618 631//631
f 545//545 631//631 627//627
f 545//545 627//627 626//626
f 547//547 549//549 548//548
f 547//547 630//630 632//632
f 547//547 632//632 633//633
f 547//547 633//633 549//549
f 549//549 633//633 550//550
f 550//550 634//634 635//635
f 550//550 635//635 551//551
f 550//550 633//633 636//636
f 550//550 636//636 634//634
f 551//551 635//635 555//555
f 552//552 555//555 637//637
f 552//552 637//637 638//638
f 552//552 638//638 639//639
f 552//552 639//639 553//553
f 553//553 640//640 641//641
f 553//553 641//641 642//642
f 553//553 642//642 554//554
f 553//553 639//639 643//643
f 553//553 643//643 640//640
f 554//554 642//642 644//644
f 554//554 644//644 645//645
f 554//554 645//645 646//646
f 554//554 646//646 647//647
f 554//554 647//647 648//648
f 554//554 648//648 556//556
f 555//555 635//635 649//649
f 555//555 649//649 650//650
f 555//555 650//650 637//637
f 556//556 648//648 651//651
f 556//556 651//651 652//652
f 556//556 652//652 557//557
f 557//557 652//652 558//558
f 558//558 652//652 653//653
f 558//558 653//653 559//559
f 559//559 565//565 564//564
f 559//559 564//564 563//563
f 559//559 562//562 560//560
f 559//559 653//653 654//654
f 559//559 654//654 655//655
f 559//559 655//655 656//656
f 559//559 656//656 566//566
f 559//559 566//566 565//565
f 560//560 562//562 561//561
f 566//566 656//656 657//657
f 566//566 657//657 572//572
f 568//568 572//572 658//658
f 568//568 658//658 659//659
f 568//568 659//659 660//660
f 568//568 660//660 569//569
f 569//569 660//660 570//570
f 570//570 660//660 661//661
f 570//570 661//661 571//571
f 571//571 661//661 574//574
f 572//572 662//662 658//658
f 572//572 657//657 663//663
f 572//572 663//663 662//662
f 573//573 574//574 664//664
f 573//573 664//664 665//665
f 573//573 665//665 575//575
f 574//574 661//661 666//666
f 574//574 666//666 664//664
f 575//575 665//665 667//667
f 575//575 667//667 576//576
f 576//576 667//667 577//577
f 577//577 667//667 578//578
f 578//578 667//667 668//668
f 578//578 668//668 579//579
f 579//579 668//668 583//583
f 580//580 669//669 581//581
f 580//580 583//583 670//670
f 580//580 670//670 669//669
f 581//581 671//671 672//672
f 581//581 672//672 673//673
f 581//581 673//673 582//582
f 581//581 669//669 671//671
f 582//582 673//673 674//674
f 582//582 674//674 584//584
f 583//583 668//668 675//675
f 583//583 675//675 676//676
f 583//583 676//676 677//677
f 583//583 677//677 678//678
f 583//583 678//678 670//670
f 584//584 674//674 679//679
f 584//584 679//679 585//585
f 585//585 679//679 680//680
f 585//585 680//680 586//586
f 586//586 681//681 587//587
f 586//586 680//680 682//682
f 586//586 682//682 681//681
f 587//587 681//681 683//683
f 587//587 683//683 590//590
f 587//587 590//590 588//588
f 589//589 592//592 684//684
f 589//589 684//684 593//593
f 590//590 685//685 591//591
f 590//590 683//683 685//685
f 591//591 685//685 686//686
f 591//591 686//686 687//687
f 591//591 687//687 688//688
f 591//591 688//688 689//689
f 591//591 689//689 684//684
f 591//591 684//684 592//592
f 593//593 684//684 596//596
f 594//594 597//597 690//690
f 594//594 690//690 691//691
f 594//594 691//691 692//692
f 594//594 692//692 598//598
f 596//596 690//690 597//597
f 596//596 684//684 689//689
f 596//596 689//689 693//693
f 596//596 693//693 690//690
f 598//598 692//692 694//694
f 598//598 694//694 599//599
f 599//599 695//695 697//697
f 599//599 697//697 600//600
f 599//599 694//694 696//696
f 599//599 696//696 695//695
f 600//600 697//697 698//698
f 600//600 698//698 699//699
f 600//600 699//699 601//601
f 601//601 699//699 700//700
f 601//601 700//700 701//701
f 601//601 701//701 602//602
f 602//602 701//701 700//700
f 602//602 700//700 702//702
f 602//602 702//702 703//703
f 602//602 703//703 603//603
f 603//603 703//703 604//604
f 604//604 703//703 704//704
f 604//604 704//704 609//609
f 604//604 609//609 607//607
f 609//609 704//704 610//610
f 610//610 704//704 705//705
f 610//610 705//705 611//611
f 611//611 706//706 707//707
f 611//611 707//707 612//612
f 611//611 705//705 706//706
f 612//612 707//707 708//708
f 612//612 708//708 613//613
f 613//613 708//708 620//620
f 613//613 616//616 614//614
f 617//617 625//625 709//709
f 617//617 709//709 619//619
f 618//618 619//619 710//710
f 618//618 710//710 711//711
f 618//618 711//711 631//631
f 619//619 709//709 712//712
f 619//619 712//712 710//710
f 620//620 713//713 621//621
f 620//620 708//708 713//713
f 621//621 713//713 714//714
f 621//621 714//714 622//622
f 622//622 714//714 715//715
f 622//622 715//715 624//624
f 622//622 624//624 623//623
f 624//624 715//715 716//716
f 624//624 716//716 625//625
f 625//625 716//716 717//717
f 625//625 717//717 718//718
f 625//625 718//718 709//709
f 627//627 631//631 711//711
f 627//627 711//711 719//719
f 627//627 719//719 720//720
f 627//627 720//720 628//628
f 628//628 720//720 721//721
f 628//628 721//721 629//629
f 629//629 721//721 720//720
f 629//629 720//720 722//722
f 629//629 722//722 632//632
f 629//629 632//632 630//630
f 632//632 722//722 723//723
f 632//632 723//723 636//636
f 632//632 636//636 633//633
f 634//634 724//724 635//635
f 634//634 636//636 725//725
f 634//634 725//725 724//724
f 635//635 724//724 649//649
f 636//636 723//723 726//726
f 636//636 726//726 727//727
f 636//636 727//727 728//728
f 636//636 728//728 725//725
f 637//637 650//650 729//729
f 637//637 729//729 638//638
f 638//638 729//729 730//730
f 638//638 730//730 639//639
f 639//639 730//730 731//731
f 639//639 731//731 643//643
f 640//640 643//643 732//732
f 640//640 732//732 733//733
f 640//640 733//733 734//734
f 640//640 734//734 735//735
f 640//640 735//735 641//641
f 641//641 735//735 736//736
f 641//641 736//736 642//642
f 642//642 736//736 644//644
f 643//643 731//731 737//737
f 643//643 737//737 847//847
f 643//643 847//847 738//738
f 643//643 738//738 736//736
f 643//643 736//736 739//739
f 643//643 739//739 740//740
f 643//643 740//740 732//732
f 644//644 741//741 742//742
f 644//644 742//742 645//645
f 644//644 736//736 743//743
f 644//644 743//743 741//741
f 645//645 742//742 646//646
f 646//646 742//742 744//744
f 646//646 744//744 745//745
f 646//646 745//745 746//746
f 646//646 746//746 647//647
f 647//647 746//746 747//747
f 647//647 747//747 748//748
f 647//647 748//748 648//648
f 648//648 748//748 749//749
f 648//648 749//749 750//750
f 648//648 750//750 751//751
f 648//648 751//751 752//752
f 648//648 752//752 651//651
f 649//649 724//724 753//753
f 649//649 753//753 754//754
f 649//649 754//754 755//755
f 649//649 755//755 650//650
f 650//650 755//755 754//754
f 650//650 754//754 756//756
f 650//650 756//756 757//757
f 650//650 757//757 758//758
f 650//650 758//758 729//729
f 651//651 752//752 759//759
f 651//651 759//759 654//654
f 651//651 654//654 653//653
f 651//651 653//653 652//652
f 654//654 759//759 760//760
f 654//654 760//760 655//655
f 655//655 760//760 761//761
f 655//655 761//761 656//656
f 656//656 761//761 762//762
f 656//656 762//762 662//662
f 656//656 662//662 663//663
f 656//656 663//663 657//657
f 658//658 662//662 762//762
f 658//658 762//762 659//659
f 659//659 762//762 660//660
f 660//660 762//762 763//763
f 660//660 763//763 666//666
f 660//660 666//666 661//661
f 664//664 666//666 764//764
f 664//664 764//764 765//765
f 664//664 765//765 665//665
f 665//665 765//765 667//667
f 666//666 763//763 764//764
f 667//667 676//676 675//675
f 667//667 675//675 668//668
f 667//667 765//765 676//676
f 669//669 766//766 671//671
f 669//669 670//670 678//678
f 669//669 678//678 767//767
f 669//669 767//767 766//766
f 671//671 766//766 768//768
f 671//671 768//768 672//672
f 672//672 768//768 769//769
f 672//672 769//769 673//673
f 673//673 769//769 770//770
f 673//673 770//770 674//674
f 674//674 770//770 771//771
f 674//674 771//771 679//679
f 676//676 765//765 772//772
f 676//676 772//772 677//677
f 677//677 767//767 678//678
f 677//677 772//772 767//767
f 679//679 771//771 680//680
f 680//680 771//771 773//773
f 680//680 773//773 682//682
f 681//681 774//774 683//683
f 681//681 682//682 774//774
f 682//682 773//773 775//775
f 682//682 775//775 776//776
f 682//682 776//776 683//683
f 682//682 683//683 774//774
f 683//683 776//776 777//777
f 683//683 777//777 686//686
f 683//683 686//686 685//685
f 686//686 777//777 778//778
f 686//686 778//778 779//779
f 686//686 779//779 687//687
f 687//687 779//779 688//688
f 688//688 780//780 689//689
f 688//688 779//779 781//781
f 688//688 781//781 780//780
f 689//689 780//780 693//693
f 690//690 693//693 780//780
f 690//690 780//780 782//782
f 690//690 782//782 783//783
f 690//690 783//783 784//784
f 690//690 784//784 691//691
f 691//691 784//784 785//785
f 691//691 785//785 692//692
f 692//692 785//785 786//786
f 692//692 786//786 694//694
f 694//694 786//786 787//787
f 694//694 787//787 696//696
f 695//695 696//696 788//788
f 695//695 788//788 789//789
f 695//695 789//789 697//697
f 696//696 787//787 790//790
f 696//696 790//790 788//788
f 697//697 789//789 791//791
f 697//697 791//791 792//792
f 697//697 792//792 793//793
f 697//697 793//793 794//794
f 697//697 794//794 795//795
f 697//697 795//795 796//796
f 697//697 796//796 698//698
f 698//698 796//796 699//699
f 699//699 796//796 797//797
f 699//699 797//797 798//798
f 699//699 798//798 799//799
f 699//699 799//799 700//700
f 700//700 800//800 801//801
f 700//700 801//801 802//802
f 700//700 802//802 703//703
f 700//700 703//703 702//702
f 700//700 799//799 800//800
f 703//703 802//802 704//704
f 704//704 803//803 705//705
f 704//704 802//802 803//803
f 705//705 803//803 804//804
f 705//705 804//804 706//706
f 706//706 805//805 707//707
f 706//706 804//804 805//805
f 707//707 805//805 806//806
f 707//707 806//806 807//807
f 707//707 807//807 808//808
f 707//707 808//808 809//809
f 707//707 809//809 708//708
f 708//708 809//809 810//810
f 708//708 810//810 811//811
f 708//708 811//811 812//812
f 708//708 812//812 813//813
f 708//708 813//813 713//713
f 709//709 718//718 712//712
f 710//710 814//814 711//711
f 710//710 712//712 815//815
f 710//710 815//815 816//816
f 710//710 816//816 817//817
f 710//710 817//817 818//818
f 710//710 818//818 814//814
f 711//711 814//814 818//818
f 711//711 818//818 719//719
f 712//712 718//718 815//815
f 713//713 813//813 819//819
f 713//713 819//819 820//820
f 713//713 820//820 714//714
f 714//714 820//820 821//821
f 714//714 821//821 715//715
f 715//715 821//821 716//716
f 716//716 822//822 823//823
f 716//716 823//823 824//824
f 716//716 824//824 717//717
f 716//716 821//821 825//825
f 716//716 825//825 822//822
f 717//717 824//824 718//718
f 718//718 824//824 826//826
f 718//718 826//826 827//827
f 718//718 827//827 815//815
f 719//719 818//818 720//720
f 720//720 818//818 817//817
f 720//720 817//817 828//828
f 720//720 828//828 829//829
f 720//720 829//829 830//830
f 720//720 830//830 722//722
f 722//722 830//830 726//726
f 722//722 726//726 723//723
f 724//724 725//725 831//831
f 724//724 831//831 832//832
f 724//724 832//832 753//753
f 725//725 728//728 831//831
f 726//726 830//830 833//833
f 726//726 833//833 834//834
f 726//726 834//834 835//835
f 726//726 835//835 727//727
f 727//727 835//835 728//728
f 728//728 835//835 836//836
f 728//728 836//836 837//837
f 728//728 837//837 831//831
f 729//729 758//758 838//838
f 729//729 838//838 839//839
f 729//729 839//839 840//840
f 729//729 840//840 841//841
f 729//729 841//841 730//730
f 730//730 841//841 842//842
f 730//730 842//842 843//843
f 730//730 843//843 844//844
f 730//730 844//844 731//731
f 731//731 844//844 845//845
f 731//731 845//845 737//737
f 732//732 740//740 734//734
f 732//732 734//734 733//733
f 734//734 740//740 736//736
f 734//734 736//736 735//735
f 736//736 846//846 985//985
f 736//736 985//985 1133//1133
f 736//736 1133//1133 1260//1260
f 736//736 1260//1260 1363//1363
f 736//736 1363//1363 1444//1444
f 736//736 1444//1444 1522//1522
f 736//736 1522//1522 1598//1598
f 736//736 1598//1598 1667//1667
f 736//736 1667//1667 1666//1666
f 736//736 1666//1666 1665//1665
f 736//736 1665//1665 1722//1722
f 736//736 1722//1722 1789//1789
f 736//736 1789//1789 1788//1788
f 736//736 1788//1788 1787//1787
f 736//736 1787//1787 1786//1786
f 736//736 1786//1786 1785//1785
f 736//736 1785//1785 1784//1784
f 736//736 1784//1784 1783//1783
f 736//736 1783//1783 1782//1782
f 736//736 1782//1782 1792//1792
f 736//736 1792//1792 1840//1840
f 736//736 1840//1840 1872//1872
f 736//736 1872//1872 1898//1898
f 736//736 1898//1898 1908//1908
f 736//736 1908//1908 1893//1893
f 736//736 1893//1893 1863//1863
f 736//736 1863//1863 1825//1825
f 736//736 1825//1825 1760//1760
f 736//736 1760//1760 1759//1759
f 736//736 1759//1759 1758//1758
f 736//736 1758//1758 1757//1757
f 736//736 1757//1757 1696//1696
f 736//736 1696//1696 1633//1633
f 736//736 1633//1633 1571//1571
f 736//736 1571//1571 1497//1497
f 736//736 1497//1497 1417//1417
f 736//736 1417//1417 1335//1335
f 736//736 1335//1335 1222//1222
f 736//736 1222//1222 1219//1219
f 736//736 1219//1219 1085//1085
f 736//736 1085//1085 935//935
f 736//736 935//935 1084//1084
f 736//736 1084//1084 1218//1218
f 736//736 1218//1218 1217//1217
f 736//736 1217//1217 1216//1216
f 736//736 1216//1216 1215//1215
f 736//736 1215//1215 1212//1212
f 736//736 1212//1212 1214//1214
f 736//736 1214//1214 1213//1213
f 736//736 1213//1213 1211//1211
f 736//736 1211//1211 1207//1207
f 736//736 1207//1207 1210//1210
f 736//736 1210//1210 1206//1206
f 736//736 1206//1206 1205//1205
f 736//736 1205//1205 1204//1204
f 736//736 1204//1204 1203//1203
f 736//736 1203//1203 1072//1072
f 736//736 1072//1072 1071//1071
f 736//736 1071//1071 1070//1070
f 736//736 1070//1070 1202//1202
f 736//736 1202//1202 1201//1201
f 736//736 1201//1201 1068//1068
f 736//736 1068//1068 1067//1067
f 736//736 1067//1067 1066//1066
f 736//736 1066//1066 1065//1065
f 736//736 1065//1065 1064//1064
f 736//736 1064//1064 922//922
f 736//736 922//922 921//921
f 736//736 921//921 1063//1063
f 736//736 1063//1063 915//915
f 736//736 915//915 1062//1062
f 736//736 1062//1062 913//913
f 736//736 913//913 1061//1061
f 736//736 1061//1061 1200//1200
f 736//736 1200//1200 1331//1331
f 736//736 1331//1331 1410//1410
f 736//736 1410//1410 1488//1488
f 736//736 1488//1488 1491//1491
f 736//736 1491//1491 1563//1563
f 736//736 1563//1563 1627//1627
f 736//736 1627//1627 1689//1689
f 736//736 1689//1689 1752//1752
f 736//736 1752//1752 1751//1751
f 736//736 1751//1751 1750//1750
f 736//736 1750//1750 1749//1749
f 736//736 1749//1749 1823//1823
f 736//736 1823//1823 1822//1822
f 736//736 1822//1822 1820//1820
f 736//736 1820//1820 1819//1819
f 736//736 1819//1819 1818//1818
f 736//736 1818//1818 1861//1861
f 736//736 1861//1861 1892//1892
f 736//736 1892//1892 1907//1907
f 736//736 1907//1907 1909//1909
f 736//736 1909//1909 1905//1905
f 736//736 1905//1905 1901//1901
f 736//736 1901//1901 1899//1899
f 736//736 1899//1899 1884//1884
f 736//736 1884//1884 1883//1883
f 736//736 1883//1883 1882//1882
f 736//736 1882//1882 1881//1881
f 736//736 1881//1881 1880//1880
f 736//736 1880//1880 1877//1877
f 736//736 1877//1877 1844//1844
f 736//736 1844//1844 1798//1798
f 736//736 1798//1798 1728//1728
f 736//736 1728//1728 1668//1668
f 736//736 1668//1668 1599//1599
f 736//736 1599//1599 1526//1526
f 736//736 1526//1526 1449//1449
f 736//736 1449//1449 1369//1369
f 736//736 1369//1369 1288//1288
f 736//736 1288//1288 1151//1151
f 736//736 1151//1151 1287//1287
f 736//736 1287//1287 1286//1286
f 736//736 1286//1286 1283//1283
f 736//736 1283//1283 1282//1282
f 736//736 1282//1282 1281//1281
f 736//736 1281//1281 1280//1280
f 736//736 1280//1280 1277//1277
f 736//736 1277//1277 1276//1276
f 736//736 1276//1276 1275//1275
f 736//736 1275//1275 1274//1274
f 736//736 1274//1274 1273//1273
f 736//736 1273//1273 1272//1272
f 736//736 1272//1272 1271//1271
f 736//736 1271//1271 1279//1279
f 736//736 1279//1279 1266//1266
f 736//736 1266//1266 1265//1265
f 736//736 1265//1265 1264//1264
f 736//736 1264//1264 1139//1139
f 736//736 1139//1139 1138//1138
f 736//736 1138//1138 1137//1137
f 736//736 1137//1137 1136//1136
f 736//736 1136//1136 1002//1002
f 736//736 1002//1002 1001//1001
f 736//736 1001//1001 1000//1000
f 736//736 1000//1000 998//998
f 736//736 998//998 997//997
f 736//736 997//997 996//996
f 736//736 996//996 994//994
f 736//736 994//994 992//992
f 736//736 992//992 991//991
f 736//736 991//991 990//990
f 736//736 990//990 989//989
f 736//736 989//989 854//854
f 736//736 854//854 853//853
f 736//736 853//853 852//852
f 736//736 852//852 988//988
f 736//736 988//988 987//987
f 736//736 987//987 849//849
f 736//736 849//849 848//848
f 736//736 848//848 743//743
f 736//736 740//740 739//739
f 736//736 738//738 847//847
f 736//736 847//847 846//846
f 737//737 845//845 847//847
f 741//741 744//744 742//742
f 741//741 743//743 744//744
f 743//743 848//848 744//744
f 744//744 848//848 849//849
f 744//744 849//849 745//745
f 745//745 850//850 746//746
f 745//745 849//849 850//850
f 746//746 850//850 851//851
f 746//746 851//851 747//747
f 747//747 851//851 852//852
f 747//747 852//852 853//853
f 747//747 853//853 854//854
f 747//747 854//854 855//855
f 747//747 855//855 748//748
f 748//748 855//855 856//856
f 748//748 856//856 857//857
f 748//748 857//857 749//749
f 749//749 857//857 858//858
f 749//749 858//858 859//859
f 749//749 859//859 750//750
f 750//750 860//860 861//861
f 750//750 861//861 862//862
f 750//750 862//862 863//863
f 750//750 863//863 864//864
f 750//750 864//864 751//751
f 750//750 859//859 860//860
f 751//751 864//864 759//759
f 751//751 759//759 752//752
f 753//753 832//832 754//754
f 754//754 832//832 865//865
f 754//754 865//865 866//866
f 754//754 866//866 756//756
f 756//756 866//866 757//757
f 757//757 867//867 838//838
f 757//757 838//838 758//758
f 757//757 866//866 868//868
f 757//757 868//868 867//867
f 759//759 864//864 760//760
f 760//760 869//869 870//870
f 760//760 870//870 871//871
f 760//760 871//871 872//872
f 760//760 872//872 761//761
f 760//760 864//864 873//873
f 760//760 873//873 869//869
f 761//761 872//872 762//762
f 762//762 872//872 874//874
f 762//762 874//874 763//763
f 763//763 874//874 772//772
f 763//763 772//772 765//765
f 763//763 765//765 764//764
f 766//766 875//875 768//768
f 766//766 767//767 875//875
f 767//767 876//876 875//875
f 767//767 772//772 877//877
f 767//767 877//877 876//876
f 768//768 875//875 878//878
f 768//768 878//878 879//879
f 768//768 879//879 769//769
f 769//769 879//879 880//880
f 769//769 880//880 881//881
f 769//769 881//881 882//882
f 769//769 882//882 770//770
f 770//770 882//882 883//883
f 770//770 883//883 771//771
f 771//771 883//883 884//884
f 771//771 884//884 773//773
f 772//772 874//874 877//877
f 773//773 884//884 775//775
f 775//775 885//885 776//776
f 775//775 884//884 885//885
f 776//776 885//885 886//886
f 776//776 886//886 887//887
f 776//776 887//887 778//778
f 776//776 778//778 777//777
f 778//778 888//888 779//779
f 778//778 887//887 889//889
f 778//778 889//889 888//888
f 779//779 888//888 781//781
f 780//780 781//781 890//890
f 780//780 890//890 891//891
f 780//780 891//891 782//782
f 781//781 888//888 892//892
f 781//781 892//892 893//893
f 781//781 893//893 894//894
f 781//781 894//894 895//895
f 781//781 895//895 890//890
f 782//782 891//891 783//783
f 783//783 891//891 896//896
f 783//783 896//896 897//897
f 783//783 897//897 898//898
f 783//783 898//898 784//784
f 784//784 898//898 785//785
f 785//785 899//899 786//786
f 785//785 898//898 900//900
f 785//785 900//900 899//899
f 786//786 899//899 901//901
f 786//786 901//901 787//787
f 787//787 901//901 902//902
f 787//787 902//902 790//790
f 788//788 903//903 789//789
f 788//788 790//790 903//903
f 789//789 903//903 904//904
f 789//789 904//904 1050//1050
f 789//789 1050//1050 905//905
f 789//789 905//905 791//791
f 790//790 902//902 906//906
f 790//790 906//906 907//907
f 790//790 907//907 908//908
f 790//790 908//908 909//909
f 790//790 909//909 903//903
f 791//791 905//905 910//910
f 791//791 910//910 911//911
f 791//791 911//911 912//912
f 791//791 912//912 792//792
f 792//792 913//913 793//793
f 792//792 912//912 913//913
f 793//793 913//913 914//914
f 793//793 914//914 794//794
f 794//794 914//914 795//795
f 795//795 914//914 915//915
f 795//795 915//915 916//916
f 795//795 916//916 796//796
f 796//796 917//917 918//918
f 796//796 918//918 797//797
f 796//796 916//916 917//917
f 797//797 918//918 919//919
f 797//797 919//919 798//798
f 798//798 920//920 799//799
f 798//798 919//919 918//918
f 798//798 918//918 921//921
f 798//798 921//921 922//922
f 798//798 922//922 920//920
f 799//799 920//920 923//923
f 799//799 923//923 800//800
f 800//800 923//923 801//801
f 801//801 923//923 924//924
f 801//801 924//924 925//925
f 801//801 925//925 926//926
f 801//801 926//926 927//927
f 801//801 927//927 928//928
f 801//801 928//928 929//929
f 801//801 929//929 802//802
f 802//802 929//929 930//930
f 802//802 930//930 931//931
f 802//802 931//931 803//803
f 803//803 931//931 932//932
f 803//803 932//932 933//933
f 803//803 933//933 804//804
f 804//804 933//933 805//805
f 805//805 934//934 935//935
f 805//805 935//935 806//806
f 805//805 933//933 936//936
f 805//805 936//936 934//934
f 806//806 935//935 937//937
f 806//806 937//937 938//938
f 806//806 938//938 807//807
f 807//807 939//939 940//940
f 807//807 940//940 808//808
f 807//807 938//938 939//939
f 808//808 940//940 941//941
f 808//808 941//941 942//942
f 808//808 942//942 809//809
f 809//809 942//942 943//943
f 809//809 943//943 810//810
f 810//810 943//943 944//944
f 810//810 944//944 945//945
f 810//810 945//945 946//946
f 810//810 946//946 811//811
f 811//811 947//947 948//948
f 811//811 948//948 949//949
f 811//811 949//949 950//950
f 811//811 950//950 951//951
f 811//811 951//951 812//812
f 811//811 946//946 947//947
f 812//812 951//951 813//813
f 813//813 951//951 819//819
f 815//815 827//827 816//816
f 816//816 827//827 952//952
f 816//816 952//952 953//953
f 816//816 953//953 954//954
f 816//816 954//954 828//828
f 816//816 828//828 817//817
f 819//819 951//951 955//955
f 819//819 955//955 956//956
f 819//819 956//956 957//957
f 819//819 957//957 820//820
f 820//820 957//957 821//821
f 821//821 957//957 825//825
f 822//822 825//825 958//958
f 822//822 958//958 959//959
f 822//822 959//959 960//960
f 822//822 960//960 823//823
f 823//823 960//960 961//961
f 823//823 961//961 824//824
f 824//824 961//961 826//826
f 825//825 962//962 958//958
f 825//825 957//957 962//962
f 826//826 963//963 952//952
f 826//826 952//952 827//827
f 826//826 961//961 963//963
f 828//828 954//954 964//964
f 828//828 964//964 965//965
f 828//828 965//965 829//829
f 829//829 965//965 964//964
f 829//829 964//964 966//966
f 829//829 966//966 833//833
f 829//829 833//833 830//830
f 831//831 837//837 967//967
f 831//831 967//967 832//832
f 832//832 967//967 968//968
f 832//832 968//968 865//865
f 833//833 966//966 969//969
f 833//833 969//969 970//970
f 833//833 970//970 971//971
f 833//833 971//971 972//972
f 833//833 972//972 834//834
f 834//834 972//972 835//835
f 835//835 972//972 973//973
f 835//835 973//973 836//836
f 836//836 973//973 974//974
f 836//836 974//974 837//837
f 837//837 974//974 975//975
f 837//837 975//975 967//967
f 838//838 867//867 839//839
f 839//839 867//867 976//976
f 839//839 976//976 977//977
f 839//839 977//977 840//840
f 840//840 977//977 978//978
f 840//840 978//978 979//979
f 840//840 979//979 980//980
f 840//840 980//980 981//981
f 840//840 981//981 841//841
f 841//841 981//981 842//842
f 842//842 981//981 843//843
f 843//843 981//981 982//982
f 843//843 982//982 983//983
f 843//843 983//983 984//984
f 843//843 984//984 845//845
f 843//843 845//845 844//844
f 845//845 984//984 847//847
f 846//846 847//847 984//984
f 846//846 984//984 986//986
f 846//846 986//986 985//985
f 849//849 987//987 850//850
f 850//850 987//987 851//851
f 851//851 987//987 988//988
f 851//851 988//988 852//852
f 854//854 989//989 855//855
f 855//855 989//989 990//990
f 855//855 990//990 991//991
f 855//855 991//991 992//992
f 855//855 992//992 856//856
f 856//856 993//993 857//857
f 856//856 992//992 994//994
f 856//856 994//994 993//993
f 857//857 993//993 858//858
f 858//858 993//993 859//859
f 859//859 993//993 995//995
f 859//859 995//995 860//860
f 860//860 995//995 996//996
f 860//860 996//996 997//997
f 860//860 997//997 998//998
f 860//860 998//998 861//861
f 861//861 998//998 862//862
f 862//862 999//999 863//863
f 862//862 998//998 1000//1000
f 862//862 1000//1000 1001//1001
f 862//862 1001//1001 1002//1002
f 862//862 1002//1002 999//999
f 863//863 999//999 1003//1003
f 863//863 1003//1003 1004//1004
f 863//863 1004//1004 873//873
f 863//863 873//873 1005//1005
f 863//863 1005//1005 864//864
f 864//864 1005//1005 873//873
f 865//865 968//968 866//866
f 866//866 968//968 1006//1006
f 866//866 1006//1006 868//868
f 867//867 868//868 1009//1009
f 867//867 1009//1009 976//976
f 868//868 1006//1006 1007//1007
f 868//868 1007//1007 1008//1008
f 868//868 1008//1008 1009//1009
f 869//869 1010//1010 1011//1011
f 869//869 1011//1011 870//870
f 869//869 873//873 1004//1004
f 869//869 1004//1004 1010//1010
f 870//870 1011//1011 1012//1012
f 870//870 1012//1012 1013//1013
f 870//870 1013//1013 877//877
f 870//870 877//877 871//871
f 871//871 877//877 872//872
f 872//872 877//877 874//874
f 875//875 1014//1014 1015//1015
f 875//875 1015//1015 878//878
f 875//875 876//876 1014//1014
f 876//876 1016//1016 1017//1017
f 876//876 1017//1017 1018//1018
f 876//876 1018//1018 1019//1019
f 876//876 1019//1019 1014//1014
f 876//876 877//877 1016//1016
f 877//877 1013//1013 1016//1016
f 878//878 1015//1015 1020//1020
f 878//878 1020//1020 880//880
f 878//878 880//880 879//879
f 880//880 1020//1020 1021//1021
f 880//880 1021//1021 1022//1022
f 880//880 1022//1022 881//881
f 881//881 883//883 882//882
f 881//881 1022//1022 883//883
f 883//883 1022//1022 1023//1023
f 883//883 1023//1023 884//884
f 884//884 1023//1023 1022//1022
f 884//884 1022//1022 1024//1024
f 884//884 1024//1024 1025//1025
f 884//884 1025//1025 885//885
f 885//885 1025//1025 886//886
f 886//886 1026//1026 889//889
f 886//886 889//889 887//887
f 886//886 1025//1025 1027//1027
f 886//886 1027//1027 1028//1028
f 886//886 1028//1028 1029//1029
f 886//886 1029//1029 1026//1026
f 888//888 889//889 1030//1030
f 888//888 1030//1030 893//893
f 888//888 893//893 892//892
f 889//889 1026//1026 1031//1031
f 889//889 1031//1031 1032//1032
f 889//889 1032//1032 1033//1033
f 889//889 1033//1033 1034//1034
f 889//889 1034//1034 1035//1035
f 889//889 1035//1035 1030//1030
f 890//890 895//895 1036//1036
f 890//890 1036//1036 891//891
f 891//891 1036//1036 896//896
f 893//893 1030//1030 1034//1034
f 893//893 1034//1034 1037//1037
f 893//893 1037//1037 1038//1038
f 893//893 1038//1038 1039//1039
f 893//893 1039//1039 895//895
f 893//893 895//895 894//894
f 895//895 1039//1039 1040//1040
f 895//895 1040//1040 1041//1041
f 895//895 1041//1041 1036//1036
f 896//896 1036//1036 1042//1042
f 896//896 1042//1042 1043//1043
f 896//896 1043//1043 897//897
f 897//897 1043//1043 1044//1044
f 897//897 1044//1044 898//898
f 898//898 1044//1044 900//900
f 899//899 900//900 901//901
f 900//900 1044//1044 1045//1045
f 900//900 1045//1045 1046//1046
f 900//900 1046//1046 901//901
f 901//901 906//906 902//902
f 901//901 1046//1046 906//906
f 903//903 909//909 1047//1047
f 903//903 1047//1047 1048//1048
f 903//903 1048//1048 1049//1049
f 903//903 1049//1049 1051//1051
f 903//903 1051//1051 904//904
f 904//904 1051//1051 1050//1050
f 905//905 1050//1050 1052//1052
f 905//905 1052//1052 1053//1053
f 905//905 1053//1053 910//910
f 906//906 1046//1046 1054//1054
f 906//906 1054//1054 907//907
f 907//907 1054//1054 1055//1055
f 907//907 1055//1055 1056//1056
f 907//907 1056//1056 908//908
f 908//908 1057//1057 1048//1048
f 908//908 1048//1048 1047//1047
f 908//908 1047//1047 909//909
f 908//908 1056//1056 1058//1058
f 908//908 1058//1058 1059//1059
f 908//908 1059//1059 1057//1057
f 910//910 1053//1053 1192//1192
f 910//910 1192//1192 1060//1060
f 910//910 1060//1060 911//911
f 911//911 1060//1060 913//913
f 911//911 913//913 912//912
f 913//913 1062//1062 914//914
f 913//913 1060//1060 1061//1061
f 914//914 1062//1062 915//915
f 915//915 1063//1063 918//918
f 915//915 918//918 917//917
f 915//915 917//917 916//916
f 918//918 1063//1063 921//921
f 920//920 922//922 1064//1064
f 920//920 1064//1064 1065//1065
f 920//920 1065//1065 1066//1066
f 920//920 1066//1066 1067//1067
f 920//920 1067//1067 1068//1068
f 920//920 1068//1068 1069//1069
f 920//920 1069//1069 923//923
f 923//923 1069//1069 924//924
f 924//924 1069//1069 1070//1070
f 924//924 1070//1070 1071//1071
f 924//924 1071//1071 1072//1072
f 924//924 1072//1072 925//925
f 925//925 1072//1072 1073//1073
f 925//925 1073//1073 926//926
f 926//926 1073//1073 1074//1074
f 926//926 1074//1074 927//927
f 927//927 1074//1074 928//928
f 928//928 1075//1075 929//929
f 928//928 1074//1074 1075//1075
f 929//929 1076//1076 1077//1077
f 929//929 1077//1077 930//930
f 929//929 1075//1075 1076//1076
f 930//930 1077//1077 1078//1078
f 930//930 1078//1078 931//931
f 931//931 1079//1079 1080//1080
f 931//931 1080//1080 932//932
f 931//931 1078//1078 1079//1079
f 932//932 1080//1080 1081//1081
f 932//932 1081//1081 1082//1082
f 932//932 1082//1082 933//933
f 933//933 1082//1082 936//936
f 934//934 936//936 1083//1083
f 934//934 1083//1083 1084//1084
f 934//934 1084//1084 935//935
f 935//935 1085//1085 1086//1086
f 935//935 1086//1086 1087//1087
f 935//935 1087//1087 939//939
f 935//935 939//939 938//938
f 935//935 938//938 937//937
f 936//936 1082//1082 1084//1084
f 936//936 1084//1084 1088//1088
f 936//936 1088//1088 1083//1083
f 939//939 1087//1087 1089//1089
f 939//939 1089//1089 940//940
f 940//940 1089//1089 941//941
f 941//941 1089//1089 1090//1090
f 941//941 1090//1090 1091//1091
f 941//941 1091//1091 942//942
f 942//942 1091//1091 1092//1092
f 942//942 1092//1092 943//943
f 943//943 1092//1092 944//944
f 944//944 1093//1093 1094//1094
f 944//944 1094//1094 1095//1095
f 944//944 1095//1095 945//945
f 944//944 1092//1092 1093//1093
f 945//945 1095//1095 1096//1096
f 945//945 1096//1096 1097//1097
f 945//945 1097//1097 947//947
f 945//945 947//947 946//946
f 947//947 1097//1097 1098//1098
f 947//947 1098//1098 948//948
f 948//948 1098//1098 1099//1099
f 948//948 1099//1099 1100//1100
f 948//948 1100//1100 949//949
f 949//949 1100//1100 1101//1101
f 949//949 1101//1101 955//955
f 949//949 955//955 951//951
f 949//949 951//951 950//950
f 952//952 1102//1102 1103//1103
f 952//952 1103//1103 1104//1104
f 952//952 1104//1104 1105//1105
f 952//952 1105//1105 1106//1106
f 952//952 1106//1106 954//954
f 952//952 954//954 953//953
f 952//952 963//963 1107//1107
f 952//952 1107//1107 1108//1108
f 952//952 1108//1108 1102//1102
f 954//954 1106//1106 966//966
f 954//954 966//966 964//964
f 955//955 1101//1101 1231//1231
f 955//955 1231//1231 1109//1109
f 955//955 1109//1109 956//956
f 956//956 1109//1109 962//962
f 956//956 962//962 957//957
f 958//958 962//962 1110//1110
f 958//958 1110//1110 1111//1111
f 958//958 1111//1111 959//959
f 959//959 1112//1112 1113//1113
f 959//959 1113//1113 960//960
f 959//959 1111//1111 1112//1112
f 960//960 1113//1113 1114//1114
f 960//960 1114//1114 961//961
f 961//961 1114//1114 1115//1115
f 961//961 1115//1115 1108//1108
f 961//961 1108//1108 963//963
f 962//962 1109//1109 1110//1110
f 963//963 1108//1108 1107//1107
f 966//966 970//970 969//969
f 966//966 1106//1106 1104//1104
f 966//966 1104//1104 970//970
f 967//967 975//975 1116//1116
f 967//967 1116//1116 968//968
f 968//968 1116//1116 1117//1117
f 968//968 1117//1117 1006//1006
f 970//970 1118//1118 1119//1119
f 970//970 1119//1119 1120//1120
f 970//970 1120//1120 972//972
f 970//970 972//972 971//971
f 970//970 1104//1104 1118//1118
f 972//972 1120//1120 1121//1121
f 972//972 1121//1121 1122//1122
f 972//972 1122//1122 973//973
f 973//973 1122//1122 974//974
f 974//974 1123//1123 1124//1124
f 974//974 1124//1124 975//975
f 974//974 1122//1122 1125//1125
f 974//974 1125//1125 1123//1123
f 975//975 1124//1124 1116//1116
f 976//976 1009//1009 1126//1126
f 976//976 1126//1126 977//977
f 977//977 1126//1126 978//978
f 978//978 1126//1126 1127//1127
f 978//978 1127//1127 979//979
f 979//979 1127//1127 980//980
f 980//980 1128//1128 982//982
f 980//980 982//982 981//981
f 980//980 1127//1127 1129//1129
f 980//980 1129//1129 1128//1128
f 982//982 1128//1128 1130//1130
f 982//982 1130//1130 1131//1131
f 982//982 1131//1131 983//983
f 983//983 1131//1131 1132//1132
f 983//983 1132//1132 984//984
f 984//984 1132//1132 986//986
f 985//985 986//986 1134//1134
f 985//985 1134//1134 1135//1135
f 985//985 1135//1135 1133//1133
f 986//986 1132//1132 1135//1135
f 986//986 1135//1135 1134//1134
f 993//993 994//994 996//996
f 993//993 996//996 995//995
f 999//999 1002//1002 1136//1136
f 999//999 1136//1136 1137//1137
f 999//999 1137//1137 1003//1003
f 1003//1003 1137//1137 1138//1138
f 1003//1003 1138//1138 1139//1139
f 1003//1003 1139//1139 1140//1140
f 1003//1003 1140//1140 1141//1141
f 1003//1003 1141//1141 1010//1010
f 1003//1003 1010//1010 1004//1004
f 1006//1006 1117//1117 1142//1142
f 1006//1006 1142//1142 1007//1007
f 1007//1007 1142//1142 1143//1143
f 1007//1007 1143//1143 1008//1008
f 1008//1008 1144//1144 1126//1126
f 1008//1008 1126//1126 1009//1009
f 1008//1008 1143//1143 1144//1144
f 1010//1010 1141//1141 1145//1145
f 1010//1010 1145//1145 1146//1146
f 1010//1010 1146//1146 1011//1011
f 1011//1011 1147//1147 1012//1012
f 1011//1011 1146//1146 1147//1147
f 1012//1012 1147//1147 1148//1148
f 1012//1012 1148//1148 1013//1013
f 1013//1013 1149//1149 1150//1150
f 1013//1013 1150//1150 1151//1151
f 1013//1013 1151//1151 1152//1152
f 1013//1013 1152//1152 1016//1016
f 1013//1013 1148//1148 1149//1149
f 1014//1014 1019//1019 1018//1018
f 1014//1014 1018//1018 1153//1153
f 1014//1014 1153//1153 1015//1015
f 1015//1015 1153//1153 1154//1154
f 1015//1015 1154//1154 1155//1155
f 1015//1015 1155//1155 1020//1020
f 1016//1016 1152//1152 1156//1156
f 1016//1016 1156//1156 1157//1157
f 1016//1016 1157//1157 1158//1158
f 1016//1016 1158//1158 1159//1159
f 1016//1016 1159//1159 1017//1017
f 1017//1017 1160//1160 1161//1161
f 1017//1017 1161//1161 1162//1162
f 1017//1017 1162//1162 1018//1018
f 1017//1017 1159//1159 1160//1160
f 1018//1018 1162//1162 1163//1163
f 1018//1018 1163//1163 1164//1164
f 1018//1018 1164//1164 1165//1165
f 1018//1018 1165//1165 1153//1153
f 1020//1020 1155//1155 1166//1166
f 1020//1020 1166//1166 1021//1021
f 1021//1021 1166//1166 1305//1305
f 1021//1021 1305//1305 1167//1167
f 1021//1021 1167//1167 1022//1022
f 1022//1022 1167//1167 1168//1168
f 1022//1022 1168//1168 1024//1024
f 1024//1024 1169//1169 1025//1025
f 1024//1024 1168//1168 1169//1169
f 1025//1025 1169//1169 1027//1027
f 1026//1026 1029//1029 1032//1032
f 1026//1026 1032//1032 1031//1031
f 1027//1027 1169//1169 1028//1028
f 1028//1028 1169//1169 1170//1170
f 1028//1028 1170//1170 1029//1029
f 1029//1029 1170//1170 1032//1032
f 1030//1030 1035//1035 1034//1034
f 1032//1032 1171//1171 1172//1172
f 1032//1032 1172//1172 1034//1034
f 1032//1032 1034//1034 1033//1033
f 1032//1032 1170//1170 1173//1173
f 1032//1032 1173//1173 1174//1174
f 1032//1032 1174//1174 1171//1171
f 1034//1034 1172//1172 1175//1175
f 1034//1034 1175//1175 1176//1176
f 1034//1034 1176//1176 1037//1037
f 1036//1036 1041//1041 1042//1042
f 1037//1037 1177//1177 1038//1038
f 1037//1037 1176//1176 1178//1178
f 1037//1037 1178//1178 1179//1179
f 1037//1037 1179//1179 1177//1177
f 1038//1038 1177//1177 1180//1180
f 1038//1038 1180//1180 1039//1039
f 1039//1039 1180//1180 1040//1040
f 1040//1040 1042//1042 1041//1041
f 1040//1040 1180//1180 1042//1042
f 1042//1042 1181//1181 1043//1043
f 1042//1042 1180//1180 1182//1182
f 1042//1042 1182//1182 1181//1181
f 1043//1043 1181//1181 1183//1183
f 1043//1043 1183//1183 1044//1044
f 1044//1044 1183//1183 1045//1045
f 1045//1045 1184//1184 1054//1054
f 1045//1045 1054//1054 1046//1046
f 1045//1045 1183//1183 1185//1185
f 1045//1045 1185//1185 1184//1184
f 1048//1048 1057//1057 1186//1186
f 1048//1048 1186//1186 1187//1187
f 1048//1048 1187//1187 1049//1049
f 1049//1049 1187//1187 1051//1051
f 1050//1050 1051//1051 1052//1052
f 1051//1051 1187//1187 1188//1188
f 1051//1051 1188//1188 1189//1189
f 1051//1051 1189//1189 1190//1190
f 1051//1051 1190//1190 1191//1191
f 1051//1051 1191//1191 1192//1192
f 1051//1051 1192//1192 1053//1053
f 1051//1051 1053//1053 1052//1052
f 1054//1054 1184//1184 1193//1193
f 1054//1054 1193//1193 1055//1055
f 1055//1055 1193//1193 1056//1056
f 1056//1056 1193//1193 1194//1194
f 1056//1056 1194//1194 1058//1058
f 1057//1057 1059//1059 1186//1186
f 1058//1058 1194//1194 1059//1059
f 1059//1059 1194//1194 1193//1193
f 1059//1059 1193//1193 1195//1195
f 1059//1059 1195//1195 1196//1196
f 1059//1059 1196//1196 1197//1197
f 1059//1059 1197//1197 1198//1198
f 1059//1059 1198//1198 1187//1187
f 1059//1059 1187//1187 1186//1186
f 1060//1060 1192//1192 1325//1325
f 1060//1060 1325//1325 1199//1199
f 1060//1060 1199//1199 1200//1200
f 1060//1060 1200//1200 1061//1061
f 1068//1068 1201//1201 1069//1069
f 1069//1069 1201//1201 1202//1202
f 1069//1069 1202//1202 1070//1070
f 1072//1072 1203//1203 1074//1074
f 1072//1072 1074//1074 1073//1073
f 1074//1074 1203//1203 1075//1075
f 1075//1075 1203//1203 1204//1204
f 1075//1075 1204//1204 1076//1076
f 1076//1076 1204//1204 1205//1205
f 1076//1076 1205//1205 1206//1206
f 1076//1076 1206//1206 1077//1077
f 1077//1077 1207//1207 1208//1208
f 1077//1077 1208//1208 1209//1209
f 1077//1077 1209//1209 1079//1079
f 1077//1077 1079//1079 1078//1078
f 1077//1077 1206//1206 1210//1210
f 1077//1077 1210//1210 1207//1207
f 1079//1079 1209//1209 1211//1211
f 1079//1079 1211//1211 1080//1080
f 1080//1080 1212//1212 1081//1081
f 1080//1080 1211//1211 1213//1213
f 1080//1080 1213//1213 1214//1214
f 1080//1080 1214//1214 1212//1212
f 1081//1081 1212//1212 1215//1215
f 1081//1081 1215//1215 1216//1216
f 1081//1081 1216//1216 1217//1217
f 1081//1081 1217//1217 1082//1082
f 1082//1082 1217//1217 1218//1218
f 1082//1082 1218//1218 1084//1084
f 1083//1083 1088//1088 1084//1084
f 1085//1085 1219//1219 1086//1086
f 1086//1086 1220//1220 1221//1221
f 1086//1086 1221//1221 1091//1091
f 1086//1086 1091//1091 1090//1090
f 1086//1086 1090//1090 1089//1089
f 1086//1086 1089//1089 1087//1087
f 1086//1086 1219//1219 1222//1222
f 1086//1086 1222//1222 1220//1220
f 1091//1091 1221//1221 1223//1223
f 1091//1091 1223//1223 1224//1224
f 1091//1091 1224//1224 1094//1094
f 1091//1091 1094//1094 1225//1225
f 1091//1091 1225//1225 1092//1092
f 1092//1092 1225//1225 1093//1093
f 1093//1093 1225//1225 1094//1094
f 1094//1094 1224//1224 1226//1226
f 1094//1094 1226//1226 1096//1096
f 1094//1094 1096//1096 1095//1095
f 1096//1096 1226//1226 1227//1227
f 1096//1096 1227//1227 1097//1097
f 1097//1097 1227//1227 1098//1098
f 1098//1098 1227//1227 1228//1228
f 1098//1098 1228//1228 1099//1099
f 1099//1099 1228//1228 1229//1229
f 1099//1099 1229//1229 1230//1230
f 1099//1099 1230//1230 1100//1100
f 1100//1100 1230//1230 1231//1231
f 1100//1100 1231//1231 1101//1101
f 1102//1102 1232//1232 1233//1233
f 1102//1102 1233//1233 1104//1104
f 1102//1102 1104//1104 1103//1103
f 1102//1102 1108//1108 1115//1115
f 1102//1102 1115//1115 1234//1234
f 1102//1102 1234//1234 1235//1235
f 1102//1102 1235//1235 1232//1232
f 1104//1104 1233//1233 1236//1236
f 1104//1104 1236//1236 1237//1237
f 1104//1104 1237//1237 1118//1118
f 1104//1104 1106//1106 1105//1105
f 1109//1109 1231//1231 1110//1110
f 1110//1110 1238//1238 1239//1239
f 1110//1110 1239//1239 1111//1111
f 1110//1110 1231//1231 1238//1238
f 1111//1111 1239//1239 1240//1240
f 1111//1111 1240//1240 1112//1112
f 1112//1112 1240//1240 1241//1241
f 1112//1112 1241//1241 1242//1242
f 1112//1112 1242//1242 1243//1243
f 1112//1112 1243//1243 1113//1113
f 1113//1113 1243//1243 1242//1242
f 1113//1113 1242//1242 1115//1115
f 1113//1113 1115//1115 1114//1114
f 1115//1115 1242//1242 1235//1235
f 1115//1115 1235//1235 1234//1234
f 1116//1116 1124//1124 1244//1244
f 1116//1116 1244//1244 1245//1245
f 1116//1116 1245//1245 1117//1117
f 1117//1117 1245//1245 1267//1267
f 1117//1117 1267//1267 1142//1142
f 1118//1118 1237//1237 1246//1246
f 1118//1118 1246//1246 1119//1119
f 1119//1119 1246//1246 1125//1125
f 1119//1119 1125//1125 1120//1120
f 1120//1120 1125//1125 1121//1121
f 1121//1121 1125//1125 1122//1122
f 1123//1123 1125//1125 1247//1247
f 1123//1123 1247//1247 1248//1248
f 1123//1123 1248//1248 1124//1124
f 1124//1124 1248//1248 1249//1249
f 1124//1124 1249//1249 1250//1250
f 1124//1124 1250//1250 1244//1244
f 1125//1125 1251//1251 1248//1248
f 1125//1125 1248//1248 1247//1247
f 1125//1125 1246//1246 1251//1251
f 1126//1126 1144//1144 1252//1252
f 1126//1126 1252//1252 1127//1127
f 1127//1127 1252//1252 1253//1253
f 1127//1127 1253//1253 1129//1129
f 1128//1128 1254//1254 1130//1130
f 1128//1128 1129//1129 1255//1255
f 1128//1128 1255//1255 1254//1254
f 1129//1129 1253//1253 1256//1256
f 1129//1129 1256//1256 1255//1255
f 1130//1130 1254//1254 1257//1257
f 1130//1130 1257//1257 1131//1131
f 1131//1131 1257//1257 1258//1258
f 1131//1131 1258//1258 1259//1259
f 1131//1131 1259//1259 1135//1135
f 1131//1131 1135//1135 1132//1132
f 1133//1133 1135//1135 1261//1261
f 1133//1133 1261//1261 1262//1262
f 1133//1133 1262//1262 1260//1260
f 1135//1135 1259//1259 1263//1263
f 1135//1135 1263//1263 1262//1262
f 1135//1135 1262//1262 1261//1261
f 1139//1139 1264//1264 1140//1140
f 1140//1140 1264//1264 1265//1265
f 1140//1140 1265//1265 1266//1266
f 1140//1140 1266//1266 1146//1146
f 1140//1140 1146//1146 1145//1145
f 1140//1140 1145//1145 1141//1141
f 1142//1142 1267//1267 1143//1143
f 1143//1143 1267//1267 1268//1268
f 1143//1143 1268//1268 1269//1269
f 1143//1143 1269//1269 1270//1270
f 1143//1143 1270//1270 1144//1144
f 1144//1144 1270//1270 1252//1252
f 1146//1146 1271//1271 1272//1272
f 1146//1146 1272//1272 1273//1273
f 1146//1146 1273//1273 1274//1274
f 1146//1146 1274//1274 1275//1275
f 1146//1146 1275//1275 1276//1276
f 1146//1146 1276//1276 1277//1277
f 1146//1146 1277//1277 1278//1278
f 1146//1146 1278//1278 1147//1147
f 1146//1146 1266//1266 1279//1279
f 1146//1146 1279//1279 1271//1271
f 1147//1147 1278//1278 1280//1280
f 1147//1147 1280//1280 1281//1281
f 1147//1147 1281//1281 1282//1282
f 1147//1147 1282//1282 1283//1283
f 1147//1147 1283//1283 1148//1148
f 1148//1148 1284//1284 1285//1285
f 1148//1148 1285//1285 1149//1149
f 1148//1148 1283//1283 1284//1284
f 1149//1149 1285//1285 1150//1150
f 1150//1150 1285//1285 1286//1286
f 1150//1150 1286//1286 1287//1287
f 1150//1150 1287//1287 1151//1151
f 1151//1151 1288//1288 1289//1289
f 1151//1151 1289//1289 1156//1156
f 1151//1151 1156//1156 1152//1152
f 1153//1153 1165//1165 1290//1290
f 1153//1153 1290//1290 1291//1291
f 1153//1153 1291//1291 1292//1292
f 1153//1153 1292//1292 1293//1293
f 1153//1153 1293//1293 1154//1154
f 1154//1154 1293//1293 1294//1294
f 1154//1154 1294//1294 1295//1295
f 1154//1154 1295//1295 1166//1166
f 1154//1154 1166//1166 1155//1155
f 1156//1156 1289//1289 1157//1157
f 1157//1157 1289//1289 1296//1296
f 1157//1157 1296//1296 1158//1158
f 1158//1158 1296//1296 1297//1297
f 1158//1158 1297//1297 1159//1159
f 1159//1159 1297//1297 1160//1160
f 1160//1160 1298//1298 1299//1299
f 1160//1160 1299//1299 1161//1161
f 1160//1160 1297//1297 1298//1298
f 1161//1161 1299//1299 1300//1300
f 1161//1161 1300//1300 1301//1301
f 1161//1161 1301//1301 1302//1302
f 1161//1161 1302//1302 1162//1162
f 1162//1162 1302//1302 1163//1163
f 1163//1163 1302//1302 1164//1164
f 1164//1164 1290//1290 1165//1165
f 1164//1164 1302//1302 1303//1303
f 1164//1164 1303//1303 1371//1371
f 1164//1164 1371//1371 1291//1291
f 1164//1164 1291//1291 1290//1290
f 1166//1166 1295//1295 1304//1304
f 1166//1166 1304//1304 1305//1305
f 1167//1167 1305//1305 1306//1306
f 1167//1167 1306//1306 1307//1307
f 1167//1167 1307//1307 1308//1308
f 1167//1167 1308//1308 1168//1168
f 1168//1168 1308//1308 1169//1169
f 1169//1169 1308//1308 1309//1309
f 1169//1169 1309//1309 1170//1170
f 1170//1170 1309//1309 1307//1307
f 1170//1170 1307//1307 1310//1310
f 1170//1170 1310//1310 1174//1174
f 1170//1170 1174//1174 1173//1173
f 1171//1171 1174//1174 1172//1172
f 1172//1172 1174//1174 1311//1311
f 1172//1172 1311//1311 1175//1175
f 1174//1174 1310//1310 1312//1312
f 1174//1174 1312//1312 1311//1311
f 1175//1175 1311//1311 1176//1176
f 1176//1176 1311//1311 1178//1178
f 1177//1177 1313//1313 1314//1314
f 1177//1177 1314//1314 1180//1180
f 1177//1177 1179//1179 1315//1315
f 1177//1177 1315//1315 1313//1313
f 1178//1178 1311//1311 1316//1316
f 1178//1178 1316//1316 1315//1315
f 1178//1178 1315//1315 1179//1179
f 1180//1180 1314//1314 1313//1313
f 1180//1180 1313//1313 1181//1181
f 1180//1180 1181//1181 1182//1182
f 1181//1181 1317//1317 1183//1183
f 1181//1181 1313//1313 1318//1318
f 1181//1181 1318//1318 1317//1317
f 1183//1183 1317//1317 1185//1185
f 1184//1184 1185//1185 1319//1319
f 1184//1184 1319//1319 1193//1193
f 1185//1185 1317//1317 1320//1320
f 1185//1185 1320//1320 1319//1319
f 1187//1187 1198//1198 1188//1188
f 1188//1188 1198//1198 1321//1321
f 1188//1188 1321//1321 1189//1189
f 1189//1189 1322//1322 1190//1190
f 1189//1189 1321//1321 1323//1323
f 1189//1189 1323//1323 1322//1322
f 1190//1190 1322//1322 1191//1191
f 1191//1191 1324//1324 1192//1192
f 1191//1191 1322//1322 1324//1324
f 1192//1192 1324//1324 1325//1325
f 1193//1193 1319//1319 1326//1326
f 1193//1193 1326//1326 1327//1327
f 1193//1193 1327//1327 1328//1328
f 1193//1193 1328//1328 1195//1195
f 1195//1195 1328//1328 1196//1196
f 1196//1196 1328//1328 1197//1197
f 1197//1197 1329//1329 1198//1198
f 1197//1197 1328//1328 1330//1330
f 1197//1197 1330//1330 1329//1329
f 1198//1198 1329//1329 1321//1321
f 1199//1199 1325//1325 1200//1200
f 1200//1200 1325//1325 1331//1331
f 1207//1207 1211//1211 1208//1208
f 1208//1208 1211//1211 1209//1209
f 1220//1220 1332//1332 1333//1333
f 1220//1220 1333//1333 1334//1334
f 1220//1220 1334//1334 1221//1221
f 1220//1220 1222//1222 1332//1332
f 1221//1221 1334//1334 1223//1223
f 1222//1222 1335//1335 1332//1332
f 1223//1223 1334//1334 1336//1336
f 1223//1223 1336//1336 1337//1337
f 1223//1223 1337//1337 1226//1226
f 1223//1223 1226//1226 1224//1224
f 1226//1226 1337//1337 1227//1227
f 1227//1227 1337//1337 1338//1338
f 1227//1227 1338//1338 1228//1228
f 1228//1228 1338//1338 1339//1339
f 1228//1228 1339//1339 1229//1229
f 1229//1229 1339//1339 1340//1340
f 1229//1229 1340//1340 1341//1341
f 1229//1229 1341//1341 1238//1238
f 1229//1229 1238//1238 1230//1230
f 1230//1230 1238//1238 1231//1231
f 1232//1232 1235//1235 1233//1233
f 1233//1233 1235//1235 1342//1342
f 1233//1233 1342//1342 1343//1343
f 1233//1233 1343//1343 1246//1246
f 1233//1233 1246//1246 1236//1236
f 1235//1235 1242//1242 1344//1344
f 1235//1235 1344//1344 1342//1342
f 1236//1236 1246//1246 1237//1237
f 1238//1238 1341//1341 1345//1345
f 1238//1238 1345//1345 1239//1239
f 1239//1239 1345//1345 1346//1346
f 1239//1239 1346//1346 1240//1240
f 1240//1240 1346//1346 1241//1241
f 1241//1241 1347//1347 1348//1348
f 1241//1241 1348//1348 1242//1242
f 1241//1241 1346//1346 1347//1347
f 1242//1242 1348//1348 1349//1349
f 1242//1242 1349//1349 1344//1344
f 1244//1244 1250//1250 1245//1245
f 1245//1245 1250//1250 1350//1350
f 1245//1245 1350//1350 1267//1267
f 1246//1246 1351//1351 1352//1352
f 1246//1246 1352//1352 1251//1251
f 1246//1246 1343//1343 1351//1351
f 1248//1248 1251//1251 1352//1352
f 1248//1248 1352//1352 1351//1351
f 1248//1248 1351//1351 1353//1353
f 1248//1248 1353//1353 1354//1354
f 1248//1248 1354//1354 1249//1249
f 1249//1249 1354//1354 1355//1355
f 1249//1249 1355//1355 1250//1250
f 1250//1250 1355//1355 1350//1350
f 1252//1252 1270//1270 1356//1356
f 1252//1252 1356//1356 1253//1253
f 1253//1253 1356//1356 1357//1357
f 1253//1253 1357//1357 1256//1256
f 1254//1254 1255//1255 1257//1257
f 1255//1255 1358//1358 1359//1359
f 1255//1255 1359//1359 1257//1257
f 1255//1255 1256//1256 1360//1360
f 1255//1255 1360//1360 1358//1358
f 1256//1256 1357//1357 1361//1361
f 1256//1256 1361//1361 1360//1360
f 1257//1257 1359//1359 1358//1358
f 1257//1257 1358//1358 1258//1258
f 1258//1258 1362//1362 1262//1262
f 1258//1258 1262//1262 1263//1263
f 1258//1258 1263//1263 1259//1259
f 1258//1258 1358//1358 1362//1362
f 1260//1260 1262//1262 1364//1364
f 1260//1260 1364//1364 1363//1363
f 1262//1262 1362//1362 1365//1365
f 1262//1262 1365//1365 1364//1364
f 1267//1267 1350//1350 1366//1366
f 1267//1267 1366//1366 1268//1268
f 1268//1268 1366//1366 1367//1367
f 1268//1268 1367//1367 1269//1269
f 1269//1269 1367//1367 1447//1447
f 1269//1269 1447//1447 1368//1368
f 1269//1269 1368//1368 1270//1270
f 1270//1270 1368//1368 1356//1356
f 1277//1277 1280//1280 1278//1278
f 1283//1283 1286//1286 1284//1284
f 1284//1284 1286//1286 1285//1285
f 1288//1288 1369//1369 1289//1289
f 1289//1289 1370//1370 1296//1296
f 1289//1289 1369//1369 1370//1370
f 1291//1291 1371//1371 1372//1372
f 1291//1291 1372//1372 1373//1373
f 1291//1291 1373//1373 1374//1374
f 1291//1291 1374//1374 1292//1292
f 1292//1292 1374//1374 1293//1293
f 1293//1293 1374//1374 1294//1294
f 1294//1294 1374//1374 1375//1375
f 1294//1294 1375//1375 1304//1304
f 1294//1294 1304//1304 1295//1295
f 1296//1296 1370//1370 1376//1376
f 1296//1296 1376//1376 1377//1377
f 1296//1296 1377//1377 1297//1297
f 1297//1297 1377//1377 1298//1298
f 1298//1298 1377//1377 1299//1299
f 1299//1299 1377//1377 1378//1378
f 1299//1299 1378//1378 1379//1379
f 1299//1299 1379//1379 1300//1300
f 1300//1300 1379//1379 1380//1380
f 1300//1300 1380//1380 1301//1301
f 1301//1301 1380//1380 1303//1303
f 1301//1301 1303//1303 1302//1302
f 1303//1303 1380//1380 1371//1371
f 1304//1304 1375//1375 1381//1381
f 1304//1304 1381//1381 1382//1382
f 1304//1304 1382//1382 1305//1305
f 1305//1305 1382//1382 1306//1306
f 1306//1306 1382//1382 1383//1383
f 1306//1306 1383//1383 1307//1307
f 1307//1307 1383//1383 1384//1384
f 1307//1307 1384//1384 1310//1310
f 1307//1307 1309//1309 1308//1308
f 1310//1310 1384//1384 1383//1383
f 1310//1310 1383//1383 1385//1385
f 1310//1310 1385//1385 1386//1386
f 1310//1310 1386//1386 1387//1387
f 1310//1310 1387//1387 1312//1312
f 1311//1311 1388//1388 1316//1316
f 1311//1311 1312//1312 1388//1388
f 1312//1312 1387//1387 1388//1388
f 1313//1313 1315//1315 1389//1389
f 1313//1313 1389//1389 1390//1390
f 1313//1313 1390//1390 1318//1318
f 1315//1315 1391//1391 1392//1392
f 1315//1315 1392//1392 1389//1389
f 1315//1315 1316//1316 1391//1391
f 1316//1316 1393//1393 1394//1394
f 1316//1316 1394//1394 1391//1391
f 1316//1316 1388//1388 1395//1395
f 1316//1316 1395//1395 1393//1393
f 1317//1317 1318//1318 1320//1320
f 1318//1318 1396//1396 1320//1320
f 1318//1318 1390//1390 1396//1396
f 1319//1319 1320//1320 1397//1397
f 1319//1319 1397//1397 1398//1398
f 1319//1319 1398//1398 1326//1326
f 1320//1320 1396//1396 1397//1397
f 1321//1321 1329//1329 1399//1399
f 1321//1321 1399//1399 1400//1400
f 1321//1321 1400//1400 1323//1323
f 1322//1322 1401//1401 1324//1324
f 1322//1322 1323//1323 1402//1402
f 1322//1322 1402//1402 1401//1401
f 1323//1323 1400//1400 1402//1402
f 1324//1324 1401//1401 1403//1403
f 1324//1324 1403//1403 1325//1325
f 1325//1325 1403//1403 1404//1404
f 1325//1325 1404//1404 1331//1331
f 1326//1326 1328//1328 1327//1327
f 1326//1326 1398//1398 1328//1328
f 1328//1328 1398//1398 1405//1405
f 1328//1328 1405//1405 1406//1406
f 1328//1328 1406//1406 1330//1330
f 1329//1329 1330//1330 1407//1407
f 1329//1329 1407//1407 1399//1399
f 1330//1330 1406//1406 1408//1408
f 1330//1330 1408//1408 1409//1409
f 1330//1330 1409//1409 1407//1407
f 1331//1331 1404//1404 1411//1411
f 1331//1331 1411//1411 1412//1412
f 1331//1331 1412//1412 1410//1410
f 1332//1332 1335//1335 1333//1333
f 1333//1333 1413//1413 1414//1414
f 1333//1333 1414//1414 1415//1415
f 1333//1333 1415//1415 1416//1416
f 1333//1333 1416//1416 1334//1334
f 1333//1333 1335//1335 1413//1413
f 1334//1334 1416//1416 1336//1336
f 1335//1335 1417//1417 1413//1413
f 1336//1336 1416//1416 1418//1418
f 1336//1336 1418//1418 1338//1338
f 1336//1336 1338//1338 1337//1337
f 1338//1338 1418//1418 1419//1419
f 1338//1338 1419//1419 1339//1339
f 1339//1339 1419//1419 1420//1420
f 1339//1339 1420//1420 1421//1421
f 1339//1339 1421//1421 1340//1340
f 1340//1340 1421//1421 1502//1502
f 1340//1340 1502//1502 1422//1422
f 1340//1340 1422//1422 1345//1345
f 1340//1340 1345//1345 1341//1341
f 1342//1342 1349//1349 1343//1343
f 1342//1342 1344//1344 1349//1349
f 1343//1343 1349//1349 1351//1351
f 1345//1345 1422//1422 1423//1423
f 1345//1345 1423//1423 1346//1346
f 1346//1346 1423//1423 1347//1347
f 1347//1347 1424//1424 1425//1425
f 1347//1347 1425//1425 1348//1348
f 1347//1347 1423//1423 1424//1424
f 1348//1348 1425//1425 1426//1426
f 1348//1348 1426//1426 1349//1349
f 1349//1349 1426//1426 1427//1427
f 1349//1349 1427//1427 1428//1428
f 1349//1349 1428//1428 1351//1351
f 1350//1350 1355//1355 1366//1366
f 1351//1351 1429//1429 1430//1430
f 1351//1351 1430//1430 1353//1353
f 1351//1351 1428//1428 1429//1429
f 1353//1353 1431//1431 1432//1432
f 1353//1353 1432//1432 1354//1354
f 1353//1353 1430//1430 1433//1433
f 1353//1353 1433//1433 1431//1431
f 1354//1354 1432//1432 1355//1355
f 1355//1355 1432//1432 1509//1509
f 1355//1355 1509//1509 1434//1434
f 1355//1355 1434//1434 1366//1366
f 1356//1356 1368//1368 1435//1435
f 1356//1356 1435//1435 1436//1436
f 1356//1356 1436//1436 1357//1357
f 1357//1357 1436//1436 1440//1440
f 1357//1357 1440//1440 1361//1361
f 1358//1358 1360//1360 1437//1437
f 1358//1358 1437//1437 1438//1438
f 1358//1358 1438//1438 1439//1439
f 1358//1358 1439//1439 1362//1362
f 1360//1360 1361//1361 1437//1437
f 1361//1361 1440//1440 1441//1441
f 1361//1361 1441//1441 1442//1442
f 1361//1361 1442//1442 1437//1437
f 1362//1362 1439//1439 1443//1443
f 1362//1362 1443//1443 1365//1365
f 1363//1363 1364//1364 1444//1444
f 1364//1364 1365//1365 1445//1445
f 1364//1364 1445//1445 1444//1444
f 1365//1365 1443//1443 1446//1446
f 1365//1365 1446//1446 1445//1445
f 1366//1366 1434//1434 1367//1367
f 1367//1367 1434//1434 1447//1447
f 1368//1368 1447//1447 1448//1448
f 1368//1368 1448//1448 1435//1435
f 1369//1369 1449//1449 1376//1376
f 1369//1369 1376//1376 1370//1370
f 1371//1371 1380//1380 1461//1461
f 1371//1371 1461//1461 1450//1450
f 1371//1371 1450//1450 1451//1451
f 1371//1371 1451//1451 1372//1372
f 1372//1372 1451//1451 1452//1452
f 1372//1372 1452//1452 1453//1453
f 1372//1372 1453//1453 1454//1454
f 1372//1372 1454//1454 1373//1373
f 1373//1373 1454//1454 1455//1455
f 1373//1373 1455//1455 1375//1375
f 1373//1373 1375//1375 1374//1374
f 1375//1375 1455//1455 1456//1456
f 1375//1375 1456//1456 1381//1381
f 1376//1376 1457//1457 1458//1458
f 1376//1376 1458//1458 1459//1459
f 1376//1376 1459//1459 1379//1379
f 1376//1376 1379//1379 1377//1377
f 1376//1376 1449//1449 1457//1457
f 1377//1377 1379//1379 1378//1378
f 1379//1379 1459//1459 1460//1460
f 1379//1379 1460//1460 1461//1461
f 1379//1379 1461//1461 1380//1380
f 1381//1381 1456//1456 1462//1462
f 1381//1381 1462//1462 1463//1463
f 1381//1381 1463//1463 1382//1382
f 1382//1382 1463//1463 1383//1383
f 1383//1383 1463//1463 1385//1385
f 1385//1385 1463//1463 1462//1462
f 1385//1385 1462//1462 1386//1386
f 1386//1386 1462//1462 1464//1464
f 1386//1386 1464//1464 1387//1387
f 1387//1387 1464//1464 1465//1465
f 1387//1387 1465//1465 1466//1466
f 1387//1387 1466//1466 1388//1388
f 1388//1388 1467//1467 1395//1395
f 1388//1388 1466//1466 1468//1468
f 1388//1388 1468//1468 1469//1469
f 1388//1388 1469//1469 1467//1467
f 1389//1389 1470//1470 1471//1471
f 1389//1389 1471//1471 1390//1390
f 1389//1389 1392//1392 1470//1470
f 1390//1390 1471//1471 1396//1396
f 1391//1391 1394//1394 1472//1472
f 1391//1391 1472//1472 1470//1470
f 1391//1391 1470//1470 1392//1392
f 1393//1393 1395//1395 1473//1473
f 1393//1393 1473//1473 1394//1394
f 1394//1394 1473//1473 1474//1474
f 1394//1394 1474//1474 1475//1475
f 1394//1394 1475//1475 1472//1472
f 1395//1395 1467//1467 1476//1476
f 1395//1395 1476//1476 1544//1544
f 1395//1395 1544//1544 1473//1473
f 1396//1396 1477//1477 1397//1397
f 1396//1396 1471//1471 1477//1477
f 1397//1397 1477//1477 1398//1398
f 1398//1398 1477//1477 1478//1478
f 1398//1398 1478//1478 1405//1405
f 1399//1399 1407//1407 1479//1479
f 1399//1399 1479//1479 1400//1400
f 1400//1400 1480//1480 1402//1402
f 1400//1400 1479//1479 1481//1481
f 1400//1400 1481//1481 1480//1480
f 1401//1401 1482//1482 1411//1411
f 1401//1401 1411//1411 1403//1403
f 1401//1401 1402//1402 1482//1482
f 1402//1402 1483//1483 1482//1482
f 1402//1402 1480//1480 1483//1483
f 1403//1403 1411//1411 1404//1404
f 1405//1405 1478//1478 1406//1406
f 1406//1406 1478//1478 1484//1484
f 1406//1406 1484//1484 1485//1485
f 1406//1406 1485//1485 1408//1408
f 1407//1407 1409//1409 1479//1479
f 1408//1408 1485//1485 1409//1409
f 1409//1409 1486//1486 1479//1479
f 1409//1409 1485//1485 1487//1487
f 1409//1409 1487//1487 1486//1486
f 1410//1410 1412//1412 1488//1488
f 1411//1411 1482//1482 1489//1489
f 1411//1411 1489//1489 1412//1412
f 1412//1412 1489//1489 1490//1490
f 1412//1412 1490//1490 1491//1491
f 1412//1412 1491//1491 1488//1488
f 1413//1413 1492//1492 1414//1414
f 1413//1413 1417//1417 1492//1492
f 1414//1414 1492//1492 1493//1493
f 1414//1414 1493//1493 1494//1494
f 1414//1414 1494//1494 1415//1415
f 1415//1415 1494//1494 1495//1495
f 1415//1415 1495//1495 1496//1496
f 1415//1415 1496//1496 1416//1416
f 1416//1416 1496//1496 1418//1418
f 1417//1417 1497//1497 1498//1498
f 1417//1417 1498//1498 1493//1493
f 1417//1417 1493//1493 1492//1492
f 1418//1418 1499//1499 1419//1419
f 1418//1418 1496//1496 1499//1499
f 1419//1419 1499//1499 1420//1420
f 1420//1420 1500//1500 1573//1573
f 1420//1420 1573//1573 1501//1501
f 1420//1420 1501//1501 1502//1502
f 1420//1420 1502//1502 1421//1421
f 1420//1420 1499//1499 1500//1500
f 1422//1422 1502//1502 1503//1503
f 1422//1422 1503//1503 1423//1423
f 1423//1423 1503//1503 1424//1424
f 1424//1424 1504//1504 1425//1425
f 1424//1424 1503//1503 1504//1504
f 1425//1425 1504//1504 1578//1578
f 1425//1425 1578//1578 1505//1505
f 1425//1425 1505//1505 1426//1426
f 1426//1426 1506//1506 1507//1507
f 1426//1426 1507//1507 1428//1428
f 1426//1426 1428//1428 1427//1427
f 1426//1426 1505//1505 1506//1506
f 1428//1428 1507//1507 1508//1508
f 1428//1428 1508//1508 1429//1429
f 1429//1429 1508//1508 1433//1433
f 1429//1429 1433//1433 1430//1430
f 1431//1431 1509//1509 1432//1432
f 1431//1431 1433//1433 1509//1509
f 1433//1433 1508//1508 1581//1581
f 1433//1433 1581//1581 1510//1510
f 1433//1433 1510//1510 1511//1511
f 1433//1433 1511//1511 1509//1509
f 1434//1434 1509//1509 1512//1512
f 1434//1434 1512//1512 1447//1447
f 1435//1435 1448//1448 1513//1513
f 1435//1435 1513//1513 1436//1436
f 1436//1436 1513//1513 1514//1514
f 1436//1436 1514//1514 1515//1515
f 1436//1436 1515//1515 1440//1440
f 1437//1437 1442//1442 1516//1516
f 1437//1437 1516//1516 1438//1438
f 1438//1438 1516//1516 1517//1517
f 1438//1438 1517//1517 1518//1518
f 1438//1438 1518//1518 1519//1519
f 1438//1438 1519//1519 1446//1446
f 1438//1438 1446//1446 1443//1443
f 1438//1438 1443//1443 1439//1439
f 1440//1440 1515//1515 1441//1441
f 1441//1441 1520//1520 1442//1442
f 1441//1441 1515//1515 1521//1521
f 1441//1441 1521//1521 1520//1520
f 1442//1442 1520//1520 1516//1516
f 1444//1444 1445//1445 1522//1522
f 1445//1445 1446//1446 1523//1523
f 1445//1445 1523//1523 1522//1522
f 1446//1446 1519//1519 1524//1524
f 1446//1446 1524//1524 1522//1522
f 1446//1446 1522//1522 1523//1523
f 1447//1447 1512//1512 1448//1448
f 1448//1448 1512//1512 1525//1525
f 1448//1448 1525//1525 1513//1513
f 1449//1449 1526//1526 1527//1527
f 1449//1449 1527//1527 1528//1528
f 1449//1449 1528//1528 1457//1457
f 1450//1450 1529//1529 1451//1451
f 1450//1450 1461//1461 1460//1460
f 1450//1450 1460//1460 1529//1529
f 1451//1451 1530//1530 1531//1531
f 1451//1451 1531//1531 1452//1452
f 1451//1451 1529//1529 1530//1530
f 1452//1452 1531//1531 1605//1605
f 1452//1452 1605//1605 1532//1532
f 1452//1452 1532//1532 1533//1533
f 1452//1452 1533//1533 1453//1453
f 1453//1453 1533//1533 1534//1534
f 1453//1453 1534//1534 1454//1454
f 1454//1454 1534//1534 1535//1535
f 1454//1454 1535//1535 1456//1456
f 1454//1454 1456//1456 1455//1455
f 1456//1456 1535//1535 1536//1536
f 1456//1456 1536//1536 1462//1462
f 1457//1457 1528//1528 1458//1458
f 1458//1458 1537//1537 1538//1538
f 1458//1458 1538//1538 1460//1460
f 1458//1458 1460//1460 1459//1459
f 1458//1458 1528//1528 1537//1537
f 1460//1460 1538//1538 1539//1539
f 1460//1460 1539//1539 1529//1529
f 1462//1462 1536//1536 1464//1464
f 1464//1464 1536//1536 1465//1465
f 1465//1465 1536//1536 1535//1535
f 1465//1465 1535//1535 1534//1534
f 1465//1465 1534//1534 1466//1466
f 1466//1466 1534//1534 1533//1533
f 1466//1466 1533//1533 1540//1540
f 1466//1466 1540//1540 1468//1468
f 1467//1467 1541//1541 1476//1476
f 1467//1467 1469//1469 1468//1468
f 1467//1467 1468//1468 1542//1542
f 1467//1467 1542//1542 1541//1541
f 1468//1468 1540//1540 1542//1542
f 1470//1470 1472//1472 1543//1543
f 1470//1470 1543//1543 1471//1471
f 1471//1471 1543//1543 1477//1477
f 1472//1472 1475//1475 1543//1543
f 1473//1473 1544//1544 1474//1474
f 1474//1474 1545//1545 1546//1546
f 1474//1474 1546//1546 1475//1475
f 1474//1474 1544//1544 1545//1545
f 1475//1475 1546//1546 1485//1485
f 1475//1475 1485//1485 1484//1484
f 1475//1475 1484//1484 1478//1478
f 1475//1475 1478//1478 1543//1543
f 1476//1476 1541//1541 1547//1547
f 1476//1476 1547//1547 1548//1548
f 1476//1476 1548//1548 1544//1544
f 1477//1477 1543//1543 1478//1478
f 1479//1479 1486//1486 1549//1549
f 1479//1479 1549//1549 1481//1481
f 1480//1480 1550//1550 1483//1483
f 1480//1480 1481//1481 1551//1551
f 1480//1480 1551//1551 1552//1552
f 1480//1480 1552//1552 1550//1550
f 1481//1481 1549//1549 1553//1553
f 1481//1481 1553//1553 1554//1554
f 1481//1481 1554//1554 1551//1551
f 1482//1482 1483//1483 1489//1489
f 1483//1483 1550//1550 1555//1555
f 1483//1483 1555//1555 1556//1556
f 1483//1483 1556//1556 1557//1557
f 1483//1483 1557//1557 1489//1489
f 1485//1485 1546//1546 1487//1487
f 1486//1486 1487//1487 1558//1558
f 1486//1486 1558//1558 1549//1549
f 1487//1487 1546//1546 1559//1559
f 1487//1487 1559//1559 1560//1560
f 1487//1487 1560//1560 1558//1558
f 1489//1489 1557//1557 1490//1490
f 1490//1490 1557//1557 1561//1561
f 1490//1490 1561//1561 1491//1491
f 1491//1491 1561//1561 1562//1562
f 1491//1491 1562//1562 1563//1563
f 1493//1493 1498//1498 1564//1564
f 1493//1493 1564//1564 1494//1494
f 1494//1494 1564//1564 1565//1565
f 1494//1494 1565//1565 1566//1566
f 1494//1494 1566//1566 1567//1567
f 1494//1494 1567//1567 1495//1495
f 1495//1495 1567//1567 1496//1496
f 1496//1496 1567//1567 1499//1499
f 1497//1497 1568//1568 1569//1569
f 1497//1497 1569//1569 1570//1570
f 1497//1497 1570//1570 1498//1498
f 1497//1497 1571//1571 1568//1568
f 1498//1498 1570//1570 1564//1564
f 1499//1499 1567//1567 1500//1500
f 1500//1500 1567//1567 1572//1572
f 1500//1500 1572//1572 1635//1635
f 1500//1500 1635//1635 1573//1573
f 1501//1501 1573//1573 1574//1574
f 1501//1501 1574//1574 1575//1575
f 1501//1501 1575//1575 1576//1576
f 1501//1501 1576//1576 1502//1502
f 1502//1502 1576//1576 1577//1577
f 1502//1502 1577//1577 1503//1503
f 1503//1503 1577//1577 1504//1504
f 1504//1504 1577//1577 1576//1576
f 1504//1504 1576//1576 1578//1578
f 1505//1505 1578//1578 1579//1579
f 1505//1505 1579//1579 1506//1506
f 1506//1506 1579//1579 1507//1507
f 1507//1507 1580//1580 1581//1581
f 1507//1507 1581//1581 1508//1508
f 1507//1507 1579//1579 1580//1580
f 1509//1509 1582//1582 1512//1512
f 1509//1509 1511//1511 1582//1582
f 1510//1510 1581//1581 1583//1583
f 1510//1510 1583//1583 1584//1584
f 1510//1510 1584//1584 1585//1585
f 1510//1510 1585//1585 1511//1511
f 1511//1511 1585//1585 1586//1586
f 1511//1511 1586//1586 1582//1582
f 1512//1512 1582//1582 1525//1525
f 1513//1513 1525//1525 1514//1514
f 1514//1514 1525//1525 1587//1587
f 1514//1514 1587//1587 1515//1515
f 1515//1515 1587//1587 1588//1588
f 1515//1515 1588//1588 1589//1589
f 1515//1515 1589//1589 1521//1521
f 1516//1516 1520//1520 1590//1590
f 1516//1516 1590//1590 1517//1517
f 1517//1517 1590//1590 1591//1591
f 1517//1517 1591//1591 1518//1518
f 1518//1518 1592//1592 1519//1519
f 1518//1518 1591//1591 1593//1593
f 1518//1518 1593//1593 1592//1592
f 1519//1519 1594//1594 1524//1524
f 1519//1519 1592//1592 1594//1594
f 1520//1520 1521//1521 1595//1595
f 1520//1520 1595//1595 1590//1590
f 1521//1521 1589//1589 1596//1596
f 1521//1521 1596//1596 1595//1595
f 1522//1522 1524//1524 1597//1597
f 1522//1522 1597//1597 1598//1598
f 1524//1524 1594//1594 1597//1597
f 1525//1525 1582//1582 1586//1586
f 1525//1525 1586//1586 1587//1587
f 1526//1526 1599//1599 1600//1600
f 1526//1526 1600//1600 1601//1601
f 1526//1526 1601//1601 1527//1527
f 1527//1527 1601//1601 1528//1528
f 1528//1528 1601//1601 1537//1537
f 1529//1529 1539//1539 1530//1530
f 1530//1530 1602//1602 1603//1603
f 1530//1530 1603//1603 1531//1531
f 1530//1530 1539//1539 1602//1602
f 1531//1531 1603//1603 1604//1604
f 1531//1531 1604//1604 1605//1605
f 1532//1532 1605//1605 1606//1606
f 1532//1532 1606//1606 1607//1607
f 1532//1532 1607//1607 1540//1540
f 1532//1532 1540//1540 1533//1533
f 1537//1537 1601//1601 1608//1608
f 1537//1537 1608//1608 1538//1538
f 1538//1538 1608//1608 1539//1539
f 1539//1539 1609//1609 1602//1602
f 1539//1539 1608//1608 1610//1610
f 1539//1539 1610//1610 1609//1609
f 1540//1540 1607//1607 1542//1542
f 1541//1541 1611//1611 1547//1547
f 1541//1541 1542//1542 1612//1612
f 1541//1541 1612//1612 1611//1611
f 1542//1542 1607//1607 1606//1606
f 1542//1542 1606//1606 1612//1612
f 1544//1544 1548//1548 1613//1613
f 1544//1544 1613//1613 1545//1545
f 1545//1545 1559//1559 1546//1546
f 1545//1545 1613//1613 1559//1559
f 1547//1547 1614//1614 1615//1615
f 1547//1547 1615//1615 1548//1548
f 1547//1547 1611//1611 1614//1614
f 1548//1548 1615//1615 1613//1613
f 1549//1549 1558//1558 1616//1616
f 1549//1549 1616//1616 1553//1553
f 1550//1550 1552//1552 1555//1555
f 1551//1551 1554//1554 1552//1552
f 1552//1552 1617//1617 1555//1555
f 1552//1552 1554//1554 1618//1618
f 1552//1552 1618//1618 1617//1617
f 1553//1553 1616//1616 1619//1619
f 1553//1553 1619//1619 1554//1554
f 1554//1554 1619//1619 1620//1620
f 1554//1554 1620//1620 1618//1618
f 1555//1555 1617//1617 1621//1621
f 1555//1555 1621//1621 1622//1622
f 1555//1555 1622//1622 1562//1562
f 1555//1555 1562//1562 1557//1557
f 1555//1555 1557//1557 1556//1556
f 1557//1557 1562//1562 1561//1561
f 1558//1558 1560//1560 1623//1623
f 1558//1558 1623//1623 1616//1616
f 1559//1559 1613//1613 1615//1615
f 1559//1559 1615//1615 1624//1624
f 1559//1559 1624//1624 1560//1560
f 1560//1560 1624//1624 1615//1615
f 1560//1560 1615//1615 1625//1625
f 1560//1560 1625//1625 1623//1623
f 1562//1562 1622//1622 1626//1626
f 1562//1562 1626//1626 1563//1563
f 1563//1563 1626//1626 1627//1627
f 1564//1564 1628//1628 1565//1565
f 1564//1564 1570//1570 1628//1628
f 1565//1565 1628//1628 1629//1629
f 1565//1565 1629//1629 1630//1630
f 1565//1565 1630//1630 1566//1566
f 1566//1566 1630//1630 1572//1572
f 1566//1566 1572//1572 1567//1567
f 1568//1568 1631//1631 1632//1632
f 1568//1568 1632//1632 1569//1569
f 1568//1568 1571//1571 1631//1631
f 1569//1569 1632//1632 1570//1570
f 1570//1570 1632//1632 1628//1628
f 1571//1571 1633//1633 1631//1631
f 1572//1572 1630//1630 1634//1634
f 1572//1572 1634//1634 1635//1635
f 1573//1573 1635//1635 1636//1636
f 1573//1573 1636//1636 1574//1574
f 1574//1574 1636//1636 1699//1699
f 1574//1574 1699//1699 1637//1637
f 1574//1574 1637//1637 1638//1638
f 1574//1574 1638//1638 1575//1575
f 1575//1575 1638//1638 1576//1576
f 1576//1576 1638//1638 1639//1639
f 1576//1576 1639//1639 1578//1578
f 1578//1578 1639//1639 1640//1640
f 1578//1578 1640//1640 1641//1641
f 1578//1578 1641//1641 1642//1642
f 1578//1578 1642//1642 1643//1643
f 1578//1578 1643//1643 1579//1579
f 1579//1579 1643//1643 1644//1644
f 1579//1579 1644//1644 1645//1645
f 1579//1579 1645//1645 1580//1580
f 1580//1580 1645//1645 1581//1581
f 1581//1581 1646//1646 1583//1583
f 1581//1581 1645//1645 1644//1644
f 1581//1581 1644//1644 1646//1646
f 1583//1583 1646//1646 1647//1647
f 1583//1583 1647//1647 1584//1584
f 1584//1584 1648//1648 1586//1586
f 1584//1584 1586//1586 1585//1585
f 1584//1584 1647//1647 1648//1648
f 1586//1586 1649//1649 1587//1587
f 1586//1586 1648//1648 1650//1650
f 1586//1586 1650//1650 1649//1649
f 1587//1587 1649//1649 1651//1651
f 1587//1587 1651//1651 1588//1588
f 1588//1588 1651//1651 1652//1652
f 1588//1588 1652//1652 1653//1653
f 1588//1588 1653//1653 1589//1589
f 1589//1589 1653//1653 1654//1654
f 1589//1589 1654//1654 1596//1596
f 1590//1590 1595//1595 1655//1655
f 1590//1590 1655//1655 1591//1591
f 1591//1591 1655//1655 1656//1656
f 1591//1591 1656//1656 1593//1593
f 1592//1592 1657//1657 1658//1658
f 1592//1592 1658//1658 1594//1594
f 1592//1592 1593//1593 1659//1659
f 1592//1592 1659//1659 1657//1657
f 1593//1593 1656//1656 1660//1660
f 1593//1593 1660//1660 1659//1659
f 1594//1594 1658//1658 1597//1597
f 1595//1595 1596//1596 1661//1661
f 1595//1595 1661//1661 1655//1655
f 1596//1596 1654//1654 1662//1662
f 1596//1596 1662//1662 1663//1663
f 1596//1596 1663//1663 1661//1661
f 1597//1597 1658//1658 1664//1664
f 1597//1597 1664//1664 1665//1665
f 1597//1597 1665//1665 1666//1666
f 1597//1597 1666//1666 1667//1667
f 1597//1597 1667//1667 1598//1598
f 1599//1599 1668//1668 1600//1600
f 1600//1600 1669//1669 1610//1610
f 1600//1600 1610//1610 1601//1601
f 1600//1600 1668//1668 1669//1669
f 1601//1601 1610//1610 1608//1608
f 1602//1602 1670//1670 1671//1671
f 1602//1602 1671//1671 1603//1603
f 1602//1602 1609//1609 1670//1670
f 1603//1603 1671//1671 1604//1604
f 1604//1604 1671//1671 1672//1672
f 1604//1604 1672//1672 1673//1673
f 1604//1604 1673//1673 1674//1674
f 1604//1604 1674//1674 1605//1605
f 1605//1605 1674//1674 1606//1606
f 1606//1606 1674//1674 1675//1675
f 1606//1606 1675//1675 1612//1612
f 1609//1609 1676//1676 1670//1670
f 1609//1609 1610//1610 1676//1676
f 1610//1610 1669//1669 1676//1676
f 1611//1611 1675//1675 1614//1614
f 1611//1611 1612//1612 1675//1675
f 1614//1614 1675//1675 1677//1677
f 1614//1614 1677//1677 1678//1678
f 1614//1614 1678//1678 1679//1679
f 1614//1614 1679//1679 1615//1615
f 1615//1615 1679//1679 1680//1680
f 1615//1615 1680//1680 1625//1625
f 1616//1616 1623//1623 1680//1680
f 1616//1616 1680//1680 1619//1619
f 1617//1617 1618//1618 1621//1621
f 1618//1618 1620//1620 1681//1681
f 1618//1618 1681//1681 1682//1682
f 1618//1618 1682//1682 1621//1621
f 1619//1619 1680//1680 1683//1683
f 1619//1619 1683//1683 1684//1684
f 1619//1619 1684//1684 1620//1620
f 1620//1620 1684//1684 1685//1685
f 1620//1620 1685//1685 1681//1681
f 1621//1621 1686//1686 1687//1687
f 1621//1621 1687//1687 1622//1622
f 1621//1621 1682//1682 1688//1688
f 1621//1621 1688//1688 1686//1686
f 1622//1622 1687//1687 1626//1626
f 1623//1623 1625//1625 1680//1680
f 1626//1626 1687//1687 1627//1627
f 1627//1627 1687//1687 1689//1689
f 1628//1628 1632//1632 1690//1690
f 1628//1628 1690//1690 1691//1691
f 1628//1628 1691//1691 1629//1629
f 1629//1629 1691//1691 1692//1692
f 1629//1629 1692//1692 1693//1693
f 1629//1629 1693//1693 1694//1694
f 1629//1629 1694//1694 1630//1630
f 1630//1630 1694//1694 1634//1634
f 1631//1631 1695//1695 1690//1690
f 1631//1631 1690//1690 1632//1632
f 1631//1631 1633//1633 1695//1695
f 1633//1633 1696//1696 1690//1690
f 1633//1633 1690//1690 1695//1695
f 1634//1634 1694//1694 1697//1697
f 1634//1634 1697//1697 1698//1698
f 1634//1634 1698//1698 1635//1635
f 1635//1635 1698//1698 1636//1636
f 1636//1636 1698//1698 1699//1699
f 1637//1637 1699//1699 1700//1700
f 1637//1637 1700//1700 1701//1701
f 1637//1637 1701//1701 1638//1638
f 1638//1638 1701//1701 1702//1702
f 1638//1638 1702//1702 1703//1703
f 1638//1638 1703//1703 1640//1640
f 1638//1638 1640//1640 1639//1639
f 1640//1640 1703//1703 1704//1704
f 1640//1640 1704//1704 1641//1641
f 1641//1641 1704//1704 1772//1772
f 1641//1641 1772//1772 1705//1705
f 1641//1641 1705//1705 1642//1642
f 1642//1642 1705//1705 1643//1643
f 1643//1643 1706//1706 1707//1707
f 1643//1643 1707//1707 1644//1644
f 1643//1643 1705//1705 1706//1706
f 1644//1644 1707//1707 1708//1708
f 1644//1644 1708//1708 1646//1646
f 1646//1646 1708//1708 1647//1647
f 1647//1647 1708//1708 1707//1707
f 1647//1647 1707//1707 1709//1709
f 1647//1647 1709//1709 1710//1710
f 1647//1647 1710//1710 1650//1650
f 1647//1647 1650//1650 1648//1648
f 1649//1649 1650//1650 1651//1651
f 1650//1650 1711//1711 1651//1651
f 1650//1650 1710//1710 1712//1712
f 1650//1650 1712//1712 1652//1652
f 1650//1650 1652//1652 1711//1711
f 1651//1651 1711//1711 1652//1652
f 1652//1652 1712//1712 1713//1713
f 1652//1652 1713//1713 1714//1714
f 1652//1652 1714//1714 1715//1715
f 1652//1652 1715//1715 1654//1654
f 1652//1652 1654//1654 1653//1653
f 1654//1654 1716//1716 1717//1717
f 1654//1654 1717//1717 1662//1662
f 1654//1654 1715//1715 1716//1716
f 1655//1655 1661//1661 1656//1656
f 1656//1656 1661//1661 1718//1718
f 1656//1656 1718//1718 1719//1719
f 1656//1656 1719//1719 1660//1660
f 1657//1657 1659//1659 1720//1720
f 1657//1657 1720//1720 1721//1721
f 1657//1657 1721//1721 1722//1722
f 1657//1657 1722//1722 1665//1665
f 1657//1657 1665//1665 1664//1664
f 1657//1657 1664//1664 1658//1658
f 1659//1659 1660//1660 1723//1723
f 1659//1659 1723//1723 1724//1724
f 1659//1659 1724//1724 1720//1720
f 1660//1660 1719//1719 1725//1725
f 1660//1660 1725//1725 1723//1723
f 1661//1661 1663//1663 1718//1718
f 1662//1662 1717//1717 1726//1726
f 1662//1662 1726//1726 1663//1663
f 1663//1663 1726//1726 1727//1727
f 1663//1663 1727//1727 1718//1718
f 1668//1668 1728//1728 1729//1729
f 1668//1668 1729//1729 1669//1669
f 1669//1669 1729//1729 1676//1676
f 1670//1670 1730//1730 1731//1731
f 1670//1670 1731//1731 1671//1671
f 1670//1670 1676//1676 1737//1737
f 1670//1670 1737//1737 1730//1730
f 1671//1671 1731//1731 1732//1732
f 1671//1671 1732//1732 1672//1672
f 1672//1672 1732//1732 1733//1733
f 1672//1672 1733//1733 1734//1734
f 1672//1672 1734//1734 1673//1673
f 1673//1673 1734//1734 1735//1735
f 1673//1673 1735//1735 1736//1736
f 1673//1673 1736//1736 1677//1677
f 1673//1673 1677//1677 1675//1675
f 1673//1673 1675//1675 1674//1674
f 1676//1676 1729//1729 1737//1737
f 1677//1677 1738//1738 1739//1739
f 1677//1677 1739//1739 1678//1678
f 1677//1677 1736//1736 1738//1738
f 1678//1678 1739//1739 1740//1740
f 1678//1678 1740//1740 1679//1679
f 1679//1679 1740//1740 1680//1680
f 1680//1680 1741//1741 1683//1683
f 1680//1680 1740//1740 1741//1741
f 1681//1681 1685//1685 1742//1742
f 1681//1681 1742//1742 1682//1682
f 1682//1682 1742//1742 1688//1688
f 1683//1683 1741//1741 1743//1743
f 1683//1683 1743//1743 1684//1684
f 1684//1684 1743//1743 1744//1744
f 1684//1684 1744//1744 1685//1685
f 1685//1685 1745//1745 1742//1742
f 1685//1685 1744//1744 1746//1746
f 1685//1685 1746//1746 1745//1745
f 1686//1686 1688//1688 1747//1747
f 1686//1686 1747//1747 1748//1748
f 1686//1686 1748//1748 1749//1749
f 1686//1686 1749//1749 1750//1750
f 1686//1686 1750//1750 1751//1751
f 1686//1686 1751//1751 1752//1752
f 1686//1686 1752//1752 1689//1689
f 1686//1686 1689//1689 1753//1753
f 1686//1686 1753//1753 1687//1687
f 1687//1687 1753//1753 1689//1689
f 1688//1688 1742//1742 1754//1754
f 1688//1688 1754//1754 1747//1747
f 1690//1690 1755//1755 1756//1756
f 1690//1690 1756//1756 1691//1691
f 1690//1690 1696//1696 1757//1757
f 1690//1690 1757//1757 1758//1758
f 1690//1690 1758//1758 1759//1759
f 1690//1690 1759//1759 1760//1760
f 1690//1690 1760//1760 1755//1755
f 1691//1691 1756//1756 1761//1761
f 1691//1691 1761//1761 1692//1692
f 1692//1692 1761//1761 1693//1693
f 1693//1693 1761//1761 1762//1762
f 1693//1693 1762//1762 1763//1763
f 1693//1693 1763//1763 1764//1764
f 1693//1693 1764//1764 1765//1765
f 1693//1693 1765//1765 1694//1694
f 1694//1694 1765//1765 1697//1697
f 1697//1697 1765//1765 1766//1766
f 1697//1697 1766//1766 1767//1767
f 1697//1697 1767//1767 1698//1698
f 1698//1698 1767//1767 1700//1700
f 1698//1698 1700//1700 1699//1699
f 1700//1700 1767//1767 1768//1768
f 1700//1700 1768//1768 1769//1769
f 1700//1700 1769//1769 1702//1702
f 1700//1700 1702//1702 1701//1701
f 1702//1702 1704//1704 1703//1703
f 1702//1702 1769//1769 1770//1770
f 1702//1702 1770//1770 1771//1771
f 1702//1702 1771//1771 1772//1772
f 1702//1702 1772//1772 1704//1704
f 1705//1705 1772//1772 1773//1773
f 1705//1705 1773//1773 1706//1706
f 1706//1706 1773//1773 1707//1707
f 1707//1707 1773//1773 1709//1709
f 1709//1709 1773//1773 1713//1713
f 1709//1709 1713//1713 1712//1712
f 1709//1709 1712//1712 1710//1710
f 1713//1713 1773//1773 1774//1774
f 1713//1713 1774//1774 1775//1775
f 1713//1713 1775//1775 1714//1714
f 1714//1714 1775//1775 1776//1776
f 1714//1714 1776//1776 1777//1777
f 1714//1714 1777//1777 1716//1716
f 1714//1714 1716//1716 1715//1715
f 1716//1716 1778//1778 1717//1717
f 1716//1716 1777//1777 1779//1779
f 1716//1716 1779//1779 1778//1778
f 1717//1717 1778//1778 1726//1726
f 1718//1718 1727//1727 1780//1780
f 1718//1718 1780//1780 1781//1781
f 1718//1718 1781//1781 1719//1719
f 1719//1719 1781//1781 1725//1725
f 1720//1720 1782//1782 1783//1783
f 1720//1720 1783//1783 1784//1784
f 1720//1720 1784//1784 1721//1721
f 1720//1720 1724//1724 1782//1782
f 1721//1721 1784//1784 1785//1785
f 1721//1721 1785//1785 1786//1786
f 1721//1721 1786//1786 1787//1787
f 1721//1721 1787//1787 1788//1788
f 1721//1721 1788//1788 1789//1789
f 1721//1721 1789//1789 1722//1722
f 1723//1723 1725//1725 1790//1790
f 1723//1723 1790//1790 1724//1724
f 1724//1724 1790//1790 1791//1791
f 1724//1724 1791//1791 1792//1792
f 1724//1724 1792//1792 1782//1782
f 1725//1725 1781//1781 1780//1780
f 1725//1725 1780//1780 1793//1793
f 1725//1725 1793//1793 1790//1790
f 1726//1726 1778//1778 1794//1794
f 1726//1726 1794//1794 1795//1795
f 1726//1726 1795//1795 1796//1796
f 1726//1726 1796//1796 1727//1727
f 1727//1727 1796//1796 1797//1797
f 1727//1727 1797//1797 1780//1780
f 1728//1728 1798//1798 1799//1799
f 1728//1728 1799//1799 1729//1729
f 1729//1729 1799//1799 1800//1800
f 1729//1729 1800//1800 1737//1737
f 1730//1730 1737//1737 1801//1801
f 1730//1730 1801//1801 1731//1731
f 1731//1731 1801//1801 1802//1802
f 1731//1731 1802//1802 1803//1803
f 1731//1731 1803//1803 1804//1804
f 1731//1731 1804//1804 1732//1732
f 1732//1732 1804//1804 1805//1805
f 1732//1732 1805//1805 1733//1733
f 1733//1733 1805//1805 1806//1806
f 1733//1733 1806//1806 1807//1807
f 1733//1733 1807//1807 1734//1734
f 1734//1734 1807//1807 1735//1735
f 1735//1735 1807//1807 1808//1808
f 1735//1735 1808//1808 1738//1738
f 1735//1735 1738//1738 1736//1736
f 1737//1737 1800//1800 1801//1801
f 1738//1738 1809//1809 1810//1810
f 1738//1738 1810//1810 1739//1739
f 1738//1738 1808//1808 1809//1809
f 1739//1739 1810//1810 1811//1811
f 1739//1739 1811//1811 1812//1812
f 1739//1739 1812//1812 1740//1740
f 1740//1740 1812//1812 1741//1741
f 1741//1741 1813//1813 1743//1743
f 1741//1741 1812//1812 1813//1813
f 1742//1742 1745//1745 1754//1754
f 1743//1743 1813//1813 1811//1811
f 1743//1743 1811//1811 1814//1814
f 1743//1743 1814//1814 1744//1744
f 1744//1744 1814//1814 1746//1746
f 1745//1745 1746//1746 1815//1815
f 1745//1745 1815//1815 1816//1816
f 1745//1745 1816//1816 1817//1817
f 1745//1745 1817//1817 1754//1754
f 1746//1746 1814//1814 1815//1815
f 1747//1747 1818//1818 1819//1819
f 1747//1747 1819//1819 1820//1820
f 1747//1747 1820//1820 1748//1748
f 1747//1747 1754//1754 1821//1821
f 1747//1747 1821//1821 1818//1818
f 1748//1748 1820//1820 1822//1822
f 1748//1748 1822//1822 1823//1823
f 1748//1748 1823//1823 1749//1749
f 1754//1754 1817//1817 1821//1821
f 1755//1755 1824//1824 1756//1756
f 1755//1755 1760//1760 1825//1825
f 1755//1755 1825//1825 1824//1824
f 1756//1756 1824//1824 1762//1762
f 1756//1756 1762//1762 1761//1761
f 1762//1762 1824//1824 1826//1826
f 1762//1762 1826//1826 1763//1763
f 1763//1763 1826//1826 1827//1827
f 1763//1763 1827//1827 1828//1828
f 1763//1763 1828//1828 1764//1764
f 1764//1764 1828//1828 1829//1829
f 1764//1764 1829//1829 1765//1765
f 1765//1765 1829//1829 1766//1766
f 1766//1766 1829//1829 1830//1830
f 1766//1766 1830//1830 1831//1831
f 1766//1766 1831//1831 1767//1767
f 1767//1767 1831//1831 1768//1768
f 1768//1768 1831//1831 1832//1832
f 1768//1768 1832//1832 1833//1833
f 1768//1768 1833//1833 1769//1769
f 1769//1769 1833//1833 1834//1834
f 1769//1769 1834//1834 1770//1770
f 1770//1770 1834//1834 1775//1775
f 1770//1770 1775//1775 1774//1774
f 1770//1770 1774//1774 1771//1771
f 1771//1771 1774//1774 1772//1772
f 1772//1772 1774//1774 1773//1773
f 1775//1775 1834//1834 1776//1776
f 1776//1776 1834//1834 1835//1835
f 1776//1776 1835//1835 1777//1777
f 1777//1777 1835//1835 1836//1836
f 1777//1777 1836//1836 1779//1779
f 1778//1778 1779//1779 1794//1794
f 1779//1779 1836//1836 1794//1794
f 1780//1780 1837//1837 1793//1793
f 1780//1780 1797//1797 1838//1838
f 1780//1780 1838//1838 1839//1839
f 1780//1780 1839//1839 1837//1837
f 1790//1790 1793//1793 1791//1791
f 1791//1791 1793//1793 1840//1840
f 1791//1791 1840//1840 1792//1792
f 1793//1793 1837//1837 1841//1841
f 1793//1793 1841//1841 1840//1840
f 1794//1794 1842//1842 1795//1795
f 1794//1794 1836//1836 1835//1835
f 1794//1794 1835//1835 1843//1843
f 1794//1794 1843//1843 1842//1842
f 1795//1795 1842//1842 1796//1796
f 1796//1796 1842//1842 1797//1797
f 1797//1797 1842//1842 1838//1838
f 1798//1798 1844//1844 1799//1799
f 1799//1799 1844//1844 1845//1845
f 1799//1799 1845//1845 1801//1801
f 1799//1799 1801//1801 1800//1800
f 1801//1801 1845//1845 1846//1846
f 1801//1801 1846//1846 1802//1802
f 1802//1802 1846//1846 1847//1847
f 1802//1802 1847//1847 1848//1848
f 1802//1802 1848//1848 1803//1803
f 1803//1803 1848//1848 1804//1804
f 1804//1804 1848//1848 1805//1805
f 1805//1805 1849//1849 1850//1850
f 1805//1805 1850//1850 1806//1806
f 1805//1805 1848//1848 1849//1849
f 1806//1806 1850//1850 1851//1851
f 1806//1806 1851//1851 1852//1852
f 1806//1806 1852//1852 1807//1807
f 1807//1807 1852//1852 1808//1808
f 1808//1808 1852//1852 1853//1853
f 1808//1808 1853//1853 1809//1809
f 1809//1809 1853//1853 1854//1854
f 1809//1809 1854//1854 1855//1855
f 1809//1809 1855//1855 1810//1810
f 1810//1810 1855//1855 1814//1814
f 1810//1810 1814//1814 1811//1811
f 1811//1811 1813//1813 1812//1812
f 1814//1814 1855//1855 1856//1856
f 1814//1814 1856//1856 1815//1815
f 1815//1815 1857//1857 1858//1858
f 1815//1815 1858//1858 1859//1859
f 1815//1815 1859//1859 1816//1816
f 1815//1815 1856//1856 1857//1857
f 1816//1816 1859//1859 1860//1860
f 1816//1816 1860//1860 1861//1861
f 1816//1816 1861//1861 1817//1817
f 1817//1817 1861//1861 1818//1818
f 1817//1817 1818//1818 1821//1821
f 1824//1824 1862//1862 1826//1826
f 1824//1824 1825//1825 1863//1863
f 1824//1824 1863//1863 1862//1862
f 1826//1826 1862//1862 1864//1864
f 1826//1826 1864//1864 1827//1827
f 1827//1827 1864//1864 1865//1865
f 1827//1827 1865//1865 1866//1866
f 1827//1827 1866//1866 1867//1867
f 1827//1827 1867//1867 1828//1828
f 1828//1828 1867//1867 1829//1829
f 1829//1829 1867//1867 1868//1868
f 1829//1829 1868//1868 1830//1830
f 1830//1830 1868//1868 1869//1869
f 1830//1830 1869//1869 1832//1832
f 1830//1830 1832//1832 1831//1831
f 1832//1832 1834//1834 1833//1833
f 1832//1832 1869//1869 1835//1835
f 1832//1832 1835//1835 1834//1834
f 1835//1835 1869//1869 1843//1843
f 1837//1837 1839//1839 1841//1841
f 1838//1838 1842//1842 1870//1870
f 1838//1838 1870//1870 1839//1839
f 1839//1839 1870//1870 1871//1871
f 1839//1839 1871//1871 1841//1841
f 1840//1840 1841//1841 1872//1872
f 1841//1841 1871//1871 1873//1873
f 1841//1841 1873//1873 1874//1874
f 1841//1841 1874//1874 1875//1875
f 1841//1841 1875//1875 1872//1872
f 1842//1842 1843//1843 1876//1876
f 1842//1842 1876//1876 1870//1870
f 1843//1843 1869//1869 1876//1876
f 1844//1844 1877//1877 1878//1878
f 1844//1844 1878//1878 1845//1845
f 1845//1845 1878//1878 1846//1846
f 1846//1846 1879//1879 1847//1847
f 1846//1846 1878//1878 1877//1877
f 1846//1846 1877//1877 1880//1880
f 1846//1846 1880//1880 1881//1881
f 1846//1846 1881//1881 1882//1882
f 1846//1846 1882//1882 1883//1883
f 1846//1846 1883//1883 1884//1884
f 1846//1846 1884//1884 1879//1879
f 1847//1847 1879//1879 1885//1885
f 1847//1847 1885//1885 1849//1849
f 1847//1847 1849//1849 1848//1848
f 1849//1849 1885//1885 1886//1886
f 1849//1849 1886//1886 1887//1887
f 1849//1849 1887//1887 1850//1850
f 1850//1850 1887//1887 1851//1851
f 1851//1851 1887//1887 1854//1854
f 1851//1851 1854//1854 1852//1852
f 1852//1852 1854//1854 1853//1853
f 1854//1854 1888//1888 1889//1889
f 1854//1854 1889//1889 1855//1855
f 1854//1854 1887//1887 1888//1888
f 1855//1855 1889//1889 1890//1890
f 1855//1855 1890//1890 1856//1856
f 1856//1856 1890//1890 1857//1857
f 1857//1857 1860//1860 1858//1858
f 1857//1857 1890//1890 1860//1860
f 1858//1858 1860//1860 1859//1859
f 1860//1860 1890//1890 1891//1891
f 1860//1860 1891//1891 1892//1892
f 1860//1860 1892//1892 1861//1861
f 1862//1862 1863//1863 1864//1864
f 1863//1863 1893//1893 1864//1864
f 1864//1864 1894//1894 1865//1865
f 1864//1864 1893//1893 1894//1894
f 1865//1865 1894//1894 1866//1866
f 1866//1866 1894//1894 1895//1895
f 1866//1866 1895//1895 1896//1896
f 1866//1866 1896//1896 1897//1897
f 1866//1866 1897//1897 1867//1867
f 1867//1867 1897//1897 1876//1876
f 1867//1867 1876//1876 1869//1869
f 1867//1867 1869//1869 1868//1868
f 1870//1870 1876//1876 1897//1897
f 1870//1870 1897//1897 1873//1873
f 1870//1870 1873//1873 1871//1871
f 1872//1872 1875//1875 1874//1874
f 1872//1872 1874//1874 1896//1896
f 1872//1872 1896//1896 1898//1898
f 1873//1873 1897//1897 1896//1896
f 1873//1873 1896//1896 1874//1874
f 1879//1879 1884//1884 1899//1899
f 1879//1879 1899//1899 1885//1885
f 1885//1885 1900//1900 1886//1886
f 1885//1885 1899//1899 1901//1901
f 1885//1885 1901//1901 1900//1900
f 1886//1886 1900//1900 1902//1902
f 1886//1886 1902//1902 1887//1887
f 1887//1887 1902//1902 1903//1903
f 1887//1887 1903//1903 1888//1888
f 1888//1888 1904//1904 1889//1889
f 1888//1888 1903//1903 1905//1905
f 1888//1888 1905//1905 1904//1904
f 1889//1889 1904//1904 1890//1890
f 1890//1890 1904//1904 1906//1906
f 1890//1890 1906//1906 1891//1891
f 1891//1891 1906//1906 1892//1892
f 1892//1892 1906//1906 1907//1907
f 1893//1893 1908//1908 1894//1894
f 1894//1894 1908//1908 1895//1895
f 1895//1895 1908//1908 1898//1898
f 1895//1895 1898//1898 1896//1896
f 1900//1900 1901//1901 1905//1905
f 1900//1900 1905//1905 1902//1902
f 1902//1902 1905//1905 1903//1903
f 1904//1904 1905//1905 1909//1909
f 1904//1904 1909//1909 1907//1907
f 1904//1904 1907//1907 1906//1906
