# Created by Open3D 
# object name: part_002
# number of vertices: 2444
# number of triangles: 4884
v -0.0571719 -0.024451 0.0665837
vn -0.0144097 -0.000846627 -0.999896
v -0.0571719 -0.0225456 0.0665837
vn -0.977594 0.0679165 -0.199244
v -0.0571529 -0.0245409 0.0665837
vn -0.96876 -0.211286 -0.129853
v -0.0622799 -0.0187218 0.09537
vn -0.967569 -0.219349 -0.125288
v -0.0619861 -0.0187218 0.0934607
vn -0.982053 -0.111586 -0.152054
v -0.0624979 -0.0168035 0.09537
vn -0.984275 -0.00806003 -0.176458
v -0.056897 -0.0206337 0.0665837
vn -0.961886 0.154956 -0.22531
v -0.0623747 -0.0148916 0.09537
vn -0.967644 0.140239 -0.209757
v -0.0567549 -0.0263629 0.0665837
vn -0.949598 -0.292825 -0.111879
v -0.0614933 -0.0207363 0.0934865
vn -0.956291 -0.270189 -0.111824
v -0.0617397 -0.0206337 0.09537
vn -0.948889 -0.299733 -0.0988427
v -0.0624979 -0.0187218 0.0972879
vn -0.974569 -0.201921 -0.0971803
v -0.0627917 -0.0168035 0.0972879
vn -0.986551 -0.103462 -0.12654
v -0.0631802 -0.0155652 0.0999885
vn -0.991315 0.0281979 -0.128447
v -0.0627443 -0.0148916 0.0972879
vn -0.980792 0.104374 -0.164783
v -0.0565559 -0.0187218 0.0665837
vn -0.954534 0.189047 -0.230489
v -0.0624126 -0.0129797 0.0972879
vn -0.960053 0.210953 -0.18384
v -0.0620051 -0.0129797 0.09537
vn -0.949455 0.222294 -0.221633
v -0.0559778 -0.0282235 0.0665837
vn -0.904691 -0.416577 -0.089431
v -0.0612754 -0.0216473 0.0941487
vn -0.924014 -0.372525 -0.086158
v -0.0618819 -0.0206337 0.0972879
vn -0.93791 -0.342031 -0.0577914
v -0.062659 -0.0187218 0.0991973
vn -0.958346 -0.277043 -0.0694306
v -0.0630949 -0.0172782 0.101107
vn -0.982583 -0.172113 -0.0700534
v -0.0630191 -0.0167008 0.0992919
vn -0.983886 -0.150314 -0.0968238
v -0.0631802 -0.0159951 0.0999885
vn -0.994653 -0.0674746 -0.0781787
v -0.0631328 -0.0142949 0.100419
vn -0.982776 0.135595 -0.125563
v -0.0630476 -0.0149172 0.0992919
vn -0.986832 0.0836691 -0.138426
v -0.0633319 -0.0148916 0.103025
vn -0.999196 0.0105081 -0.0386868
v -0.0632276 -0.0149172 0.101081
vn -0.996443 0.0555278 -0.063382
v -0.0627443 -0.0129797 0.0991973
vn -0.969033 0.202547 -0.141244
v -0.0561294 -0.0168035 0.0665837
vn -0.943154 0.222396 -0.246981
v -0.062261 -0.0110678 0.0991973
vn -0.949438 0.276299 -0.149083
v -0.0619103 -0.0110678 0.0972879
vn -0.945407 0.263834 -0.191305
v -0.0614933 -0.0110549 0.0954044
vn -0.940068 0.257325 -0.223733
v -0.0557314 -0.0152252 0.0665837
vn -0.937395 0.251998 -0.240392
v -0.0554755 -0.0291794 0.0665837
vn -0.825735 -0.562312 -0.0443654
v -0.0613228 -0.0217308 0.09537
vn -0.877869 -0.476093 -0.0517867
v -0.0619767 -0.0206337 0.0991973
vn -0.921808 -0.386156 -0.0339555
v -0.0627727 -0.0187218 0.101107
vn -0.949576 -0.310898 -0.0405855
v -0.0631328 -0.0175926 0.103025
vn -0.978991 -0.201973 -0.0279716
v -0.0632655 -0.0166366 0.103025
vn -0.996697 -0.0764126 -0.0274959
v -0.0632181 -0.0163223 0.101107
vn -0.996985 -0.0653605 -0.0418219
v -0.0631897 -0.0137816 0.1017
vn -0.989832 0.125199 -0.0675124
v -0.0629907 -0.0130759 0.101081
vn -0.970698 0.217541 -0.102081
v -0.0633887 -0.0148916 0.104934
vn -0.999906 0.00951316 -0.00984205
v -0.0632276 -0.0135571 0.103025
vn -0.991855 0.122719 -0.0341157
v -0.0624979 -0.0110678 0.101107
vn -0.960273 0.260935 -0.0989375
v -0.0619008 -0.00915588 0.101107
vn -0.946909 0.306582 -0.0968032
v -0.0615881 -0.0090019 0.0990855
vn -0.943603 0.303046 -0.133332
v -0.061228 -0.00826409 0.0983716
vn -0.93433 0.315219 -0.16633
v -0.0614365 -0.0095344 0.0972879
vn -0.939226 0.295649 -0.174488
v -0.0613133 -0.00991293 0.0960581
vn -0.926754 0.302424 -0.222861
v -0.0611616 -0.0104069 0.0947852
vn -0.932452 0.28124 -0.226799
v -0.0554376 -0.0141858 0.0665837
vn -0.92133 0.279962 -0.269763
v -0.0546226 -0.0301931 0.0665837
vn -0.752808 -0.633503 -0.178758
v -0.0555229 -0.02925 0.0766464
vn -0.770608 -0.637284 -0.00568614
v -0.0590483 -0.025022 0.0915427
vn -0.784953 -0.619505 -0.00793004
v -0.0597685 -0.0240918 0.0934607
vn -0.824816 -0.564927 -0.0231387
v -0.0607541 -0.0226867 0.09537
vn -0.847256 -0.530073 -0.034345
v -0.0613607 -0.0217949 0.0972879
vn -0.883316 -0.468083 -0.0255055
v -0.062024 -0.0206337 0.101107
vn -0.916212 -0.400506 -0.0122307
v -0.0628201 -0.0187218 0.103025
vn -0.944256 -0.328997 -0.0119269
v -0.0631423 -0.0176503 0.104934
vn -0.975221 -0.221229 0.00138284
v -0.0632845 -0.0166944 0.104934
vn -0.995352 -0.0961587 -0.00529178
v -0.0630476 -0.0126011 0.103025
vn -0.970942 0.230799 -0.0632792
v -0.0633793 -0.0148916 0.106852
vn -0.999828 0.0100655 0.0155636
v -0.063256 -0.0133774 0.106852
vn -0.993212 0.115663 0.0123066
v -0.063256 -0.0133839 0.104934
vn -0.991524 0.129384 -0.01185
v -0.0632845 -0.0166238 0.106852
vn -0.995852 -0.0904869 0.00950934
v -0.0630855 -0.0124279 0.104934
vn -0.977304 0.210502 -0.0237757
v -0.0626495 -0.0110678 0.103025
vn -0.956911 0.283322 -0.0636336
v -0.062043 -0.00915588 0.103025
vn -0.945368 0.321924 -0.0514283
v -0.061408 -0.00775724 0.101107
vn -0.937062 0.341231 -0.0739942
v -0.0613322 -0.00797538 0.0996531
vn -0.93176 0.343098 -0.118773
v -0.0609911 -0.00730172 0.0990855
vn -0.920694 0.358262 -0.154828
v -0.0606499 -0.00724398 0.0972879
vn -0.916002 0.356954 -0.183097
v -0.0611237 -0.00857204 0.0972879
vn -0.925487 0.321556 -0.20019
v -0.0609247 -0.00922645 0.0954044
vn -0.920075 0.318412 -0.228204
v -0.055049 -0.0129797 0.0665837
vn -0.913542 0.306899 -0.266936
v -0.0545847 -0.030238 0.0665837
vn -0.737632 -0.648401 -0.18835
v -0.0537033 -0.0312389 0.0665837
vn -0.585841 -0.809322 -0.0422909
v -0.0537033 -0.0312389 0.0666783
vn -0.646229 -0.76304 0.0125815
v -0.0555134 -0.0292436 0.0781515
vn -0.728707 -0.684766 0.00906042
v -0.0572761 -0.0271585 0.0877154
vn -0.719188 -0.694305 0.0266219
v -0.0572856 -0.0271456 0.0858061
vn -0.771362 -0.636394 -0.00192748
v -0.0590199 -0.0250477 0.0934607
vn -0.738924 -0.673239 0.0272045
v -0.059797 -0.0240533 0.09537
vn -0.791191 -0.611531 0.00683456
v -0.0607541 -0.0227509 0.0972879
vn -0.820084 -0.572223 -0.00475704
v -0.0613891 -0.0218206 0.0991973
vn -0.864587 -0.502408 -0.00871583
v -0.062024 -0.0206337 0.103025
vn -0.896995 -0.441989 0.00677783
v -0.0628201 -0.0187218 0.104934
vn -0.932413 -0.361281 0.00904606
v -0.0631328 -0.0175798 0.106852
vn -0.969771 -0.24242 0.0278613
v -0.0627443 -0.0110678 0.104934
vn -0.959709 0.279827 -0.0256132
v -0.0632655 -0.0164442 0.108761
vn -0.995209 -0.0929569 0.0303015
v -0.0633319 -0.0148916 0.108761
vn -0.99909 0.0128855 0.040656
v -0.0632276 -0.013525 0.108761
vn -0.994042 0.104452 0.0311373
v -0.0630949 -0.0124215 0.106852
vn -0.974895 0.222288 0.0129505
v -0.0621093 -0.00915588 0.104934
vn -0.942392 0.334284 -0.0122928
v -0.0614744 -0.00761609 0.103025
vn -0.933878 0.355456 -0.0390181
v -0.0610479 -0.00680129 0.101107
vn -0.926477 0.366372 -0.0860986
v -0.0602234 -0.00532567 0.0991973
vn -0.915493 0.377882 -0.138122
v -0.0597875 -0.00516528 0.0971503
vn -0.909294 0.37437 -0.181747
v -0.059598 -0.00567212 0.09537
vn -0.905276 0.369337 -0.209918
v -0.0602234 -0.00724398 0.09537
vn -0.912013 0.340501 -0.228672
v -0.0544141 -0.0111576 0.0665837
vn -0.906073 0.326617 -0.268984
v -0.0526893 -0.0319318 0.0665837
vn -0.562938 -0.824178 -0.0618993
v -0.0373366 -0.0436085 0.141272
vn -0.564796 -0.825193 -0.00780866
v -0.0384928 -0.0427808 0.141272
vn -0.623037 -0.782155 0.00760748
v -0.0536464 -0.031194 0.0705056
vn -0.674128 -0.738318 0.0209194
v -0.0555039 -0.0292372 0.0791406
vn -0.687173 -0.726067 0.0248889
v -0.0415633 -0.0402594 0.139362
vn -0.650688 -0.759194 0.0151735
v -0.0574941 -0.025484 0.122144
vn -0.735221 -0.677195 0.0292718
v -0.0536085 -0.0292436 0.12893
vn -0.69387 -0.719574 0.0275044
v -0.0555608 -0.0273702 0.125971
vn -0.720921 -0.692407 0.0290749
v -0.0597685 -0.023957 0.0991973
vn -0.753082 -0.657256 0.0297221
v -0.059797 -0.0240019 0.0972879
vn -0.77323 -0.633757 0.0216338
v -0.0607257 -0.0227765 0.0991973
vn -0.797721 -0.602872 0.0136228
v -0.0613891 -0.0218142 0.101107
vn -0.844213 -0.535964 0.00687403
v -0.0613796 -0.0217821 0.103025
vn -0.835786 -0.548698 0.0198173
v -0.0619956 -0.0206337 0.104934
vn -0.895644 -0.444299 0.0205056
v -0.0627822 -0.0187218 0.106852
vn -0.925374 -0.377925 0.0292605
v -0.0627064 -0.0187218 0.108761
vn -0.936965 -0.34659 0.0444041
v -0.0630949 -0.0174001 0.108761
vn -0.97002 -0.234215 0.0648394
v -0.0627443 -0.0110678 0.106852
vn -0.953977 0.299469 0.0156632
v -0.0632181 -0.0161747 0.110283
vn -0.992986 -0.0712987 0.0943182
v -0.0632276 -0.0148916 0.110404
vn -0.996908 0.0184597 0.0763831
v -0.0631897 -0.0137496 0.110068
vn -0.989855 0.107906 0.0924309
v -0.0630665 -0.0125691 0.108761
vn -0.975647 0.212053 0.0560931
v -0.062678 -0.0110678 0.108761
vn -0.958171 0.28253 0.045666
v -0.0620999 -0.00915588 0.106852
vn -0.938063 0.346189 0.0138139
v -0.0615028 -0.00758402 0.104934
vn -0.92967 0.368374 -0.00391565
v -0.0610953 -0.00666015 0.103025
vn -0.924957 0.378756 -0.0316025
v -0.0604509 -0.00532567 0.101107
vn -0.915178 0.396759 -0.0709379
v -0.0595695 -0.00386288 0.0991973
vn -0.902405 0.414316 -0.118353
v -0.0594463 -0.00413876 0.0977008
vn -0.890444 0.42361 -0.166327
v -0.0593136 -0.00442105 0.0964279
vn -0.883667 0.419345 -0.208045
v -0.059181 -0.00471617 0.09537
vn -0.882584 0.40832 -0.233067
v -0.0594368 -0.00605707 0.0941057
vn -0.899374 0.370819 -0.231559
v -0.053836 -0.00967555 0.0665837
vn -0.896776 0.350522 -0.27005
v -0.0526419 -0.0319639 0.0665837
vn -0.543796 -0.838607 -0.0319937
v -0.0361141 -0.0444104 0.141272
vn -0.545516 -0.837888 -0.0188466
v -0.0327877 -0.0465854 0.141951
vn -0.499038 -0.865895 -0.0344519
v -0.0327403 -0.0465597 0.14319
vn -0.542572 -0.837158 0.0691542
v -0.0336975 -0.0459117 0.14319
vn -0.569185 -0.812431 0.126425
v -0.0383886 -0.0427167 0.142355
vn -0.628986 -0.701539 0.334991
v -0.0405588 -0.0410101 0.140945
vn -0.686068 -0.709957 0.158971
v -0.0426153 -0.0393035 0.139362
vn -0.685529 -0.727473 0.0288519
v -0.0574562 -0.0254519 0.123477
vn -0.762741 -0.644741 0.050355
v -0.0594084 -0.0235785 0.116407
vn -0.769742 -0.637449 0.0340055
v -0.0594463 -0.0236234 0.114489
vn -0.755644 -0.654286 0.0302031
v -0.0535327 -0.0291666 0.130203
vn -0.743302 -0.659454 0.112353
v -0.0555229 -0.0273381 0.127089
vn -0.748751 -0.658963 0.0716876
v -0.0515615 -0.0310272 0.131708
vn -0.721284 -0.685156 0.101543
v -0.0605551 -0.0226546 0.106852
vn -0.771478 -0.635536 0.0302519
v -0.0606783 -0.0227701 0.101107
vn -0.779294 -0.626081 0.0268885
v -0.0613228 -0.0216987 0.106852
vn -0.819294 -0.5727 0.0277764
v -0.0619388 -0.0206337 0.106852
vn -0.891357 -0.452252 0.0308266
v -0.0618629 -0.0206337 0.108761
vn -0.907345 -0.418037 0.0443875
v -0.0626021 -0.0187218 0.110671
vn -0.927335 -0.369417 0.0598367
v -0.063057 -0.0168099 0.110817
vn -0.972758 -0.214999 0.0867043
v -0.0624505 -0.0187218 0.11258
vn -0.954377 -0.284933 0.0893217
v -0.0620525 -0.00915588 0.108761
vn -0.942983 0.331102 0.0339733
v -0.0628864 -0.0168035 0.11258
vn -0.974072 -0.20056 0.104685
v -0.062659 -0.0168035 0.114489
vn -0.984866 -0.111897 0.132355
v -0.0629907 -0.0148916 0.11258
vn -0.99175 0.021411 0.126383
v -0.0631328 -0.0148916 0.111359
vn -0.9939 0.021247 0.108219
v -0.0627917 -0.0129797 0.11258
vn -0.980847 0.149418 0.124956
v -0.0630096 -0.0130631 0.110688
vn -0.972518 0.212654 0.0948026
v -0.0625548 -0.0110678 0.110671
vn -0.961364 0.262335 0.0834207
v -0.0619577 -0.00915588 0.110671
vn -0.946759 0.315319 0.0649798
v -0.0614744 -0.00765459 0.108761
vn -0.929454 0.368173 0.023753
v -0.0614933 -0.00760968 0.106852
vn -0.925773 0.377827 0.0138438
v -0.0611048 -0.00662807 0.104934
vn -0.919731 0.392493 0.00670428
v -0.0605362 -0.00532567 0.103025
vn -0.916747 0.399023 -0.0188595
v -0.0597306 -0.00352285 0.103025
vn -0.910083 0.414144 -0.0153065
v -0.0596832 -0.0036255 0.101107
vn -0.905467 0.418921 -0.068083
v -0.0591146 -0.00290693 0.0991973
vn -0.892286 0.433621 -0.125692
v -0.0584228 -0.00150188 0.0991973
vn -0.885276 0.443505 -0.139959
v -0.0575509 -0.000314967 0.0977094
vn -0.866892 0.46543 -0.17853
v -0.0590009 -0.0034651 0.0971503
vn -0.880914 0.435786 -0.184613
v -0.057949 -0.00134149 0.0971589
vn -0.873431 0.439554 -0.20955
v -0.058546 -0.00341378 0.09537
vn -0.870208 0.434383 -0.232486
v -0.0527461 -0.00730172 0.0665837
vn -0.86204 0.416404 -0.288955
v -0.0533906 -0.00864903 0.0665837
vn -0.856778 0.395492 -0.330933
v -0.0537886 -0.00956007 0.0665837
vn -0.88151 0.384786 -0.273643
v -0.0538075 -0.00960498 0.0665837
vn -0.878585 0.360508 -0.313246
v -0.0512867 -0.03283 0.0665837
vn -0.494316 -0.864199 -0.0938735
v -0.033271 -0.0430439 0.0665837
vn -0.490607 -0.866117 -0.0956369
v -0.0316694 -0.0439421 0.0665837
vn -0.483911 -0.869522 -0.0988031
v -0.030608 -0.0445259 0.0665837
vn -0.474728 -0.877678 -0.0656929
v -0.0301152 -0.0480803 0.14319
vn -0.469088 -0.882399 -0.0364462
v -0.0315936 -0.0472334 0.14319
vn -0.496102 -0.858459 0.130122
v -0.0325697 -0.0464635 0.144161
vn -0.530331 -0.74359 0.407213
v -0.0350432 -0.0449494 0.14319
vn -0.575551 -0.787379 0.220852
v -0.036569 -0.0428258 0.144351
vn -0.600294 -0.579622 0.551077
v -0.0378484 -0.04212 0.143628
vn -0.629471 -0.556193 0.5426
v -0.0387961 -0.0415554 0.143069
vn -0.648051 -0.545228 0.531749
v -0.0401987 -0.0407021 0.142218
vn -0.682649 -0.539893 0.492449
v -0.0423689 -0.0391239 0.140704
vn -0.727326 -0.588377 0.353283
v -0.0346452 -0.0446927 0.144325
vn -0.562894 -0.64979 0.510806
v -0.0435725 -0.0382257 0.139362
vn -0.746196 -0.629174 0.217556
v -0.0514288 -0.0308411 0.133626
vn -0.739443 -0.653752 0.160728
v -0.0573993 -0.0253749 0.124758
vn -0.797478 -0.59547 0.0971808
v -0.0592947 -0.0234373 0.120234
vn -0.830097 -0.551861 0.0799297
v -0.0593326 -0.0234887 0.119194
vn -0.798726 -0.599513 0.0511991
v -0.0593705 -0.0235336 0.117912
vn -0.778324 -0.626498 0.0413696
v -0.0612659 -0.0216089 0.11
vn -0.807224 -0.589104 0.0366798
v -0.0605172 -0.0226033 0.108761
vn -0.778073 -0.627321 0.0327212
v -0.0534095 -0.0289741 0.131708
vn -0.773794 -0.608471 0.176085
v -0.0554565 -0.0272419 0.128362
vn -0.781945 -0.608848 0.133665
v -0.0524523 -0.0300712 0.131708
vn -0.727159 -0.676607 0.11594
v -0.0616734 -0.0208069 0.110645
vn -0.882061 -0.468434 0.0503797
v -0.0616924 -0.020531 0.11258
vn -0.905198 -0.420908 0.058763
v -0.0616071 -0.0204027 0.114489
vn -0.913466 -0.398784 0.0809363
v -0.0614839 -0.0202102 0.116407
vn -0.922835 -0.369568 0.108601
v -0.0622515 -0.0187218 0.114489
vn -0.957031 -0.266131 0.115173
v -0.0614365 -0.00771875 0.110671
vn -0.93462 0.352171 0.049615
v -0.0623652 -0.0168035 0.116407
vn -0.978712 -0.117152 0.168516
v -0.0627348 -0.0148916 0.114489
vn -0.988387 0.0358801 0.14766
v -0.0619956 -0.0187218 0.116407
vn -0.963169 -0.227457 0.143417
v -0.0625263 -0.0129797 0.114489
vn -0.971599 0.176113 0.158047
v -0.0623557 -0.0110678 0.11258
vn -0.961242 0.247876 0.120714
v -0.0617871 -0.00915588 0.11258
vn -0.949447 0.295693 0.10543
v -0.0613607 -0.00789197 0.11258
vn -0.939494 0.332246 0.0834439
v -0.0610574 -0.0067628 0.110671
vn -0.924585 0.378975 0.0389795
v -0.0610764 -0.00669864 0.108761
vn -0.920452 0.390479 0.017166
v -0.0604888 -0.00532567 0.108761
vn -0.916394 0.399978 0.0154507
v -0.0605172 -0.00532567 0.106852
vn -0.914082 0.40538 0.0110287
v -0.0605362 -0.00532567 0.104934
vn -0.913259 0.407348 0.0050252
v -0.0597212 -0.00351643 0.104934
vn -0.910861 0.412659 0.00664852
v -0.0592852 -0.00256048 0.104934
vn -0.909754 0.415131 0.00368143
v -0.0588019 -0.00150188 0.104934
vn -0.90759 0.419852 -0.00219361
v -0.0592852 -0.0025669 0.103025
vn -0.90503 0.424397 -0.0284213
v -0.0587829 -0.00150188 0.103025
vn -0.900626 0.4327 -0.0405415
v -0.0592284 -0.00266955 0.101107
vn -0.897907 0.431754 -0.0857402
v -0.0586597 -0.00150188 0.101107
vn -0.892943 0.442419 -0.0831711
v -0.0578068 0.000185461 0.101107
vn -0.884253 0.455662 -0.102318
v -0.0576836 -5.83369e-05 0.0991973
vn -0.876937 0.462259 -0.131522
v -0.0573898 -0.000597261 0.0964365
vn -0.861177 0.457316 -0.221892
v -0.0571624 0.000897609 0.0991973
vn -0.860117 0.489829 -0.14236
v -0.0563284 0.00232191 0.0991973
vn -0.848873 0.502041 -0.165437
v -0.0559114 0.00237965 0.0974342
vn -0.843907 0.498561 -0.198134
v -0.0570297 0.000358687 0.0971589
vn -0.844583 0.491023 -0.213484
v -0.0577405 -0.00182909 0.09537
vn -0.865743 0.442419 -0.233998
v -0.0527177 -0.00724398 0.0665837
vn -0.854354 0.438249 -0.279317
v -0.0296603 -0.0450328 0.0665837
vn -0.46338 -0.879597 -0.107651
v -0.0279166 -0.0459438 0.0665837
vn -0.456748 -0.884678 -0.0934159
v -0.0291675 -0.0485743 0.14319
vn -0.436853 -0.898881 -0.0342526
v -0.028978 -0.0484909 0.144359
vn -0.438373 -0.831971 0.34008
v -0.0315936 -0.0467714 0.144583
vn -0.444586 -0.732656 0.515323
v -0.0305511 -0.0463929 0.145985
vn -0.4425 -0.683184 0.580908
v -0.0315936 -0.0460144 0.145537
vn -0.488583 -0.663525 0.566588
v -0.0326929 -0.0446542 0.146174
vn -0.503047 -0.636059 0.585126
v -0.035953 -0.0421649 0.145623
vn -0.58746 -0.552684 0.591127
v -0.0365311 -0.0408882 0.146217
vn -0.605469 -0.526355 0.596957
v -0.037185 -0.0415041 0.144944
vn -0.613834 -0.541405 0.574533
v -0.0383981 -0.0408433 0.144265
vn -0.639295 -0.525182 0.561681
v -0.0352991 -0.0434673 0.144978
vn -0.569361 -0.594541 0.567758
v -0.0346736 -0.0428258 0.146251
vn -0.559361 -0.577506 0.594645
v -0.0398575 -0.0399387 0.143353
vn -0.661614 -0.513318 0.5466
v -0.0401608 -0.0387453 0.144101
vn -0.665686 -0.490896 0.562035
v -0.0406725 -0.0394254 0.14282
vn -0.685063 -0.498116 0.531573
v -0.0419424 -0.0385529 0.141985
vn -0.707395 -0.503708 0.495853
v -0.0440937 -0.0369746 0.140412
vn -0.738152 -0.512223 0.439043
v -0.0461407 -0.0352423 0.138777
vn -0.753622 -0.560559 0.343259
v -0.0443496 -0.0372697 0.139362
vn -0.754543 -0.593083 0.280923
v -0.0339628 -0.0441025 0.145598
vn -0.537625 -0.607141 0.585098
v -0.0501874 -0.0316303 0.135535
vn -0.756575 -0.600243 0.259429
v -0.052187 -0.0298852 0.133626
vn -0.783226 -0.567061 0.25495
v -0.057314 -0.0252273 0.125971
vn -0.830515 -0.532324 0.163941
v -0.0591999 -0.0232449 0.122144
vn -0.849461 -0.510114 0.134907
v -0.0598538 -0.0224878 0.120234
vn -0.876072 -0.469216 0.111062
v -0.0610384 -0.0211662 0.116407
vn -0.875822 -0.472379 0.0989632
v -0.0611237 -0.0213586 0.114489
vn -0.860721 -0.503385 0.0759147
v -0.0611901 -0.021487 0.11258
vn -0.842772 -0.534944 0.0597534
v -0.061228 -0.0215575 0.111264
vn -0.826938 -0.559998 0.0507549
v -0.0540919 -0.0280118 0.131708
vn -0.802368 -0.542142 0.249573
v -0.0553239 -0.0270045 0.129798
vn -0.820221 -0.529702 0.215994
v -0.0613417 -0.0199087 0.118316
vn -0.929799 -0.343992 0.130934
v -0.0609342 -0.0208646 0.118316
vn -0.897907 -0.420526 0.130081
v -0.06101 -0.00693603 0.11258
vn -0.928594 0.360046 0.0898905
v -0.0620051 -0.0168035 0.118316
vn -0.978404 -0.0355803 0.203616
v -0.0624126 -0.0148916 0.116407
vn -0.981691 0.0495136 0.183932
v -0.0616829 -0.0187218 0.118316
vn -0.966619 -0.189264 0.172703
v -0.0612754 -0.0178941 0.121292
vn -0.965479 -0.132408 0.224317
v -0.0612564 -0.0197098 0.11934
vn -0.943699 -0.279853 0.176395
v -0.0621757 -0.0129797 0.116407
vn -0.963972 0.173597 0.201548
v -0.0620809 -0.0110678 0.114489
vn -0.954408 0.253904 0.156966
v -0.0615028 -0.00907889 0.114463
vn -0.948183 0.282436 0.14553
v -0.0612848 -0.00807803 0.113801
vn -0.935141 0.331713 0.124413
v -0.0603656 -0.00532567 0.11258
vn -0.918944 0.387298 0.0744422
v -0.0604509 -0.00532567 0.110671
vn -0.917052 0.397649 0.0298393
v -0.0596832 -0.00359342 0.110671
vn -0.913485 0.406136 0.0244748
v -0.0597022 -0.00356134 0.108761
vn -0.911371 0.411408 0.0121425
v -0.0597117 -0.00353568 0.106852
vn -0.911056 0.412177 0.00930408
v -0.0579205 0.000410012 0.106852
vn -0.909269 0.416107 0.00917802
v -0.0579111 0.000410012 0.104934
vn -0.905282 0.424731 -0.00823367
v -0.0574372 0.00140446 0.104934
vn -0.894085 0.447595 -0.0164502
v -0.0574277 0.00137237 0.103936
vn -0.885891 0.462098 -0.0407662
v -0.0577879 0.000557574 0.103188
vn -0.894994 0.442105 -0.0594034
v -0.0573804 0.00128897 0.102663
vn -0.878819 0.470674 -0.0783794
v -0.0572951 0.00114141 0.101107
vn -0.869858 0.480732 -0.110651
v -0.0572477 -0.000873139 0.09537
vn -0.858787 0.45512 -0.235267
v -0.0565369 0.000410012 0.09537
vn -0.844302 0.480728 -0.236759
v -0.0566222 0.00232191 0.101107
vn -0.854714 0.50803 -0.106622
v -0.0556366 0.00346391 0.0991973
vn -0.812807 0.561932 -0.153548
v -0.0555229 0.00330352 0.0981738
vn -0.812237 0.551137 -0.191102
v -0.0553712 0.0030533 0.0969009
vn -0.808601 0.546166 -0.218785
v -0.0557503 0.00176374 0.09537
vn -0.833859 0.498691 -0.236616
v -0.0519975 -0.00585176 0.0665837
vn -0.833257 0.450878 -0.319987
v -0.0268551 -0.0464763 0.0665837
vn -0.436634 -0.891451 -0.121101
v -0.0258601 -0.0469511 0.0665837
vn -0.415727 -0.9039 -0.100681
v -0.0277649 -0.0492158 0.14319
vn -0.412076 -0.910435 -0.0360625
v -0.0250545 -0.0503386 0.144256
vn -0.342409 -0.885366 0.314456
v -0.0276038 -0.0487026 0.145039
vn -0.359353 -0.790725 0.495599
v -0.0268457 -0.0483818 0.146079
vn -0.345247 -0.753396 0.559642
v -0.0281251 -0.0480482 0.145632
vn -0.404613 -0.731494 0.548821
v -0.0297646 -0.0474579 0.145168
vn -0.429448 -0.731921 0.529024
v -0.0306175 -0.0445259 0.147954
vn -0.46112 -0.637723 0.616991
v -0.0315936 -0.0450584 0.146613
vn -0.472756 -0.647422 0.597785
v -0.0292718 -0.0467779 0.146432
vn -0.396771 -0.707925 0.584307
v -0.0283146 -0.0462197 0.147713
vn -0.399434 -0.683634 0.610817
v -0.0293476 -0.0449429 0.148419
vn -0.426118 -0.66636 0.611872
v -0.0315936 -0.044141 0.147567
vn -0.488597 -0.619653 0.61425
v -0.0315936 -0.043185 0.148531
vn -0.489838 -0.616424 0.616507
v -0.0326835 -0.0427488 0.148092
vn -0.520302 -0.585386 0.621779
v -0.0333279 -0.0434224 0.146853
vn -0.530849 -0.600354 0.598142
v -0.0352707 -0.0415105 0.146871
vn -0.579192 -0.544482 0.606692
v -0.0345978 -0.0408561 0.148092
vn -0.573177 -0.534306 0.621277
v -0.0358677 -0.0401311 0.14749
vn -0.591441 -0.516478 0.619232
v -0.0364268 -0.0388544 0.148014
vn -0.615711 -0.472738 0.630412
v -0.0371187 -0.0394831 0.146785
vn -0.621247 -0.501281 0.602304
v -0.0378105 -0.0401055 0.145546
vn -0.628123 -0.506375 0.590801
v -0.0387297 -0.0395858 0.144987
vn -0.644749 -0.498652 0.579349
v -0.0339628 -0.0421264 0.147533
vn -0.552516 -0.558848 0.618398
v -0.0383128 -0.0388352 0.146088
vn -0.641297 -0.479437 0.599064
v -0.0397248 -0.0380011 0.145193
vn -0.656018 -0.469715 0.590769
v -0.0406157 -0.0374686 0.144617
vn -0.671571 -0.458364 0.582146
v -0.0418856 -0.0365383 0.14386
vn -0.686628 -0.465073 0.558793
v -0.041279 -0.0380139 0.143344
vn -0.686997 -0.486014 0.540209
v -0.0423878 -0.0372825 0.142587
vn -0.693917 -0.479971 0.536755
v -0.0441032 -0.0350755 0.142321
vn -0.708928 -0.463274 0.531788
v -0.0436672 -0.0363523 0.141693
vn -0.7227 -0.491832 0.485598
v -0.0462355 -0.0334844 0.14073
vn -0.729929 -0.485742 0.480894
v -0.0475149 -0.0325221 0.139723
vn -0.741166 -0.493387 0.455238
v -0.0495998 -0.0308668 0.138089
vn -0.75606 -0.489038 0.434988
v -0.047875 -0.0330931 0.138451
vn -0.752891 -0.534899 0.383456
v -0.049922 -0.0313544 0.136808
vn -0.763504 -0.554537 0.330984
v -0.0519122 -0.0295644 0.135071
vn -0.787484 -0.527076 0.319467
v -0.0532105 -0.0283005 0.133763
vn -0.79778 -0.538468 0.271291
v -0.053817 -0.0276782 0.133213
vn -0.814995 -0.503326 0.287135
v -0.0578732 -0.0242714 0.125971
vn -0.864673 -0.464776 0.190587
v -0.0571245 -0.0248039 0.12788
vn -0.850826 -0.475394 0.223821
v -0.0590388 -0.0228343 0.124062
vn -0.881035 -0.428145 0.201167
v -0.0596832 -0.0222889 0.122144
vn -0.899454 -0.407473 0.157952
v -0.0550869 -0.0263501 0.131768
vn -0.82992 -0.477781 0.288026
v -0.055665 -0.0257021 0.131166
vn -0.854622 -0.427019 0.295425
v -0.0558925 -0.0260486 0.129798
vn -0.843925 -0.477598 0.244315
v -0.06083 -0.0204604 0.12008
vn -0.910473 -0.381482 0.159723
v -0.0601476 -0.00532567 0.114489
vn -0.920965 0.366221 0.13306
v -0.0615692 -0.0168035 0.120234
vn -0.973715 -0.0144295 0.227314
v -0.0620146 -0.0148916 0.118316
vn -0.970939 0.0706924 0.228646
v -0.0613701 -0.0186063 0.12008
vn -0.958964 -0.212204 0.188037
v -0.0611332 -0.0191709 0.120613
vn -0.942667 -0.248177 0.22313
v -0.0609247 -0.0186063 0.122015
vn -0.941454 -0.224316 0.25169
v -0.0603182 -0.0187218 0.124062
vn -0.944788 -0.136131 0.298067
v -0.0610195 -0.0168035 0.122316
vn -0.951768 -0.0316578 0.305181
v -0.0612943 -0.0168035 0.121361
vn -0.968878 0.00295034 0.247521
v -0.0603561 -0.0206337 0.122144
vn -0.924605 -0.323274 0.201494
v -0.0617397 -0.0129797 0.118316
vn -0.95739 0.168837 0.234302
v -0.0613701 -0.0112153 0.118144
vn -0.949426 0.225648 0.218342
v -0.0617303 -0.0110678 0.116407
vn -0.953486 0.234787 0.189049
v -0.0613607 -0.00975254 0.116407
vn -0.943965 0.27947 0.175574
v -0.0611901 -0.00838599 0.115074
vn -0.933457 0.313847 0.173661
v -0.0609247 -0.00735946 0.114463
vn -0.923967 0.345703 0.163629
v -0.0595411 -0.0039142 0.114489
vn -0.907944 0.403655 0.112694
v -0.0596453 -0.00368324 0.11258
vn -0.91214 0.40563 0.0588667
v -0.0592568 -0.00263747 0.110671
vn -0.910096 0.413879 0.0207099
v -0.0587356 -0.00150188 0.110671
vn -0.905919 0.422409 0.0296703
v -0.0577973 0.000602485 0.108916
vn -0.908376 0.417873 0.0153424
v -0.0574372 0.00140446 0.108383
vn -0.892571 0.45049 0.0193675
v -0.0574467 0.0014237 0.106852
vn -0.88906 0.457787 -0.00165743
v -0.0569065 0.0023604 0.104934
vn -0.860687 0.508721 -0.0205016
v -0.0569349 0.00213585 0.103188
vn -0.855362 0.513896 -0.0653221
v -0.0514288 -0.00483166 0.0665837
vn -0.803803 0.458885 -0.378582
v -0.055883 0.00384244 0.103025
vn -0.837509 0.541971 -0.0696186
v -0.0557882 0.00369488 0.101107
vn -0.826744 0.5527 -0.104961
v -0.0550869 0.00465083 0.101107
vn -0.771909 0.623988 -0.121639
v -0.0549163 0.00441986 0.0991973
vn -0.774955 0.611881 -0.158262
v -0.0536275 0.00522824 0.0962215
vn -0.741868 0.632291 -0.223248
v -0.0551533 0.00271968 0.09537
vn -0.807284 0.53965 -0.238893
v -0.0540919 0.00429796 0.095499
vn -0.79059 0.564413 -0.237496
v -0.049941 -0.00230385 0.0665837
vn -0.794272 0.493742 -0.354049
v -0.0506043 -0.00341378 0.0665837
vn -0.790229 0.472012 -0.390823
v -0.0506423 -0.00347793 0.0665837
vn -0.820518 0.47695 -0.315069
v -0.024031 -0.0477787 0.0665837
vn -0.408437 -0.902741 -0.135046
v -0.0239457 -0.0478172 0.0665837
vn -0.404347 -0.911991 -0.0691104
v -0.0261065 -0.0499601 0.14319
vn -0.407387 -0.912568 -0.0354393
v -0.0251493 -0.0503835 0.14319
vn -0.377122 -0.92547 -0.0358397
v -0.0239457 -0.050839 0.14319
vn -0.335051 -0.941597 -0.0337138
v -0.0220314 -0.0514934 0.14319
vn -0.305577 -0.947345 0.0957055
v -0.0201739 -0.0520131 0.143293
vn -0.262671 -0.93042 0.255583
v -0.018904 -0.0521543 0.143998
vn -0.219114 -0.905052 0.364514
v -0.0239457 -0.0505311 0.144566
vn -0.248029 -0.85537 0.454778
v -0.0239457 -0.0499087 0.145529
vn -0.289921 -0.781355 0.552658
v -0.0270352 -0.0465726 0.148109
vn -0.357652 -0.701728 0.616167
v -0.0275849 -0.0473104 0.146896
vn -0.380849 -0.708124 0.594571
v -0.0258601 -0.0485871 0.146337
vn -0.294049 -0.755439 0.585531
v -0.0258601 -0.047798 0.147292
vn -0.308479 -0.731391 0.6082
v -0.0258601 -0.046842 0.148436
vn -0.316958 -0.723197 0.613615
v -0.0306175 -0.0426076 0.149872
vn -0.481182 -0.609597 0.629965
v -0.0284188 -0.0443527 0.149692
vn -0.421625 -0.654 0.628105
v -0.0293476 -0.043076 0.150328
vn -0.449896 -0.63254 0.630466
v -0.0271395 -0.0447312 0.150087
vn -0.371375 -0.683168 0.628778
v -0.0305701 -0.0406508 0.151747
vn -0.513294 -0.578427 0.633997
v -0.0326076 -0.0407727 0.149932
vn -0.545865 -0.548872 0.633064
v -0.03329 -0.0414528 0.148728
vn -0.549471 -0.555768 0.623861
v -0.0344746 -0.0388095 0.149889
vn -0.589817 -0.495278 0.637821
v -0.0351759 -0.0394703 0.148694
vn -0.588456 -0.513548 0.62449
v -0.033887 -0.0400862 0.149373
vn -0.568295 -0.526582 0.632259
v -0.036787 -0.0378407 0.148367
vn -0.628998 -0.438978 0.641607
v -0.0377441 -0.0378407 0.147404
vn -0.639 -0.441806 0.629672
v -0.0386729 -0.0378407 0.146449
vn -0.639835 -0.454337 0.61983
v -0.031859 -0.0359737 0.154448
vn -0.00605765 -0.00444514 0.999972
v -0.0400565 -0.036641 0.14589
vn -0.656526 -0.435888 0.61561
v -0.042312 -0.0352616 0.144359
vn -0.681457 -0.421114 0.598565
v -0.0444349 -0.0340169 0.142716
vn -0.699228 -0.425786 0.574271
v -0.0457711 -0.0327594 0.142003
vn -0.708541 -0.417459 0.568944
v -0.0479129 -0.0312453 0.140403
vn -0.733327 -0.438916 0.519216
v -0.0499694 -0.0295901 0.138717
vn -0.769333 -0.404535 0.494448
v -0.0516089 -0.029096 0.136343
vn -0.788408 -0.456053 0.412831
v -0.0535611 -0.0272355 0.134494
vn -0.823609 -0.418033 0.383298
v -0.0575983 -0.023848 0.12788
vn -0.87565 -0.417473 0.242804
v -0.0588208 -0.0223723 0.125799
vn -0.888531 -0.392203 0.238095
v -0.0593421 -0.0216153 0.125051
vn -0.913089 -0.310975 0.263746
v -0.0594653 -0.0218783 0.124062
vn -0.906884 -0.374473 0.193211
v -0.0554186 -0.0251503 0.132439
vn -0.857416 -0.347921 0.379194
v -0.0574372 -0.0235336 0.128887
vn -0.884977 -0.339449 0.318732
v -0.0597306 -0.00518453 0.116493
vn -0.91877 0.350775 0.181161
v -0.0594274 -0.00417084 0.115917
vn -0.903626 0.397269 0.160118
v -0.0612848 -0.0155331 0.121318
vn -0.957788 0.0566591 0.281837
v -0.0614839 -0.0148916 0.120346
vn -0.960606 0.107138 0.256433
v -0.061209 -0.0142564 0.121069
vn -0.949066 0.150017 0.277073
v -0.0598823 -0.0206337 0.124062
vn -0.938367 -0.23831 0.250353
v -0.0594842 -0.0206337 0.125446
vn -0.934018 -0.208729 0.289901
v -0.0593042 -0.0193184 0.126831
vn -0.923388 -0.150168 0.353276
v -0.0596264 -0.0186961 0.126109
vn -0.943276 -0.0688965 0.324782
v -0.0604414 -0.0168035 0.124062
vn -0.942045 0.0230852 0.334693
v -0.0613701 -0.0129797 0.11971
vn -0.948498 0.174849 0.264157
v -0.0612659 -0.0119531 0.11934
vn -0.93744 0.231834 0.25973
v -0.0612564 -0.0100797 0.117396
vn -0.930363 0.2917 0.222117
v -0.0610479 -0.00879659 0.116407
vn -0.928478 0.31218 0.201176
v -0.0605172 -0.00724398 0.116407
vn -0.922517 0.33029 0.199675
v -0.0590957 -0.00295826 0.114489
vn -0.893641 0.429465 0.130254
v -0.0592094 -0.00272729 0.11258
vn -0.902992 0.423982 0.0696002
v -0.0578542 0.00033944 0.110671
vn -0.898079 0.435987 0.0580492
v -0.0574183 0.00136596 0.109656
vn -0.889502 0.455036 0.0415757
v -0.0569918 0.0021551 0.108916
vn -0.856631 0.515103 0.0291951
v -0.0569065 0.00237965 0.106852
vn -0.86094 0.508639 0.00821665
v -0.0559588 0.00393868 0.106852
vn -0.839364 0.543496 0.0089167
v -0.0559493 0.00393226 0.104934
vn -0.841919 0.538426 -0.0356326
v -0.0552007 0.00479839 0.103025
vn -0.769142 0.634423 -0.0769991
v -0.0541298 0.00572867 0.101107
vn -0.692945 0.714168 -0.0989525
v -0.0539592 0.00557469 0.0991973
vn -0.703369 0.696909 -0.139965
v -0.0537507 0.00536939 0.0972879
vn -0.69523 0.700336 -0.161816
v -0.0527272 0.00584416 0.095499
vn -0.647358 0.737015 -0.194258
v -0.0432692 0.00645365 0.0665837
vn -0.603914 0.687494 -0.403286
v -0.0442548 0.00554262 0.0665837
vn -0.568503 0.614318 -0.547191
v -0.0443022 0.0054977 0.0665837
vn -0.632439 0.583861 -0.509046
v -0.0443496 0.00543996 0.0665837
vn -0.681968 0.555975 -0.475197
v -0.0452594 0.00432362 0.0665837
vn -0.689182 0.551556 -0.469909
v -0.046008 0.00336767 0.0665837
vn -0.70822 0.539414 -0.455474
v -0.046823 0.00227058 0.0665837
vn -0.741517 0.543504 -0.39339
v -0.0476665 0.00110291 0.0665837
vn -0.762627 0.537735 -0.359501
v -0.0483014 0.000191877 0.0665837
vn -0.749026 0.507229 -0.426237
v -0.049287 -0.00129016 0.0665837
vn -0.759413 0.498878 -0.417627
v -0.0228843 -0.0482791 0.0665837
vn -0.393127 -0.908275 -0.143134
v -0.0227895 -0.0483176 0.0665837
vn -0.370788 -0.915695 -0.154984
v -0.0218703 -0.0486897 0.0665837
vn -0.36414 -0.917764 -0.158463
v -0.0202023 -0.0493442 0.0665837
vn -0.358086 -0.927131 -0.110463
v -0.020117 -0.0493762 0.0665837
vn -0.338792 -0.92506 -0.171707
v -0.0184681 -0.0499793 0.0665837
vn -0.338293 -0.925194 -0.171969
v -0.0183449 -0.0500242 0.0665837
vn -0.328448 -0.927765 -0.177125
v -0.0174351 -0.050345 0.0665837
vn -0.32332 -0.942646 -0.0829652
v -0.0195674 -0.0523082 0.141942
vn -0.262354 -0.964555 -0.0283538
v -0.0195674 -0.0523082 0.142725
vn -0.222786 -0.969205 0.10492
v -0.0182406 -0.0524622 0.143293
vn -0.176191 -0.969026 0.17305
v -0.0162884 -0.0528215 0.14319
vn -0.132759 -0.959454 0.248644
v -0.0176341 -0.0522505 0.144239
vn -0.106383 -0.859428 0.500067
v -0.020117 -0.0512368 0.145099
vn -0.1717 -0.830707 0.529571
v -0.0219366 -0.0507492 0.145185
vn -0.221231 -0.845967 0.485176
v -0.0225147 -0.0501461 0.145873
vn -0.244562 -0.786491 0.567117
v -0.0237562 -0.0488373 0.147034
vn -0.273154 -0.762658 0.586293
v -0.0258601 -0.046008 0.149391
vn -0.330981 -0.704959 0.627284
v -0.0258601 -0.045052 0.150448
vn -0.349986 -0.694016 0.629167
v -0.0242679 -0.0481316 0.147688
vn -0.290378 -0.736653 0.610756
v -0.0245428 -0.0463095 0.149717
vn -0.30053 -0.719605 0.625979
v -0.0278218 -0.0400413 0.154448
vn -0.429682 -0.593299 0.680713
v -0.027945 -0.0399451 0.154448
vn -0.446922 -0.563081 0.695126
v -0.0280966 -0.0398232 0.154448
vn -0.476371 -0.5729 0.666975
v -0.0259643 -0.0413116 0.154448
vn -0.378443 -0.616224 0.690688
v -0.0268362 -0.0407406 0.154448
vn -0.407651 -0.593046 0.694346
v -0.0240879 -0.0423125 0.154448
vn -0.293399 -0.640371 0.709818
v -0.0242395 -0.0422355 0.154448
vn -0.289178 -0.547004 0.785597
v -0.0257748 -0.0414207 0.154448
vn -0.293621 -0.548171 0.783131
v -0.0298214 -0.0382962 0.154448
vn -0.52232 -0.546951 0.654237
v -0.0290064 -0.0390533 0.154448
vn -0.473331 -0.534662 0.700068
v -0.0301342 -0.0379819 0.154448
vn -0.554027 -0.527295 0.644215
v -0.0324939 -0.0387325 0.151747
vn -0.566924 -0.522559 0.636812
v -0.0333563 -0.039573 0.150276
vn -0.567752 -0.526045 0.633194
v -0.0308828 -0.0371606 0.154448
vn -0.579269 -0.499159 0.644428
v -0.0316505 -0.0362368 0.154448
vn -0.59188 -0.486764 0.642448
v -0.0362184 -0.036641 0.149735
vn -0.634854 -0.428377 0.643003
v -0.0381422 -0.036641 0.147825
vn -0.645334 -0.413408 0.642368
v -0.0325603 -0.0349729 0.154448
vn -0.629516 -0.434946 0.643841
v -0.0404451 -0.0353706 0.146294
vn -0.663731 -0.376159 0.646503
v -0.0439515 -0.0328813 0.144058
vn -0.67853 -0.337245 0.652582
v -0.0436388 -0.0340169 0.143671
vn -0.696694 -0.403477 0.593148
v -0.0461407 -0.0314827 0.142433
vn -0.703969 -0.367455 0.607786
v -0.0482067 -0.0301931 0.14073
vn -0.738062 -0.356695 0.572741
v -0.0503011 -0.0282748 0.139113
vn -0.768232 -0.347536 0.537623
v -0.0512962 -0.0283839 0.137513
vn -0.784231 -0.351618 0.51122
v -0.0519406 -0.0278193 0.136911
vn -0.800721 -0.374609 0.467455
v -0.0532674 -0.0265041 0.135595
vn -0.81339 -0.319944 0.485832
v -0.0538265 -0.0259587 0.134993
vn -0.840503 -0.304874 0.447892
v -0.0581101 -0.0225456 0.12788
vn -0.908679 -0.267442 0.320589
v -0.0591715 -0.0206337 0.126401
vn -0.91641 -0.241683 0.319033
v -0.0550775 -0.0244895 0.133565
vn -0.84645 -0.277331 0.454544
v -0.0556366 -0.0238736 0.132895
vn -0.866731 -0.233222 0.440891
v -0.0559209 -0.0244895 0.131768
vn -0.88334 -0.284206 0.372744
v -0.0575983 -0.0225456 0.129248
vn -0.901828 -0.248741 0.35332
v -0.0572003 -0.0225456 0.130203
vn -0.891021 -0.242472 0.383782
v -0.0595411 -0.00576194 0.118316
vn -0.914569 0.342582 0.214946
v -0.0592947 -0.00445313 0.11719
vn -0.897367 0.388806 0.208714
v -0.0589914 -0.00348435 0.116493
vn -0.883476 0.431056 0.183472
v -0.0609816 -0.0148916 0.122032
vn -0.933792 0.130557 0.333147
v -0.0605741 -0.0129797 0.122144
vn -0.917737 0.205015 0.340187
v -0.0610858 -0.0129797 0.120664
vn -0.925256 0.220171 0.308912
v -0.059361 -0.0180417 0.126986
vn -0.919622 -0.0373387 0.391026
v -0.0586313 -0.0206337 0.12788
vn -0.906916 -0.207643 0.36659
v -0.0577689 -0.0205246 0.129902
vn -0.904369 -0.120575 0.409363
v -0.058963 -0.0186961 0.127726
vn -0.904899 -0.0923585 0.415485
v -0.059361 -0.0175733 0.126986
vn -0.894603 0.0671958 0.44178
v -0.0596548 -0.0168869 0.126083
vn -0.920093 0.108128 0.37648
v -0.0602424 -0.0148916 0.124062
vn -0.919594 0.148666 0.363655
v -0.06083 -0.0112153 0.12008
vn -0.917781 0.261309 0.298991
v -0.0610858 -0.0106764 0.118669
vn -0.923127 0.27961 0.263922
v -0.060811 -0.0093291 0.118144
vn -0.919643 0.298845 0.254851
v -0.0600718 -0.00724398 0.118316
vn -0.921121 0.317614 0.225072
v -0.0583849 -0.00150188 0.114489
vn -0.886913 0.439818 0.141226
v -0.0586218 -0.00150188 0.11258
vn -0.89536 0.436179 0.0898845
v -0.0577973 0.000172629 0.11258
vn -0.888972 0.448011 0.0949445
v -0.0573804 0.00129539 0.110671
vn -0.881436 0.466612 0.0730945
v -0.0568023 0.00232191 0.110671
vn -0.856871 0.511443 0.0647889
v -0.0559304 0.00390018 0.108761
vn -0.84127 0.539438 0.0356434
v -0.0552765 0.00489462 0.106852
vn -0.757411 0.652846 0.0110226
v -0.055267 0.00488821 0.104934
vn -0.765127 0.643175 -0.0301077
v -0.0542435 0.00581849 0.103025
vn -0.677372 0.733335 -0.058203
v -0.053002 0.00668462 0.101107
vn -0.608624 0.788625 -0.0874529
v -0.0528504 0.00653706 0.0991973
vn -0.632389 0.764038 -0.127792
v -0.0524997 0.00645365 0.0972707
vn -0.64301 0.748863 -0.160445
v -0.0514288 0.00693483 0.09537
vn -0.627177 0.75561 -0.188949
v -0.0423594 0.00720429 0.0665837
vn -0.517625 0.627843 -0.581272
v -0.0163452 -0.0506979 0.0665837
vn -0.292216 -0.935227 -0.1999
v -0.0144783 -0.0512689 0.0665837
vn -0.281469 -0.937199 -0.205992
v -0.0124786 -0.0518591 0.0665837
vn -0.273728 -0.938525 -0.210344
v -0.0114646 -0.0521478 0.0665837
vn -0.262977 -0.940234 -0.216341
v -0.0104601 -0.0524237 0.0665837
vn -0.250234 -0.942065 -0.223376
v -0.00873525 -0.0528728 0.0665837
vn -0.240028 -0.94338 -0.228956
v 0.00091227 -0.0553172 0.0665837
vn -0.236375 -0.943818 -0.23094
v 0.00274132 -0.0557471 0.0665837
vn -0.22179 -0.945401 -0.238804
v 0.00282661 -0.0557663 0.0665837
vn -0.216654 -0.973962 -0.0667785
v -0.0143835 -0.0534631 0.141272
vn -0.193999 -0.980936 -0.0113503
v -0.0124786 -0.0537518 0.141272
vn -0.10496 -0.967562 0.2298
v -0.0143835 -0.0530076 0.14319
vn -0.0424552 -0.925304 0.376843
v -0.0162884 -0.0523146 0.144333
vn -0.0427967 -0.849569 0.525738
v -0.0162884 -0.0516474 0.145288
vn -0.0543506 -0.811818 0.581375
v -0.0182027 -0.0506016 0.146492
vn -0.0955357 -0.805702 0.584566
v -0.0182406 -0.0516602 0.144961
vn -0.135279 -0.818165 0.558843
v -0.020117 -0.0504477 0.146277
vn -0.143319 -0.80354 0.57774
v -0.0212353 -0.0503193 0.146114
vn -0.194528 -0.787075 0.585381
v -0.0229886 -0.048369 0.147971
vn -0.247975 -0.752402 0.610245
v -0.0219366 -0.049543 0.146862
vn -0.219048 -0.768966 0.600591
v -0.0247228 -0.0444618 0.151713
vn -0.318421 -0.708757 0.629501
v -0.0232634 -0.0465597 0.15001
vn -0.268685 -0.730948 0.627314
v -0.0234529 -0.0447312 0.152014
vn -0.288943 -0.7181 0.633122
v -0.0230549 -0.0427359 0.154448
vn -0.165672 -0.408494 0.8976
v -0.0331478 -0.0341067 0.154448
vn -0.644333 -0.410904 0.644975
v -0.0332521 -0.0339335 0.154448
vn -0.653606 -0.368559 0.661032
v -0.0340197 -0.0325605 0.154448
vn -0.664474 -0.359857 0.654964
v -0.046444 -0.0301931 0.142708
vn -0.68754 -0.291803 0.664935
v -0.0341808 -0.032259 0.154448
vn -0.678836 -0.301783 0.669409
v -0.0473917 -0.0301931 0.141684
vn -0.713486 -0.301877 0.632304
v -0.0495998 -0.0282748 0.140067
vn -0.744571 -0.309623 0.591394
v -0.0515426 -0.0268441 0.138193
vn -0.792245 -0.291286 0.53619
v -0.0534664 -0.024836 0.136266
vn -0.821052 -0.251694 0.512371
v -0.0539876 -0.0243035 0.135595
vn -0.847848 -0.197611 0.492041
v -0.055248 -0.0225456 0.134116
vn -0.853443 -0.131521 0.504318
v -0.0557787 -0.0225456 0.133161
vn -0.873455 -0.146927 0.464209
v -0.056518 -0.0225456 0.131708
vn -0.883947 -0.19559 0.424714
v -0.0573519 -0.0210892 0.130607
vn -0.889823 -0.169409 0.423694
v -0.0593895 -0.00614047 0.119478
vn -0.909577 0.329798 0.25279
v -0.0591525 -0.00480599 0.118316
vn -0.886328 0.388261 0.252342
v -0.0585271 -0.00341378 0.118316
vn -0.879588 0.413899 0.234546
v -0.05775 -0.00182267 0.118316
vn -0.874083 0.435274 0.215675
v -0.05793 -0.00134149 0.116519
vn -0.880261 0.437817 0.18291
v -0.0597591 -0.0128963 0.124191
vn -0.909097 0.20926 0.360213
v -0.0595411 -0.0110678 0.123606
vn -0.906709 0.2286 0.35443
v -0.0600908 -0.0110678 0.122144
vn -0.915273 0.244261 0.320332
v -0.0574372 -0.0198124 0.130787
vn -0.88662 -0.0812316 0.455309
v -0.0574372 -0.0193248 0.130787
vn -0.869451 0.0174693 0.493711
v -0.0578447 -0.0187025 0.12997
vn -0.88361 0.041667 0.466367
v -0.0574088 -0.0180481 0.130727
vn -0.862717 0.0842187 0.498625
v -0.0578637 -0.0168035 0.129635
vn -0.872242 0.126544 0.472421
v -0.0588872 -0.0168869 0.127726
vn -0.878827 0.136312 0.457256
v -0.0592663 -0.0162966 0.126788
vn -0.898458 0.138621 0.416603
v -0.0595885 -0.0148916 0.125575
vn -0.903387 0.157473 0.398867
v -0.0594463 -0.0134737 0.125266
vn -0.898376 0.193295 0.394407
v -0.059579 -0.00923928 0.122092
vn -0.912663 0.268282 0.308337
v -0.0594179 -0.0079433 0.121421
vn -0.909887 0.287118 0.299447
v -0.0601666 -0.00915588 0.120234
vn -0.918664 0.287973 0.270422
v -0.059579 -0.00728248 0.120157
vn -0.916886 0.301284 0.261815
v -0.057532 -0.000340631 0.11596
vn -0.871025 0.460908 0.169936
v -0.0576647 -8.40009e-05 0.114489
vn -0.877576 0.459356 0.137305
v -0.0572951 0.00112858 0.11258
vn -0.869229 0.482636 0.107251
v -0.0566032 0.00232191 0.11258
vn -0.851754 0.511723 0.112495
v -0.055883 0.00381678 0.110671
vn -0.827367 0.556739 0.0741935
v -0.055248 0.00485613 0.108761
vn -0.773468 0.632484 0.0413643
v -0.0542909 0.00586982 0.108761
vn -0.681444 0.731118 0.033183
v -0.0543193 0.00588907 0.106852
vn -0.690968 0.722884 0.00159087
v -0.0543098 0.00586982 0.104934
vn -0.672944 0.739272 -0.0249861
v -0.0531063 0.00677444 0.103025
vn -0.590296 0.805244 -0.0559739
v -0.0520448 0.0073262 0.101107
vn -0.491804 0.868229 -0.0656315
v -0.0518932 0.00724279 0.0991973
vn -0.506715 0.857634 -0.0877696
v -0.05177 0.00715939 0.09789
vn -0.520444 0.846251 -0.114008
v -0.0516089 0.00705673 0.0966171
vn -0.502213 0.852052 -0.147613
v -0.042312 0.00724279 0.0665837
vn -0.411706 0.700444 -0.58299
v 0.00393541 -0.0559973 0.0665837
vn -0.168217 -0.983646 -0.0643639
v -0.0100715 -0.0541496 0.13987
vn -0.153412 -0.988153 -0.00437295
v -0.0100715 -0.0541496 0.140437
vn -0.0544816 -0.998288 0.0212599
v -0.00864996 -0.0541688 0.140463
vn -0.00073851 -0.941415 0.33725
v -0.0124786 -0.0530396 0.14319
vn 0.0268134 -0.890998 0.453215
v -0.0143835 -0.0523467 0.144376
vn 0.000191521 -0.844807 0.535071
v -0.0162884 -0.050685 0.146604
vn -0.0509882 -0.804829 0.591312
v -0.0143835 -0.0516795 0.145331
vn -0.000427698 -0.814886 0.57962
v -0.0143835 -0.0507235 0.146656
vn -0.00866616 -0.805313 0.592786
v -0.0162884 -0.0499729 0.147567
vn -0.0493343 -0.792379 0.60803
v -0.0182027 -0.0498702 0.147447
vn -0.110355 -0.783378 0.611671
v -0.020117 -0.0497034 0.14724
vn -0.152163 -0.778813 0.608521
v -0.0220314 -0.0485037 0.148152
vn -0.201447 -0.764743 0.612035
v -0.020117 -0.0487475 0.148453
vn -0.1618 -0.772183 0.614454
v -0.0220314 -0.047721 0.149107
vn -0.206114 -0.754334 0.623295
v -0.0220314 -0.046765 0.150259
vn -0.217195 -0.746694 0.628708
v -0.0220314 -0.0459438 0.151214
vn -0.243616 -0.733922 0.634042
v -0.0220314 -0.0431465 0.154448
vn -0.192088 -0.539297 0.819915
v -0.0476854 -0.0286662 0.142054
vn -0.696642 -0.239136 0.676391
v -0.0345694 -0.031348 0.154448
vn -0.666905 -0.281459 0.689941
v -0.0349958 -0.0303279 0.154448
vn -0.679079 -0.27252 0.681604
v -0.0497704 -0.0273189 0.140317
vn -0.734248 -0.229361 0.638963
v -0.0517226 -0.0255674 0.138459
vn -0.775851 -0.183149 0.603748
v -0.0536085 -0.0235592 0.136515
vn -0.807622 -0.118146 0.577745
v -0.0553144 -0.0206337 0.134279
vn -0.829914 0.00217206 0.557888
v -0.0559019 -0.0206337 0.133325
vn -0.859275 -0.0595286 0.508038
v -0.0569349 -0.0205246 0.131536
vn -0.866428 -0.0976827 0.489653
v -0.0543383 -0.0225456 0.135535
vn -0.837862 -0.0752842 0.540666
v -0.0591999 -0.00667298 0.12075
vn -0.89039 0.341358 0.301133
v -0.0588872 -0.00543474 0.120157
vn -0.880405 0.381211 0.282074
v -0.0579016 -0.00331754 0.120295
vn -0.876547 0.397683 0.271133
v -0.0575604 -0.00219478 0.119693
vn -0.854975 0.448363 0.260748
v -0.0572477 -0.000866722 0.118316
vn -0.848277 0.467597 0.248553
v -0.0573898 -0.000597261 0.117233
vn -0.856717 0.46999 0.212475
v -0.0592947 -0.0121969 0.124913
vn -0.893298 0.226594 0.388169
v -0.0591431 -0.0110678 0.124561
vn -0.888034 0.249995 0.385873
v -0.0593895 -0.00993218 0.123236
vn -0.901442 0.259044 0.346842
v -0.0569539 -0.0187025 0.131536
vn -0.849388 0.0353831 0.526581
v -0.0558925 -0.0187218 0.133239
vn -0.836108 0.0823937 0.542342
v -0.0566222 -0.0168035 0.131708
vn -0.837246 0.125762 0.532169
v -0.0573235 -0.0168035 0.13059
vn -0.846821 0.139563 0.513241
v -0.0577026 -0.0148916 0.129342
vn -0.866337 0.162731 0.472207
v -0.0584797 -0.0148916 0.12788
vn -0.875876 0.163453 0.454009
v -0.0591525 -0.0148916 0.12653
vn -0.884204 0.183369 0.429604
v -0.0590009 -0.0128963 0.125928
vn -0.880031 0.210444 0.425746
v -0.0591904 -0.00865545 0.122703
vn -0.89214 0.295776 0.341471
v -0.058944 -0.00728248 0.122092
vn -0.882566 0.331059 0.333882
v -0.0570297 0.00033944 0.116519
vn -0.849293 0.490671 0.194791
v -0.0571434 0.000871947 0.114489
vn -0.856909 0.490689 0.157897
v -0.0563 0.00232191 0.114489
vn -0.846741 0.510514 0.149682
v -0.0557693 0.0036628 0.11258
vn -0.822867 0.555047 0.121705
v -0.0551722 0.00477272 0.110671
vn -0.76032 0.64482 0.0782314
v -0.0542151 0.00580566 0.110671
vn -0.697446 0.713739 0.0643898
v -0.0531726 0.00682577 0.108761
vn -0.575629 0.81709 0.03187
v -0.053201 0.00684501 0.106852
vn -0.604056 0.796941 -0.000639406
v -0.0531726 0.00682577 0.104934
vn -0.595207 0.802912 -0.0325627
v -0.0521491 0.00738394 0.103025
vn -0.475424 0.878792 -0.0411831
v -0.0507275 0.00797419 0.101107
vn -0.382806 0.922246 -0.0540585
v -0.0507275 0.00783304 0.0991973
vn -0.411093 0.907673 -0.0844564
v -0.0508697 0.00754433 0.0972707
vn -0.428984 0.89679 -0.108356
v -0.0504717 0.007493 0.09537
vn -0.443163 0.886999 -0.129767
v -0.0411558 0.00790361 0.0665837
vn -0.428214 0.752921 -0.499743
v 0.0039828 -0.0560037 0.0665837
vn -0.126683 -0.945001 -0.301536
v 0.00489258 -0.0561256 0.0665837
vn -0.0892622 -0.667864 -0.738911
v -0.00482127 -0.0544318 0.137453
vn -0.0393009 -0.999008 0.0209554
v -0.00673562 -0.054265 0.139474
vn 0.00640312 -0.995447 0.095103
v 0.00489258 -0.0561256 0.0666783
vn -0.0774357 -0.996969 0.00755367
v 0.00510108 -0.0561064 0.0705056
vn -0.073722 -0.997216 0.0111595
v 0.00523375 -0.0560871 0.0724149
vn -0.0572512 -0.998239 0.015511
v 0.00665529 -0.0561064 0.0762422
vn -0.0461041 -0.99877 0.0182423
v -0.00738005 -0.0541431 0.140394
vn 0.0803179 -0.901868 0.42448
v -0.0124786 -0.0523211 0.144333
vn 0.0493033 -0.832811 0.551357
v -0.0105643 -0.0529049 0.14319
vn 0.0779614 -0.862394 0.500199
v -0.0124786 -0.0516538 0.145288
vn 0.0451663 -0.814738 0.578068
v -0.0124786 -0.0506979 0.146621
vn 0.0387259 -0.808028 0.58787
v -0.0143835 -0.050005 0.14761
vn -0.00408828 -0.792495 0.609865
v -0.0124786 -0.0499793 0.147584
vn 0.0413928 -0.790972 0.610451
v -0.0162884 -0.0490105 0.148789
vn -0.0610401 -0.783305 0.618634
v -0.0143835 -0.049049 0.148832
vn -0.00541051 -0.78404 0.620687
v -0.0182027 -0.0489143 0.14866
vn -0.0987637 -0.777875 0.62061
v -0.020117 -0.0479776 0.149408
vn -0.162099 -0.763287 0.625394
v -0.020117 -0.0470217 0.15056
vn -0.174383 -0.755609 0.631384
v -0.0200886 -0.0437689 0.154448
vn -0.132137 -0.546814 0.826761
v -0.0204108 -0.0436726 0.154448
vn -0.151307 -0.47504 0.866858
v -0.047875 -0.0273894 0.142252
vn -0.702921 -0.165171 0.691824
v -0.0350906 -0.0300648 0.154448
vn -0.661314 -0.21189 0.71956
v -0.035555 -0.0285828 0.154448
vn -0.675061 -0.203397 0.70917
v -0.049903 -0.0260421 0.140455
vn -0.71301 -0.110581 0.692379
v -0.0518269 -0.024451 0.138571
vn -0.757378 -0.0857303 0.647324
v -0.0528504 -0.0225456 0.137504
vn -0.766801 -0.0309689 0.641138
v -0.053637 -0.0225456 0.13655
vn -0.799312 -0.0168242 0.600681
v -0.053637 -0.0209801 0.13655
vn -0.774251 0.0257012 0.632357
v -0.054234 -0.0204604 0.135724
vn -0.799086 0.0607995 0.598135
v -0.0552291 -0.0187218 0.134193
vn -0.802737 0.0926654 0.589089
v -0.0580248 -0.00514603 0.122324
vn -0.87642 0.359154 0.320775
v -0.0576552 -0.00388213 0.121808
vn -0.867389 0.394638 0.303146
v -0.0573424 -0.00261181 0.120965
vn -0.846783 0.433101 0.308841
v -0.0570013 -0.00153396 0.120295
vn -0.83723 0.459974 0.295754
v -0.0559399 0.000448507 0.120166
vn -0.839468 0.469229 0.274076
v -0.0555797 0.00148144 0.119486
vn -0.83401 0.485631 0.261899
v -0.0565274 0.000410012 0.118316
vn -0.844989 0.479829 0.23613
v -0.0557503 0.00177015 0.118316
vn -0.840809 0.494714 0.219769
v -0.0585176 -0.0110678 0.125971
vn -0.880864 0.245138 0.404951
v -0.0588777 -0.00923928 0.12395
vn -0.881584 0.276534 0.382543
v -0.0557693 -0.0168035 0.133041
vn -0.822245 0.12409 0.555441
v -0.0556271 -0.0152316 0.132843
vn -0.820516 0.147707 0.552211
v -0.0561389 -0.0147119 0.131897
vn -0.83722 0.15224 0.525247
v -0.0571624 -0.0148916 0.130297
vn -0.846153 0.175566 0.503191
v -0.0575415 -0.0134159 0.129059
vn -0.861158 0.192012 0.470678
v -0.057949 -0.0128578 0.128044
vn -0.875003 0.202211 0.439865
v -0.05775 -0.0110678 0.127562
vn -0.872322 0.225317 0.433919
v -0.0581669 -0.00724398 0.124062
vn -0.880093 0.311609 0.358241
v -0.0576173 -0.00581968 0.124062
vn -0.873029 0.347119 0.342534
v -0.0559019 0.00238606 0.116235
vn -0.846763 0.497271 0.188981
v -0.0555134 0.00329068 0.115478
vn -0.814291 0.554025 0.173164
v -0.0556082 0.00343183 0.114489
vn -0.818757 0.555879 0.143649
v -0.0550585 0.00461875 0.11258
vn -0.772577 0.624409 0.115059
v -0.0541013 0.00570301 0.11258
vn -0.6937 0.713815 0.0961714
v -0.0530968 0.00676161 0.110671
vn -0.610671 0.789161 0.065627
v -0.0521396 0.0073711 0.110671
vn -0.473407 0.879478 0.0490352
v -0.0522154 0.0074096 0.108761
vn -0.453471 0.890883 0.0262937
v -0.0522439 0.00742885 0.106852
vn -0.453347 0.891327 0.003672
v -0.0522154 0.00741601 0.104934
vn -0.46549 0.88479 -0.0215917
v -0.0507275 0.00805759 0.103025
vn -0.366569 0.929794 -0.0333299
v -0.0488132 0.0085516 0.0991973
vn -0.299288 0.95302 -0.0466879
v -0.0488132 0.00843612 0.0972879
vn -0.303011 0.949743 -0.0785633
v -0.0488132 0.00826931 0.09537
vn -0.378304 0.919286 -0.108627
v -0.04108 0.00794211 0.0665837
vn -0.362345 0.799625 -0.47886
v 0.00665529 -0.0561513 0.0665837
vn 0.0500032 -0.770514 -0.635458
v 0.00724286 -0.056055 0.0800695
vn -0.0386743 -0.99905 0.0201064
v 0.00665529 -0.0550285 0.129798
vn -0.0349645 -0.999156 0.0215455
v 0.00474095 -0.0548938 0.131708
vn 0.0102207 -0.995585 0.0933041
v -0.00482127 -0.0542843 0.138975
vn 0.0434671 -0.987504 0.151479
v 0.00665529 -0.0561449 0.0724149
vn 0.00700192 -0.999972 0.00248648
v 0.00665529 -0.056132 0.0743243
vn -0.0167406 -0.99982 0.0089775
v 0.00910034 -0.0560486 0.0838968
vn -0.033375 -0.999256 0.0193391
v -0.00880159 -0.052629 0.14331
vn 0.10792 -0.856018 0.505556
v -0.00323863 -0.0542137 0.138666
vn 0.100204 -0.958971 0.265205
v -0.00610066 -0.0540597 0.140179
vn 0.151545 -0.889967 0.430107
v -0.00673562 -0.0536363 0.141125
vn 0.127884 -0.857562 0.49823
v -0.0105643 -0.0522441 0.14423
vn 0.0686648 -0.830503 0.552766
v -0.00955026 -0.0521992 0.144153
vn 0.0958435 -0.823702 0.558864
v -0.0105643 -0.0515768 0.145185
vn 0.0704428 -0.814418 0.575986
v -0.0105643 -0.0506209 0.146518
vn 0.0812905 -0.805048 0.587613
v -0.0124786 -0.0490234 0.14878
vn 0.0440574 -0.776259 0.628872
v -0.0105643 -0.0498895 0.147481
vn 0.0927133 -0.776822 0.622857
v -0.0162884 -0.0482535 0.149743
vn -0.0556258 -0.777963 0.625843
v -0.0143835 -0.0482856 0.149786
vn 0.00143402 -0.778382 0.627789
v -0.0182027 -0.0481444 0.149614
vn -0.127591 -0.770186 0.624928
v -0.0173593 -0.0464699 0.151816
vn -0.0890004 -0.766343 0.636237
v -0.0180795 -0.0470537 0.150973
vn -0.130965 -0.765895 0.629486
v -0.0186292 -0.0463608 0.151696
vn -0.1369 -0.76164 0.633374
v -0.018487 -0.0440897 0.154448
vn -0.100708 -0.536861 0.837639
v -0.0356308 -0.0282748 0.154448
vn -0.647242 -0.144145 0.748532
v -0.0360193 -0.0264977 0.154448
vn -0.673391 -0.107804 0.731384
v -0.0499978 -0.024451 0.140549
vn -0.711136 -0.0458209 0.70156
v -0.050955 -0.024451 0.139526
vn -0.732663 -0.0654184 0.67744
v -0.0518932 -0.0225456 0.13864
vn -0.739436 0.00225096 0.673223
v -0.0518363 -0.0206337 0.13858
vn -0.740241 0.0571692 0.669907
v -0.0529546 -0.0204604 0.137289
vn -0.75175 0.0591694 0.656788
v -0.0535896 -0.0197098 0.13649
vn -0.769197 0.076139 0.634459
v -0.0550869 -0.0168035 0.133995
vn -0.79967 0.137073 0.584584
v -0.0542719 -0.0187218 0.135458
vn -0.789648 0.106842 0.604186
v -0.0541298 -0.0168035 0.135277
vn -0.791326 0.126117 0.598245
v -0.0574088 -0.00438897 0.123081
vn -0.851268 0.396374 0.343846
v -0.0571719 -0.00331754 0.122324
vn -0.837522 0.428954 0.338459
v -0.0561673 -0.00134149 0.12229
vn -0.834697 0.440555 0.330444
v -0.0557219 -0.00016099 0.121748
vn -0.830026 0.464785 0.308273
v -0.0553618 0.00111575 0.120759
vn -0.816742 0.490906 0.303223
v -0.0548784 0.00220001 0.120166
vn -0.804448 0.525136 0.277662
v -0.0551533 0.0027261 0.118316
vn -0.801789 0.543107 0.249338
v -0.0553712 0.00306613 0.11676
vn -0.804502 0.554746 0.212211
v -0.0575509 -0.00968838 0.127184
vn -0.864162 0.256853 0.432726
v -0.0578921 -0.00909172 0.126074
vn -0.877542 0.272686 0.394413
v -0.0575888 -0.00724398 0.125378
vn -0.87423 0.292282 0.387676
v -0.0550301 -0.0147119 0.13354
vn -0.799943 0.154287 0.579902
v -0.0555039 -0.0139549 0.132662
vn -0.812438 0.184588 0.553057
v -0.0559872 -0.0129797 0.13151
vn -0.835383 0.205099 0.509971
v -0.0570202 -0.0128578 0.129738
vn -0.841042 0.210453 0.498355
v -0.0573898 -0.0121392 0.128783
vn -0.854374 0.218827 0.471338
v -0.0572477 -0.0110678 0.128517
vn -0.845089 0.252459 0.471263
v -0.0574183 -0.00628162 0.125016
vn -0.847236 0.341678 0.406753
v -0.0572098 -0.00485732 0.124062
vn -0.83573 0.393995 0.382522
v -0.0547647 0.00405416 0.116235
vn -0.782216 0.59542 0.18334
v -0.0548974 0.00438778 0.114489
vn -0.778139 0.608509 0.155618
v -0.0539402 0.00554262 0.114489
vn -0.691665 0.709098 0.137037
v -0.0529736 0.00665896 0.11258
vn -0.610284 0.785554 0.102264
v -0.0520164 0.00730695 0.11258
vn -0.489678 0.868736 0.0742499
v -0.0507275 0.00792928 0.11258
vn -0.382197 0.921853 0.0641268
v -0.0507275 0.00803834 0.110671
vn -0.354104 0.934405 0.0387066
v -0.0507275 0.00809608 0.108761
vn -0.349908 0.936594 0.0188859
v -0.0507275 0.00812175 0.106852
vn -0.325708 0.945465 0.00317003
v -0.0507275 0.00810892 0.104934
vn -0.344957 0.938501 -0.0148496
v -0.0488132 0.00862859 0.101107
vn -0.268937 0.96266 -0.0309462
v -0.0469842 0.0088339 0.09537
vn -0.272439 0.95951 -0.0715367
v -0.0383412 0.00903279 0.0665837
vn -0.241705 0.866671 -0.436417
v -0.0392889 0.00872483 0.0665837
vn -0.268419 0.674033 -0.688208
v 0.00766932 -0.0560486 0.0665837
vn 0.0556402 -0.541478 -0.838872
v 0.0143127 -0.0557727 0.0915427
vn 0.110346 -0.993734 -0.0178046
v 0.0143127 -0.055792 0.0934607
vn 0.0729776 -0.997331 -0.00230173
v 0.0123983 -0.0559075 0.0896334
vn 0.0654027 -0.99785 -0.00414011
v 0.00969739 -0.0560422 0.0819788
vn 0.0671403 -0.997724 -0.00617555
v 0.0097732 -0.0560486 0.0838968
vn 0.0265539 -0.999638 0.00422005
v 0.00938465 -0.0560294 0.0851611
vn -0.0124963 -0.999694 0.0213324
v 0.00856963 -0.0551055 0.12788
vn -0.00983986 -0.999671 0.0236718
v 0.00856963 -0.0549644 0.129798
vn 0.0768016 -0.990357 0.115299
v 0.00665529 -0.0548553 0.131708
vn 0.0505658 -0.989448 0.135775
v 0.00474095 -0.0546628 0.133626
vn 0.0767215 -0.97803 0.193835
v 0.00296876 -0.0543484 0.135707
vn 0.0850571 -0.971504 0.221236
v -0.00673562 -0.0525969 0.142888
vn 0.127313 -0.848795 0.513165
v -0.00827088 -0.0521158 0.144024
vn 0.123943 -0.822393 0.555255
v 0.00474095 -0.0542971 0.135243
vn 0.0999094 -0.966439 0.236673
v 0.00368901 -0.0540918 0.136455
vn 0.135008 -0.930872 0.339484
v -0.00482127 -0.0532385 0.141272
vn 0.152995 -0.861776 0.483667
v 0.00296876 -0.0538031 0.137358
vn 0.159502 -0.892374 0.422171
v 0.00091227 -0.0532129 0.139362
vn 0.163147 -0.881569 0.442967
v 0.00091227 -0.0524686 0.140764
vn 0.163744 -0.864339 0.475505
v -0.00482127 -0.052443 0.14263
vn 0.142641 -0.845051 0.515308
v -0.00880159 -0.0515576 0.144918
vn 0.103405 -0.808345 0.579556
v -0.00864996 -0.0505054 0.146355
vn 0.121027 -0.796434 0.59249
v -0.0124786 -0.0482406 0.149735
vn 0.0814211 -0.769195 0.633806
v -0.0128388 -0.0465148 0.151868
vn 0.0498102 -0.763248 0.644182
v -0.0143835 -0.0474258 0.150844
vn 0.00500569 -0.773945 0.633233
v -0.00864996 -0.0497227 0.147309
vn 0.135101 -0.759795 0.635971
v -0.0105643 -0.0489335 0.148642
vn 0.100617 -0.766424 0.634406
v -0.0162884 -0.0473553 0.150844
vn -0.0417076 -0.773183 0.63281
v -0.017056 -0.04425 0.154448
vn -0.0280976 -0.27946 0.959746
v -0.0182027 -0.0441346 0.154448
vn -0.0318627 -0.284276 0.958213
v -0.0162884 -0.0465148 0.151868
vn -0.0383861 -0.765989 0.641706
v -0.0162884 -0.044327 0.154448
vn -0.0206355 -0.406059 0.913614
v -0.0361804 -0.025099 0.154448
vn -0.634541 -0.0705178 0.769666
v -0.0509645 -0.0225456 0.139594
vn -0.711691 0.0170913 0.702285
v -0.0362468 -0.024451 0.154448
vn -0.622364 -0.0366263 0.781871
v -0.0362752 -0.0234887 0.154448
vn -0.61424 -0.015275 0.788971
v -0.0362942 -0.0225456 0.154448
vn -0.67297 0.0165377 0.739485
v -0.0509076 -0.0206337 0.139534
vn -0.710429 0.0575027 0.701416
v -0.0517605 -0.0190939 0.138494
vn -0.728573 0.0863837 0.6795
v -0.0535327 -0.0187218 0.136412
vn -0.758252 0.105427 0.643381
v -0.0539592 -0.0148916 0.135053
vn -0.788674 0.160439 0.593509
v -0.0533906 -0.0168035 0.13624
vn -0.768495 0.133816 0.625706
v -0.056499 -0.00341378 0.124062
vn -0.831501 0.421854 0.361448
v -0.0557598 -0.00198306 0.124062
vn -0.82703 0.434383 0.356837
v -0.0554755 -0.000603677 0.123021
vn -0.811549 0.468142 0.349616
v -0.0551533 0.000448507 0.12229
vn -0.806213 0.490075 0.331431
v -0.0540729 0.00234115 0.122066
vn -0.799439 0.503608 0.327531
v -0.0536749 0.00339334 0.121378
vn -0.770847 0.555564 0.311678
v -0.0538834 0.00367563 0.120234
vn -0.786488 0.560452 0.25948
v -0.0540824 0.00429154 0.118144
vn -0.7841 0.574894 0.233847
v -0.0536085 0.00520258 0.117396
vn -0.731186 0.65308 0.197114
v -0.0570013 -0.00909172 0.127846
vn -0.8415 0.275401 0.464792
v -0.0573519 -0.00841806 0.12678
vn -0.850812 0.297301 0.433281
v -0.0553807 -0.0129797 0.132465
vn -0.807755 0.221803 0.5462
v -0.0537412 -0.0129797 0.134761
vn -0.782906 0.185875 0.593725
v -0.0545657 -0.0129797 0.133626
vn -0.796117 0.207666 0.568394
v -0.0557314 -0.0110678 0.131106
vn -0.830826 0.223202 0.509813
v -0.0565085 -0.0110678 0.129798
vn -0.839303 0.229778 0.492719
v -0.0555703 -0.00992577 0.130848
vn -0.826766 0.253241 0.502321
v -0.0559399 -0.00923286 0.129833
vn -0.837702 0.27048 0.474442
v -0.0571339 -0.00724398 0.126341
vn -0.84064 0.329244 0.430026
v -0.0554944 -0.00632653 0.128809
vn -0.811496 0.348832 0.468817
v -0.0557882 -0.00532567 0.127433
vn -0.831872 0.353597 0.427737
v -0.0567075 -0.00551814 0.125782
vn -0.832893 0.378505 0.403762
v -0.0555513 -0.00429273 0.127003
vn -0.805151 0.407319 0.431071
v -0.0557598 -0.00356134 0.125816
vn -0.827047 0.406745 0.38801
v -0.0537317 0.00532448 0.116407
vn -0.703734 0.691927 0.161232
v -0.0524808 0.00640874 0.116364
vn -0.637545 0.753801 0.159124
v -0.052803 0.00649856 0.114489
vn -0.63054 0.764733 0.132675
v -0.0517416 0.00714655 0.115693
vn -0.536461 0.835044 0.122109
v -0.0518458 0.00721713 0.114489
vn -0.500784 0.86103 0.0885632
v -0.0507275 0.00776888 0.114489
vn -0.403147 0.910761 0.0893697
v -0.0488132 0.00835913 0.116407
vn -0.323806 0.942685 0.0805921
v -0.0488132 0.00849386 0.114489
vn -0.283941 0.957316 0.054068
v -0.0488132 0.00858368 0.11258
vn -0.258111 0.965395 0.0373056
v -0.0488132 0.00864143 0.110671
vn -0.236494 0.971339 0.0239172
v -0.0488132 0.0086735 0.108761
vn -0.218553 0.975744 0.0125683
v -0.0488132 0.00869275 0.106852
vn -0.149576 0.988745 0.00325947
v -0.0488132 0.00868633 0.104934
vn -0.222463 0.974927 -0.00518247
v -0.0488132 0.0086735 0.103025
vn -0.215446 0.976414 -0.0141303
v -0.0470884 0.00888522 0.0972879
vn -0.193124 0.98088 -0.0240493
v -0.0459701 0.00902637 0.0943379
vn -0.179326 0.982702 -0.0462378
v -0.0373366 0.00921884 0.0665837
vn -0.090996 0.809125 -0.580549
v 0.00771671 -0.0560422 0.0665837
vn 0.149249 -0.789115 -0.595837
v 0.0162175 -0.0556059 0.09537
vn 0.159358 -0.986861 -0.0266676
v 0.0162175 -0.0556188 0.0972879
vn 0.106814 -0.994249 0.00777986
v 0.0143127 -0.0557535 0.09537
vn 0.0319372 -0.999227 0.022921
v 0.0123983 -0.0558818 0.0915427
vn 0.0127479 -0.999694 0.0211969
v 0.00965948 -0.0560294 0.0851611
vn 0.00420207 -0.999769 0.0210785
v 0.010484 -0.0551568 0.125971
vn 0.0115976 -0.999643 0.0240672
v 0.010484 -0.0550157 0.12788
vn 0.104279 -0.987771 0.115907
v 0.010484 -0.0547077 0.129798
vn 0.174125 -0.966667 0.187713
v 0.00856963 -0.0546372 0.131708
vn 0.149673 -0.966341 0.209246
v 0.00675954 -0.0544126 0.133763
vn 0.124287 -0.966727 0.223586
v -0.00673562 -0.0519939 0.143843
vn 0.138165 -0.814345 0.563695
v 0.0062004 -0.0542073 0.134855
vn 0.163411 -0.942252 0.292333
v 0.00474095 -0.0539892 0.136197
vn 0.204828 -0.898312 0.388692
v 0.00474095 -0.0534117 0.137453
vn 0.207484 -0.873755 0.43989
v -0.000992593 -0.0526354 0.141091
vn 0.158463 -0.857488 0.489493
v -0.00328601 -0.0523018 0.142415
vn 0.157197 -0.848571 0.505189
v 0.00292138 -0.0527381 0.139508
vn 0.187673 -0.86715 0.461334
v 0.00234329 -0.0523146 0.140498
vn 0.206135 -0.822316 0.530381
v -0.000992593 -0.0520644 0.142046
vn 0.199591 -0.789045 0.581009
v -0.00200663 -0.0521799 0.142209
vn 0.174564 -0.817458 0.548899
v -0.00482127 -0.0518142 0.143594
vn 0.164206 -0.803646 0.572005
v -0.00719051 -0.0503835 0.146191
vn 0.15848 -0.762985 0.626688
v -0.0115594 -0.0464442 0.15179
vn 0.0997942 -0.757706 0.644921
v -0.0123081 -0.0471564 0.151025
vn 0.0807974 -0.768137 0.635167
v -0.0143835 -0.0443784 0.154448
vn 0.00763379 -0.290651 0.956799
v -0.0143835 -0.0465469 0.151911
vn -0.00582755 -0.763318 0.645996
v -0.0124786 -0.0442565 0.154448
vn 0.0269969 -0.253333 0.967002
v -0.0105643 -0.0463672 0.151696
vn 0.149833 -0.750058 0.644177
v -0.0105643 -0.0481252 0.149606
vn 0.127319 -0.759279 0.638189
v -0.0362278 -0.0214934 0.154448
vn -0.595102 0.0412975 0.802588
v -0.0498462 -0.0187218 0.140394
vn -0.708725 0.0812463 0.700791
v -0.0361615 -0.0206337 0.154448
vn -0.644091 0.0731996 0.761438
v -0.0497799 -0.0176952 0.140334
vn -0.706294 0.105528 0.700009
v -0.0516752 -0.0178171 0.138399
vn -0.734481 0.109281 0.669773
v -0.0524334 -0.0168035 0.13735
vn -0.748375 0.127506 0.650905
v -0.053201 -0.0148916 0.136008
vn -0.760957 0.171579 0.625704
v -0.0522439 -0.0148916 0.137135
vn -0.74463 0.159095 0.64824
v -0.0555323 -0.0024065 0.125068
vn -0.809381 0.437334 0.391972
v -0.0552386 -0.00102712 0.124062
vn -0.803952 0.457191 0.380313
v -0.0542814 0.000538327 0.124165
vn -0.802514 0.466161 0.372377
v -0.0535327 0.00125689 0.124879
vn -0.779166 0.490777 0.389922
v -0.0538265 0.00171241 0.123597
vn -0.794536 0.497861 0.34763
v -0.0534 0.00298914 0.12266
vn -0.769477 0.533561 0.351023
v -0.0531442 0.00463158 0.120234
vn -0.742829 0.60763 0.281052
v -0.0521207 0.00385527 0.124062
vn -0.749135 0.563661 0.34797
v -0.0516373 0.00513842 0.122995
vn -0.717336 0.617046 0.323549
v -0.0534095 0.0049652 0.118669
vn -0.737085 0.628505 0.248369
v -0.052187 0.00567093 0.120234
vn -0.639435 0.734205 0.22818
v -0.0527177 0.00579283 0.118144
vn -0.635676 0.748031 0.190696
v -0.0557314 -0.00760326 0.129222
vn -0.834051 0.293646 0.467045
v -0.0561768 -0.00707717 0.128052
vn -0.838702 0.310988 0.447064
v -0.0551154 -0.0110678 0.132069
vn -0.803338 0.240925 0.544613
v -0.0536085 -0.0119852 0.134597
vn -0.775857 0.228897 0.587922
v -0.0540539 -0.0112346 0.13366
vn -0.794933 0.235451 0.559146
v -0.0529736 -0.0129797 0.135724
vn -0.758069 0.198876 0.621112
v -0.0548595 -0.00923286 0.131579
vn -0.802496 0.266523 0.533821
v -0.0553523 -0.00864903 0.130495
vn -0.809106 0.300154 0.505227
v -0.0551533 -0.00707717 0.129833
vn -0.802564 0.317473 0.505077
v -0.0540634 -0.0073338 0.131716
vn -0.793574 0.330217 0.511075
v -0.053817 -0.0058261 0.13108
vn -0.780291 0.359222 0.511963
v -0.0542909 -0.00524227 0.129902
vn -0.784272 0.379278 0.490984
v -0.0539118 -0.00377306 0.129342
vn -0.784678 0.397337 0.475818
v -0.055248 -0.00532567 0.128396
vn -0.79175 0.393088 0.467562
v -0.0535706 -0.00249632 0.128809
vn -0.772526 0.428233 0.468849
v -0.0539307 -0.00184833 0.127528
vn -0.789441 0.430332 0.437718
v -0.0535801 -0.000571597 0.1269
vn -0.778137 0.456147 0.43178
v -0.0552101 -0.00302242 0.126341
vn -0.798814 0.434223 0.41635
v -0.051571 0.00703749 0.116966
vn -0.566915 0.806163 0.169437
v -0.0503864 0.00744809 0.118316
vn -0.436196 0.888653 0.141528
v -0.0508507 0.00750583 0.116364
vn -0.413606 0.903467 0.112595
v -0.0488132 0.00816024 0.118316
vn -0.370643 0.921474 0.11623
v -0.0468989 0.00859651 0.120234
vn -0.281306 0.953847 0.10509
v -0.0468989 0.00875049 0.118316
vn -0.23122 0.970714 0.0652087
v -0.0468989 0.00884031 0.116407
vn -0.196039 0.979943 0.0357726
v -0.0468989 0.00888522 0.114489
vn -0.152127 0.98822 0.0166885
v -0.0468989 0.00890447 0.11258
vn -0.11958 0.992814 0.00467334
v -0.0461312 0.00905203 0.0972879
vn -0.0950421 0.995473 0.000798062
v -0.0450414 0.00910336 0.0935983
vn -0.0962028 0.995115 -0.0221491
v -0.0354223 0.00938565 0.0665837
vn 0.0262863 0.988504 -0.148895
v -0.0430702 0.00924451 0.0915427
vn -0.0593497 0.998231 -0.00366099
v 0.00867388 -0.0558177 0.0665837
vn 0.176465 -0.598132 -0.781728
v 0.0162175 -0.0555289 0.0934607
vn 0.238515 -0.969539 -0.0557193
v 0.0181319 -0.0552531 0.0972879
vn 0.275153 -0.960238 -0.0472525
v 0.0181319 -0.0553236 0.0991973
vn 0.243771 -0.969565 -0.0227852
v 0.0181319 -0.0553365 0.101107
vn 0.198679 -0.980061 -0.00273784
v 0.0162175 -0.0555803 0.0991973
vn 0.0552958 -0.998185 0.0238682
v 0.0181319 -0.0553301 0.103025
vn 0.1749 -0.984536 0.00990242
v 0.0181319 -0.055298 0.104934
vn 0.118665 -0.992622 0.0248923
v 0.0143127 -0.0551632 0.120234
vn 0.0482698 -0.998514 0.0253008
v 0.0123983 -0.0551504 0.124062
vn 0.0383848 -0.998894 0.0271427
v 0.0123983 -0.0550093 0.125971
vn 0.133891 -0.984608 0.112344
v 0.0103608 -0.0542907 0.131622
vn 0.213272 -0.947301 0.239031
v 0.0123983 -0.0547013 0.12788
vn 0.219248 -0.958255 0.183515
v 0.0123035 -0.0543035 0.129687
vn 0.239273 -0.943544 0.229072
v 0.00964053 -0.0541431 0.132766
vn 0.256424 -0.912036 0.320057
v 0.00856963 -0.0542586 0.133153
vn 0.179826 -0.947433 0.264637
v -0.00663137 -0.0509481 0.145271
vn 0.150622 -0.801416 0.578831
v 0.00747031 -0.0540726 0.134486
vn 0.233561 -0.89913 0.370155
v 0.00675954 -0.0538031 0.135509
vn 0.24817 -0.871883 0.422175
v 0.00474095 -0.0525649 0.13901
vn 0.231517 -0.847642 0.477392
v 0.00672163 -0.0527766 0.137565
vn 0.265455 -0.851903 0.451437
v 0.00091227 -0.0518014 0.141719
vn 0.227933 -0.759238 0.609593
v 0.0036132 -0.0521414 0.140239
vn 0.270228 -0.748833 0.605166
v -0.00290693 -0.0506337 0.144557
vn 0.220142 -0.740038 0.635517
v -0.0027553 -0.0516987 0.143103
vn 0.188208 -0.786623 0.588049
v -0.00482127 -0.0508583 0.144884
vn 0.180824 -0.785671 0.591627
v -0.00864996 -0.0461555 0.151455
vn 0.174109 -0.741917 0.647491
v -0.0059206 -0.0502424 0.146019
vn 0.197061 -0.738973 0.644272
v -0.010498 -0.0439613 0.154448
vn 0.0743776 -0.344773 0.935735
v -0.0106212 -0.0439806 0.154448
vn 0.0287779 -0.193138 0.980749
v -0.0359435 -0.0189848 0.154448
vn -0.567931 0.075999 0.81956
v -0.0496566 -0.0164249 0.140214
vn -0.700681 0.143721 0.698849
v -0.0504622 -0.0169574 0.139491
vn -0.709507 0.134381 0.691767
v -0.0515899 -0.0168035 0.138304
vn -0.72149 0.140846 0.677949
v -0.0359151 -0.0187923 0.154448
vn -0.594772 0.118714 0.795081
v -0.0520164 -0.0129797 0.136868
vn -0.741507 0.187929 0.644089
v -0.0513909 -0.0148916 0.138089
vn -0.723754 0.171312 0.668455
v -0.0545562 -0.00148905 0.125988
vn -0.798611 0.443601 0.40674
v -0.0539023 -1.3427e-05 0.125627
vn -0.798309 0.45636 0.392988
v -0.0532958 0.000538327 0.126143
vn -0.76302 0.488129 0.42371
v -0.0519027 0.00169958 0.127304
vn -0.754231 0.494562 0.431907
v -0.0522439 0.00233474 0.125937
vn -0.75609 0.507667 0.41304
v -0.0518269 0.00346391 0.125274
vn -0.747771 0.543568 0.381277
v -0.0531347 0.00234115 0.124165
vn -0.767623 0.526648 0.365235
v -0.0519027 0.00540788 0.121722
vn -0.665551 0.696511 0.268169
v -0.0513625 0.00481764 0.124062
vn -0.716986 0.589445 0.372137
v -0.0496851 0.00509993 0.12678
vn -0.684853 0.608543 0.400814
v -0.0500357 0.00544638 0.125507
vn -0.603075 0.722394 0.338302
v -0.0504053 0.00576717 0.124062
vn -0.607066 0.73887 0.292475
v -0.050737 0.00619702 0.122187
vn -0.60589 0.751583 0.260809
v -0.0510024 0.00662688 0.120234
vn -0.596528 0.768324 0.232017
v -0.0513435 0.00688992 0.118316
vn -0.591376 0.781395 0.199241
v -0.0538549 -0.00915588 0.133024
vn -0.789081 0.253703 0.559451
v -0.0518174 -0.0116067 0.136653
vn -0.732923 0.225572 0.641827
v -0.0526135 -0.0111576 0.135501
vn -0.754616 0.251221 0.606171
v -0.0534 -0.0107085 0.134322
vn -0.762893 0.256255 0.593573
v -0.0536654 -0.00803312 0.132766
vn -0.776583 0.301863 0.55299
v -0.0533811 -0.00675638 0.132353
vn -0.755609 0.359818 0.547345
v -0.0530873 -0.00524227 0.131716
vn -0.755465 0.380625 0.533289
v -0.0535043 -0.00454936 0.130615
vn -0.763579 0.398036 0.508443
v -0.0532674 -0.00324697 0.129902
vn -0.76002 0.415253 0.499934
v -0.0518837 -0.00211138 0.131045
vn -0.748755 0.424706 0.508911
v -0.0523197 -0.00148263 0.129833
vn -0.753012 0.438721 0.490405
v -0.0519311 -0.000154573 0.129222
vn -0.752891 0.459175 0.471502
v -0.0533432 -0.00132866 0.128052
vn -0.763224 0.453151 0.460591
v -0.0523386 0.000454924 0.127915
vn -0.757053 0.475308 0.448278
v -0.0500452 0.00726845 0.120234
vn -0.471302 0.865563 0.169336
v -0.0488132 0.00787795 0.120234
vn -0.403469 0.901356 0.157383
v -0.0468989 0.00833347 0.122144
vn -0.351221 0.922058 0.162643
v -0.0449845 0.00864143 0.124062
vn -0.277872 0.949082 0.148425
v -0.0448898 0.00888522 0.122273
vn -0.230245 0.968489 0.094957
v -0.0453541 0.00894297 0.120234
vn -0.192995 0.97902 0.0653608
v -0.0456763 0.00899429 0.118316
vn -0.146815 0.988551 0.0348077
v -0.0457711 0.00901354 0.116407
vn -0.0625393 0.998034 0.00401206
v -0.039251 0.0093664 0.0838968
vn -0.0286104 0.999578 -0.00503137
v -0.039251 0.00937282 0.0858061
vn -0.00921034 0.999955 0.00226456
v -0.0373366 0.00939207 0.0800695
vn 0.00772916 0.999967 0.00242624
v -0.0354223 0.00938565 0.0724149
vn 0.028455 0.999592 0.00246545
v -0.0239457 0.00886598 0.137453
vn 0.0421518 0.999103 0.00405194
v -0.020117 0.00864143 0.139362
vn 0.082137 0.996617 -0.00295956
v -0.035337 0.00937924 0.0665837
vn 0.0690617 0.892442 -0.445845
v -0.0411558 0.00932791 0.0877154
vn -0.032645 0.999465 -0.0019784
v -0.0430702 0.00913544 0.120234
vn -0.048538 0.998813 0.00416623
v -0.0411558 0.00920601 0.124062
vn -0.0391063 0.999221 0.00523056
v -0.0411558 0.00932149 0.0896334
vn -0.0335732 0.999431 0.00335188
v 0.010484 -0.0552082 0.0665837
vn 0.249965 -0.587589 -0.769582
v 0.0181319 -0.0551247 0.09537
vn 0.310816 -0.947316 -0.0773619
v 0.0200462 -0.0547077 0.0991973
vn 0.36921 -0.927358 -0.0607598
v 0.0200462 -0.0547975 0.101107
vn 0.327504 -0.944161 -0.0360618
v 0.0200462 -0.0548553 0.103025
vn 0.307746 -0.951369 -0.0137663
v 0.0200462 -0.0548617 0.104934
vn 0.275964 -0.961121 0.00949098
v 0.0162175 -0.0552017 0.114489
vn 0.064631 -0.997598 0.0249172
v 0.0200462 -0.0548168 0.106852
vn 0.256497 -0.966166 0.0270725
v 0.0181319 -0.0551312 0.110671
vn 0.168024 -0.985311 0.0305029
v 0.0162175 -0.0551504 0.116407
vn 0.0959414 -0.994869 0.0321201
v 0.0143127 -0.0550863 0.122144
vn 0.121433 -0.990263 0.0680614
v 0.0143127 -0.0549066 0.124062
vn 0.212651 -0.967543 0.136528
v 0.0116117 -0.0541624 0.130916
vn 0.308016 -0.898583 0.312531
v 0.0144927 -0.0545024 0.12616
vn 0.255286 -0.950019 0.179703
v 0.0139146 -0.0542907 0.12788
vn 0.265258 -0.939694 0.215901
v 0.0134692 -0.0541496 0.128981
vn 0.340286 -0.892804 0.295139
v 0.00856963 -0.0539122 0.134107
vn 0.293967 -0.868394 0.399344
v 0.0109199 -0.0539186 0.132198
vn 0.335904 -0.866685 0.368816
v 0.0103608 -0.0535529 0.133488
vn 0.344764 -0.84445 0.40993
v 0.00856963 -0.0532321 0.135535
vn 0.300641 -0.850858 0.430878
v 0.00613406 -0.0523531 0.138648
vn 0.289857 -0.803129 0.520544
v 0.00856963 -0.0524686 0.136945
vn 0.306995 -0.825476 0.473649
v 0.00091227 -0.0508454 0.142854
vn 0.25643 -0.727582 0.636293
v -0.00155173 -0.050422 0.144308
vn 0.253711 -0.710742 0.656108
v 0.00474095 -0.051904 0.139964
vn 0.325166 -0.717847 0.6156
v 0.00456089 -0.0508198 0.141272
vn 0.317525 -0.70443 0.634788
v 0.00380274 -0.0502809 0.142235
vn 0.327112 -0.658808 0.677473
v 0.00282661 -0.0504926 0.14245
vn 0.278857 -0.695544 0.662161
v 0.00292138 -0.051564 0.141194
vn 0.267683 -0.724216 0.635497
v -0.00867839 -0.0435187 0.154448
vn 0.155674 -0.488432 0.858603
v -0.00482127 -0.0500691 0.145839
vn 0.221803 -0.725594 0.651396
v -0.0494955 -0.0148916 0.14005
vn -0.695674 0.170112 0.697925
v -0.0504338 -0.0148916 0.139096
vn -0.709437 0.158756 0.686655
v -0.0354981 -0.0168035 0.154448
vn -0.609635 0.160417 0.77628
v -0.0511445 -0.0129797 0.137831
vn -0.719242 0.200979 0.665056
v -0.0501874 -0.0129797 0.138846
vn -0.704667 0.190219 0.683565
v -0.0515236 0.00112216 0.128577
vn -0.73232 0.493977 0.468716
v -0.0510877 0.00233474 0.127915
vn -0.729362 0.515158 0.450158
v -0.0514667 0.00297631 0.126547
vn -0.727776 0.535193 0.428848
v -0.050756 0.00428513 0.126031
vn -0.716688 0.574421 0.395473
v -0.049325 0.00467007 0.12788
vn -0.680267 0.574507 0.455168
v -0.0479887 0.00531806 0.129033
vn -0.610998 0.665165 0.429228
v -0.0483678 0.00561961 0.12788
vn -0.566217 0.74074 0.361528
v -0.0501115 0.00371413 0.12788
vn -0.709352 0.554079 0.43568
v -0.0488132 0.00617777 0.125971
vn -0.568313 0.749588 0.339319
v -0.0491923 0.00672311 0.124062
vn -0.568348 0.761254 0.312206
v -0.0495524 0.00697974 0.122643
vn -0.550635 0.794535 0.255958
v -0.0498367 0.00715297 0.12137
vn -0.500509 0.842713 0.198309
v -0.0531347 -0.00915588 0.133987
vn -0.758948 0.273235 0.591051
v -0.0499599 -0.0114271 0.138605
vn -0.685766 0.219145 0.694047
v -0.0497514 -0.0101503 0.13839
vn -0.683661 0.245224 0.687367
v -0.0516089 -0.01033 0.136404
vn -0.731864 0.258207 0.630638
v -0.0521775 -0.00915588 0.135191
vn -0.751145 0.267618 0.603458
v -0.0519027 -0.00770592 0.134847
vn -0.740504 0.304929 0.598892
v -0.0526419 -0.00723115 0.133626
vn -0.746307 0.340419 0.571962
v -0.0516089 -0.00642918 0.134494
vn -0.729259 0.352917 0.5862
v -0.0520733 -0.00532567 0.133178
vn -0.744128 0.365429 0.559227
v -0.0517795 -0.00418367 0.1328
vn -0.740427 0.38663 0.549804
v -0.0521965 -0.00349077 0.131699
vn -0.751459 0.40081 0.52408
v -0.0514288 -0.00290693 0.132327
vn -0.726349 0.419423 0.54452
v -0.0508318 -0.00132866 0.131854
vn -0.728031 0.438907 0.526623
v -0.0515047 -0.000834644 0.130495
vn -0.730901 0.455855 0.507916
v -0.0511256 0.000454924 0.129833
vn -0.728868 0.47563 0.492471
v -0.0488795 0.00748017 0.122066
vn -0.414743 0.888769 0.195135
v -0.0468989 0.00793569 0.124062
vn -0.391463 0.895699 0.210904
v -0.0449845 0.00826931 0.125971
vn -0.340938 0.913332 0.222678
v -0.0430323 0.00884673 0.125988
vn -0.255538 0.95077 0.175321
v -0.0437051 0.00896863 0.124062
vn -0.215787 0.968785 0.122033
v -0.04398 0.00901354 0.122995
vn -0.150821 0.986641 0.0615814
v -0.0441979 0.00904562 0.121714
vn -0.0923859 0.995255 0.0305371
v -0.044397 0.00905845 0.120234
vn -0.0631435 0.997926 0.0124748
v -0.0447192 0.00905845 0.118316
vn -0.0579276 0.998279 0.00908412
v -0.039251 0.00925734 0.125971
vn -0.0196732 0.999793 0.00519904
v -0.0373366 0.00925734 0.12788
vn 0.00120783 0.999986 0.00522821
v -0.0354223 0.00922526 0.129798
vn 0.0222373 0.999743 0.00446858
v -0.0287221 0.00901995 0.13458
vn 0.0294868 0.999562 0.00270645
v -0.0287316 0.00901995 0.13458
vn -0.0159181 0.997201 0.0730508
v -0.033508 0.00905845 0.13292
vn -0.0277175 0.995334 0.0924252
v -0.0258601 0.00880823 0.137453
vn -0.0693942 0.979689 0.188131
v -0.0220314 0.00865426 0.139362
vn -0.0364198 0.973152 0.227264
v -0.0182027 0.00819874 0.141272
vn 0.00287148 0.953298 0.302018
v -0.0162884 0.00812175 0.141272
vn 0.0829994 0.976756 0.197635
v -0.0143835 0.00789078 0.141272
vn 0.185533 0.982253 -0.0274978
v -0.0182027 0.00839121 0.139362
vn 0.135291 0.990664 -0.016793
v -0.033508 0.00923809 0.0666783
vn 0.126451 0.991851 -0.0155453
v -0.033508 0.00923167 0.0665837
vn 0.000217879 0.00265515 -0.999996
v -0.0432313 0.00910336 0.122273
vn -0.0691205 0.997378 0.0214212
v -0.042748 0.00909053 0.124062
vn -0.081818 0.995946 0.0373772
v -0.0412222 0.00912902 0.125988
vn -0.0724081 0.996303 0.0462303
v 0.0119719 -0.0544511 0.0665837
vn 0.199459 -0.388045 -0.899799
v 0.0209181 -0.0540533 0.0966601
vn 0.462855 -0.877532 -0.125312
v 0.0197714 -0.0544511 0.09537
vn 0.410296 -0.905499 -0.108294
v 0.0181319 -0.0549323 0.0934607
vn 0.378233 -0.920529 -0.0978089
v 0.0201884 -0.0544832 0.0972879
vn 0.383341 -0.919206 -0.0900564
v 0.0210697 -0.0541431 0.097933
vn 0.494747 -0.863806 -0.0952097
v 0.0211645 -0.0542009 0.0991973
vn 0.482839 -0.873268 -0.0653476
v 0.0212877 -0.054265 0.101107
vn 0.458052 -0.887284 -0.0539938
v 0.0213919 -0.0543164 0.103025
vn 0.428417 -0.903027 -0.0316319
v 0.0214298 -0.0543292 0.104934
vn 0.418785 -0.908081 -0.00274718
v 0.0214204 -0.0543164 0.106852
vn 0.405893 -0.913676 0.0211497
v 0.021354 -0.0542843 0.108761
vn 0.383224 -0.922947 0.0361569
v 0.0200462 -0.0547591 0.108761
vn 0.262743 -0.964253 0.0343921
v 0.0181319 -0.0550606 0.11258
vn 0.181744 -0.982503 0.0407175
v 0.0162175 -0.0550734 0.118316
vn 0.138126 -0.988992 0.0530758
v 0.0162175 -0.0549387 0.120234
vn 0.201481 -0.975154 0.0920878
v 0.0162175 -0.0547141 0.122144
vn 0.266718 -0.954271 0.13501
v 0.0162744 -0.0543869 0.12401
vn 0.279866 -0.945523 0.166318
v 0.0128816 -0.0539186 0.130254
vn 0.365815 -0.865436 0.342344
v 0.0123035 -0.0535978 0.131622
vn 0.381687 -0.840912 0.383643
v 0.0156679 -0.0542522 0.125644
vn 0.316921 -0.927277 0.199293
v 0.0152603 -0.0541046 0.126926
vn 0.364549 -0.89395 0.260687
v 0.0148718 -0.0539378 0.12788
vn 0.411201 -0.850668 0.327533
v 0.0141895 -0.0535593 0.129687
vn 0.41786 -0.835565 0.356685
v 0.0123415 -0.0526419 0.133583
vn 0.384383 -0.828842 0.406535
v 0.0116686 -0.0523275 0.134787
vn 0.408838 -0.784223 0.46674
v 0.0103608 -0.052552 0.135466
vn 0.347203 -0.832833 0.431091
v 0.00964053 -0.0522505 0.136584
vn 0.398487 -0.743039 0.537682
v 0.00741345 -0.0520965 0.138279
vn 0.362325 -0.721069 0.590576
v -0.000272346 -0.0501782 0.14405
vn 0.270074 -0.698171 0.663036
v -0.00673562 -0.0427937 0.154448
vn 0.19949 -0.483126 0.852522
v 0.00683535 -0.0513459 0.139465
vn 0.350671 -0.702053 0.6198
v 0.00626674 -0.0505888 0.140635
vn 0.364752 -0.63694 0.679164
v -0.0046886 -0.0418313 0.154448
vn 0.238709 -0.423444 0.873907
v -0.0492302 -0.0129797 0.139801
vn -0.688853 0.198447 0.697209
v -0.0349295 -0.0150006 0.154448
vn -0.553574 0.21152 0.805491
v -0.0498178 0.00143653 0.130813
vn -0.70428 0.489968 0.513731
v -0.0501021 0.00217434 0.129626
vn -0.717108 0.505158 0.480179
v -0.0497893 0.00331635 0.128878
vn -0.706417 0.533308 0.465357
v -0.048671 0.00406699 0.129592
vn -0.674365 0.569998 0.469397
v -0.0475149 0.00482405 0.130306
vn -0.637832 0.590616 0.494311
v -0.046245 0.00543996 0.131114
vn -0.541569 0.709526 0.450861
v -0.0468894 0.00575434 0.129721
vn -0.532397 0.74826 0.395803
v -0.0468989 0.00663971 0.127975
vn -0.53733 0.755862 0.374098
v -0.0475433 0.00691559 0.126435
vn -0.535917 0.773169 0.339119
v -0.0479413 0.00715939 0.125163
vn -0.465114 0.843763 0.267828
v -0.0482351 0.00730695 0.124062
vn -0.43331 0.873525 0.221804
v -0.0478086 -0.0102337 0.140282
vn -0.664305 0.273241 0.695729
v -0.0485858 -0.00915588 0.139113
vn -0.660668 0.286726 0.693762
v -0.0495429 -0.00915588 0.138175
vn -0.681964 0.304103 0.665167
v -0.0504338 -0.00915588 0.137221
vn -0.708865 0.289235 0.643315
v -0.0513909 -0.00915588 0.136146
vn -0.720845 0.296481 0.626483
v -0.0510782 -0.00713491 0.135509
vn -0.714212 0.320376 0.622302
v -0.0513341 -0.00532567 0.134142
vn -0.719064 0.379123 0.58242
v -0.0497893 -0.00624954 0.136515
vn -0.689177 0.354795 0.631787
v -0.0502632 -0.0054989 0.135509
vn -0.707151 0.368344 0.60354
v -0.0507181 -0.00342661 0.133617
vn -0.718901 0.397572 0.570191
v -0.0496472 -0.00266955 0.134434
vn -0.692318 0.419376 0.587213
v -0.0501589 -0.00182267 0.133153
vn -0.714862 0.423048 0.556779
v -0.0497704 -0.000545935 0.132662
vn -0.700138 0.46026 0.545864
v -0.0501494 0.000410012 0.131278
vn -0.721016 0.463337 0.515223
v -0.0468989 0.00745451 0.125868
vn -0.398702 0.882273 0.250264
v -0.0451077 0.00763415 0.127975
vn -0.379246 0.884003 0.273333
v -0.0430702 0.00789078 0.129798
vn -0.341198 0.895315 0.286346
v -0.0430702 0.00844895 0.12788
vn -0.289833 0.930049 0.225842
v -0.0412222 0.00890447 0.128044
vn -0.240733 0.951126 0.193411
v -0.0419045 0.00898787 0.126642
vn -0.18401 0.974099 0.131418
v -0.0423689 0.00905845 0.125369
vn -0.126875 0.988736 0.0794031
v -0.0394026 0.00914827 0.128044
vn -0.0596282 0.996585 0.057118
v -0.0374219 0.00913544 0.12991
vn -0.0493343 0.996429 0.0685299
v -0.0352991 0.00909694 0.131699
vn -0.0408805 0.996113 0.0780246
v -0.033508 0.00914185 0.131708
vn -0.0133283 0.998018 0.0614963
v -0.0345883 0.00903279 0.132731
vn -0.0766149 0.982801 0.168027
v -0.0277649 0.00859651 0.137453
vn -0.109534 0.957444 0.267027
v -0.0239457 0.00849386 0.139362
vn -0.117702 0.936006 0.331721
v -0.033508 0.00889164 0.133884
vn -0.0996301 0.968707 0.227334
v -0.0315936 0.00868633 0.135535
vn -0.105234 0.962787 0.248931
v -0.020117 0.00812175 0.141272
vn -0.0738217 0.910823 0.406143
v -0.0162884 0.00751867 0.142906
vn -0.0215132 0.890007 0.455439
v -0.0143835 0.007493 0.142914
vn 0.0571808 0.924143 0.377743
v -0.0124786 0.00733903 0.142734
vn 0.129796 0.946804 0.294475
v -0.0111424 0.00719146 0.142458
vn 0.264695 0.96057 0.0850985
v -0.0111424 0.00719146 0.141641
vn 0.267286 0.962701 -0.0420154
v -0.0258601 0.00771755 0.0665837
vn 0.208986 0.951547 -0.225571
v -0.0277649 0.00813458 0.0665837
vn 0.182034 0.860015 -0.476695
v -0.0296793 0.00852594 0.0665837
vn 0.174131 0.863348 -0.473611
v -0.031423 0.00887239 0.0665837
vn 0.168609 0.865632 -0.471437
v -0.0323802 0.00905203 0.0665837
vn 0.153018 0.878438 -0.452693
v -0.0334606 0.00922526 0.0665837
vn 0.000402309 0.00252561 -0.999997
v -0.0406346 0.00908411 0.127511
vn -0.107825 0.990444 0.0859893
v 0.0120192 -0.054419 0.0665837
vn 0.255131 -0.367336 -0.894412
v 0.0207285 -0.0539378 0.09537
vn 0.5751 -0.802312 -0.159862
v 0.0218089 -0.0535272 0.0972879
vn 0.589693 -0.796235 -0.135174
v 0.0221216 -0.0535657 0.0991973
vn 0.586917 -0.803929 -0.0960538
v 0.0222448 -0.0536748 0.101107
vn 0.57328 -0.816108 -0.0729199
v 0.0223491 -0.0537518 0.103025
vn 0.555293 -0.830433 -0.0450547
v 0.022387 -0.0537839 0.104934
vn 0.552514 -0.833439 -0.0104225
v 0.0223775 -0.0537903 0.106852
vn 0.545881 -0.837688 0.0170982
v 0.0223112 -0.0537582 0.108761
vn 0.533831 -0.844357 0.0456781
v 0.0212498 -0.054233 0.110671
vn 0.415561 -0.907887 0.0552215
v 0.0200462 -0.0546821 0.110671
vn 0.285089 -0.957343 0.0471113
v 0.0181319 -0.0549708 0.114489
vn 0.219924 -0.973898 0.0561849
v 0.0181319 -0.0548425 0.116407
vn 0.249688 -0.965202 0.0777207
v 0.0181319 -0.0546564 0.118316
vn 0.282421 -0.952804 0.111369
v 0.0181982 -0.0543869 0.120157
vn 0.309881 -0.940904 0.136647
v 0.0175917 -0.0542715 0.122144
vn 0.327695 -0.931118 0.160112
v 0.0172979 -0.054156 0.123348
vn 0.374387 -0.90567 0.198987
v 0.0142653 -0.0526354 0.131647
vn 0.412965 -0.824563 0.386723
v 0.0169378 -0.0540084 0.124621
vn 0.436683 -0.861919 0.25769
v 0.0162744 -0.053848 0.12616
vn 0.459701 -0.83674 0.297558
v 0.0162175 -0.0532449 0.12788
vn 0.454602 -0.828075 0.328068
v 0.0161417 -0.0525392 0.129652
vn 0.448605 -0.818795 0.358228
v 0.0154499 -0.0523146 0.130968
vn 0.47713 -0.777685 0.409331
v 0.0136019 -0.0523467 0.13292
vn 0.463694 -0.75934 0.456498
v 0.012948 -0.051904 0.134202
vn 0.500273 -0.685303 0.529231
v 0.0109104 -0.0518463 0.13606
vn 0.47066 -0.680897 0.561122
v 0.00856963 -0.0517629 0.1379
vn 0.413022 -0.684681 0.600521
v 0.0103323 -0.0511406 0.137332
vn 0.456738 -0.667866 0.587661
v 0.00974477 -0.0504413 0.138562
vn 0.459868 -0.62203 0.63372
v 0.00754612 -0.0502295 0.140274
vn 0.40972 -0.59552 0.691003
v 0.00856963 -0.0508069 0.138967
vn 0.40646 -0.677568 0.612937
v -0.00290693 -0.0407214 0.154448
vn 0.216275 -0.319467 0.922586
v -0.034105 -0.0131914 0.154448
vn -0.520129 0.242088 0.81906
v -0.0475717 -0.00915588 0.140067
vn -0.652413 0.301348 0.695375
v -0.0480456 0.00162259 0.132895
vn -0.673815 0.490828 0.552323
v -0.0486995 0.00216793 0.131561
vn -0.680092 0.503035 0.533321
v -0.048074 0.00355373 0.131037
vn -0.667839 0.541412 0.510749
v -0.0493534 0.00270685 0.130151
vn -0.697055 0.519398 0.494307
v -0.0468989 0.00424663 0.131708
vn -0.630227 0.5739 0.522927
v -0.0456858 0.00494595 0.132387
vn -0.594471 0.605247 0.529416
v -0.0444064 0.00547846 0.133067
vn -0.508303 0.709553 0.488019
v -0.0448708 0.00609437 0.131587
vn -0.500405 0.737825 0.453001
v -0.0440558 0.00712089 0.130779
vn -0.457377 0.797694 0.393053
v -0.045392 0.00676161 0.129798
vn -0.515431 0.755047 0.40526
v -0.0458185 0.00703749 0.12868
vn -0.493201 0.792642 0.35843
v -0.0462639 0.00728128 0.127399
vn -0.43257 0.851098 0.297514
v -0.0481498 -0.00724398 0.138683
vn -0.649094 0.313883 0.692931
v -0.049107 -0.00724398 0.137728
vn -0.678196 0.321392 0.660876
v -0.0500168 -0.00724398 0.136765
vn -0.703043 0.310514 0.639775
v -0.0500073 -0.00394628 0.134855
vn -0.702572 0.384026 0.599096
v -0.0478939 -0.00622388 0.138442
vn -0.640219 0.34458 0.686574
v -0.048671 -0.00560155 0.137298
vn -0.665079 0.368692 0.649412
v -0.0481688 -0.00385646 0.136816
vn -0.661288 0.383949 0.644423
v -0.0494387 -0.0049728 0.136137
vn -0.68237 0.383725 0.622194
v -0.048908 -0.0032598 0.135638
vn -0.677571 0.397781 0.618601
v -0.0477802 -0.00257973 0.136412
vn -0.651081 0.419344 0.632649
v -0.0483204 -0.00150188 0.135079
vn -0.667098 0.427366 0.610196
v -0.0479603 -0.000404788 0.134692
vn -0.660525 0.454359 0.597716
v -0.0493723 -0.00130941 0.133729
vn -0.684019 0.443506 0.579155
v -0.0484152 0.00030736 0.133565
vn -0.672053 0.475233 0.567889
v -0.0444349 0.00730695 0.129798
vn -0.397051 0.86511 0.306489
v -0.0429186 0.00730695 0.131536
vn -0.352194 0.875091 0.331927
v -0.0411558 0.00793569 0.131708
vn -0.308158 0.896349 0.318743
v -0.0411558 0.00853877 0.129798
vn -0.268547 0.929834 0.251578
v -0.0401418 0.00901354 0.128783
vn -0.177619 0.970133 0.165204
v -0.0388719 0.00908411 0.129342
vn -0.0862528 0.991414 0.0982821
v -0.0368533 0.00906486 0.131054
vn -0.0803679 0.989728 0.118239
v -0.0358582 0.00896863 0.132327
vn -0.121196 0.974016 0.191322
v -0.0352991 0.00878257 0.133471
vn -0.144724 0.956677 0.252633
v -0.033508 0.0084682 0.135535
vn -0.135529 0.945575 0.295838
v -0.0315936 0.00807684 0.137453
vn -0.150808 0.91909 0.364048
v -0.0258601 0.00819874 0.139362
vn -0.146991 0.898001 0.414713
v -0.0220314 0.00787795 0.141272
vn -0.129778 0.88471 0.447713
v -0.020117 0.00736469 0.142639
vn -0.104767 0.852047 0.512875
v -0.0182027 0.00746734 0.142802
vn -0.0676972 0.862455 0.501586
v -0.0162884 0.006922 0.14386
vn -0.0430076 0.830048 0.556031
v -0.0143835 0.00693483 0.143878
vn 0.0320198 0.834806 0.549612
v -0.0124786 0.00687709 0.143688
vn 0.123458 0.863734 0.488591
v -0.0105264 0.00679369 0.143129
vn 0.188426 0.890434 0.414275
v -0.00864996 0.00631892 0.14319
vn 0.245991 0.920235 0.304394
v -0.00673562 0.00572867 0.14319
vn 0.307275 0.947484 0.0886321
v -0.00539937 0.00533731 0.141917
vn 0.359195 0.93193 -0.0498614
v -0.0158998 0.00504219 0.0665837
vn 0.30404 0.930319 -0.205103
v -0.0168096 0.0053309 0.0665837
vn 0.257546 0.823685 -0.505187
v -0.0181364 0.0057415 0.0665837
vn 0.247654 0.82903 -0.501374
v -0.020117 0.00631892 0.0665837
vn 0.231718 0.837359 -0.495112
v -0.0220314 0.00681935 0.0665837
vn 0.216929 0.84478 -0.489171
v -0.0231402 0.00709523 0.0665837
vn 0.205407 0.850358 -0.484457
v -0.02405 0.00730695 0.0665837
vn 0.195699 0.854922 -0.480427
v -0.0257748 0.00769831 0.0665837
vn 0.194101 0.855661 -0.479759
v 0.012929 -0.0537839 0.0665837
vn 0.376419 -0.487975 -0.787521
v 0.0221216 -0.0528985 0.0952754
vn 0.585939 -0.793829 -0.162823
v 0.0230504 -0.0523211 0.095843
vn 0.654826 -0.733515 -0.182093
v 0.0232115 -0.0524622 0.0972879
vn 0.654831 -0.744392 -0.130677
v 0.0233916 -0.0526098 0.0991973
vn 0.647578 -0.75413 -0.109228
v 0.0235337 -0.0527188 0.101107
vn 0.634694 -0.768398 -0.0820276
v 0.0236474 -0.0527958 0.103025
vn 0.625487 -0.778555 -0.0511758
v 0.0237043 -0.0528279 0.104934
vn 0.620521 -0.784038 -0.0154616
v 0.0236948 -0.0528343 0.106852
vn 0.611653 -0.791062 0.0101284
v 0.0236569 -0.0528022 0.108761
vn 0.616664 -0.78634 0.0373519
v 0.0222069 -0.053694 0.110671
vn 0.541688 -0.837706 0.0694496
v 0.0235716 -0.0527381 0.110671
vn 0.616641 -0.784562 0.0649393
v 0.0211171 -0.0541624 0.11258
vn 0.442653 -0.89399 0.0695763
v 0.0200462 -0.0545666 0.11258
vn 0.304836 -0.949921 0.068736
v 0.0196861 -0.0543549 0.116407
vn 0.332573 -0.937942 0.098287
v 0.0193733 -0.0542265 0.118316
vn 0.354395 -0.926634 0.125512
v 0.0191648 -0.0541431 0.119469
vn 0.419314 -0.892559 0.165874
v 0.0188805 -0.0540148 0.12075
vn 0.428457 -0.881976 0.196326
v 0.0185488 -0.0538416 0.122144
vn 0.476748 -0.847869 0.232013
v 0.0180181 -0.0536042 0.12401
vn 0.487362 -0.833045 0.261751
v 0.0182266 -0.0528022 0.126005
vn 0.481674 -0.824358 0.297362
v 0.0175727 -0.0524558 0.12788
vn 0.500741 -0.80026 0.329912
v 0.0172315 -0.0522312 0.128912
vn 0.55445 -0.729107 0.401233
v 0.0148813 -0.0518976 0.132241
vn 0.533164 -0.68755 0.492962
v 0.0167293 -0.0518399 0.130185
vn 0.561849 -0.686828 0.461078
v 0.0143316 -0.0512625 0.133643
vn 0.530038 -0.668382 0.521848
v 0.0137819 -0.0506273 0.134985
vn 0.526534 -0.643398 0.555699
v 0.0123794 -0.0512368 0.135518
vn 0.492444 -0.668557 0.557253
v 0.0118107 -0.0505696 0.136808
vn 0.49318 -0.637663 0.591743
v 0.0110147 -0.0498895 0.138081
vn 0.51435 -0.555049 0.653731
v 0.0102755 -0.0491324 0.139216
vn 0.49295 -0.535202 0.685973
v 0.00856963 -0.0497676 0.13993
vn 0.47842 -0.533039 0.697842
v -0.0012769 -0.0395216 0.154448
vn 0.294981 -0.33966 0.893094
v -0.0339723 -0.0129219 0.154448
vn -0.517106 0.288567 0.80581
v -0.0474959 0.000871947 0.134167
vn -0.654439 0.487239 0.578193
v -0.0468894 0.00230908 0.133608
vn -0.647065 0.503422 0.572603
v -0.0475622 0.00289932 0.13231
vn -0.655291 0.516101 0.551573
v -0.0462829 0.00366921 0.133058
vn -0.624593 0.555133 0.549282
v -0.0450603 0.00432362 0.133694
vn -0.59179 0.572361 0.567615
v -0.0437904 0.00497161 0.134339
vn -0.552676 0.612673 0.564961
v -0.042511 0.00547204 0.134942
vn -0.473297 0.710106 0.521287
v -0.0429849 0.00611362 0.133531
vn -0.46941 0.738069 0.484673
v -0.0434493 0.00675519 0.13206
vn -0.483433 0.744298 0.460775
v -0.0421793 0.00714014 0.132723
vn -0.41069 0.80833 0.421826
v -0.0459133 -0.00633936 0.140291
vn -0.624447 0.359327 0.693506
v -0.04561 -0.00532567 0.140033
vn -0.620785 0.366109 0.693246
v -0.0468894 -0.00547965 0.138958
vn -0.624581 0.367422 0.689129
v -0.0462544 -0.00388854 0.138683
vn -0.613673 0.384282 0.689734
v -0.0475243 -0.00494714 0.138089
vn -0.641254 0.383974 0.664347
v -0.0470126 -0.00323414 0.137565
vn -0.637137 0.398863 0.659518
v -0.0458374 -0.00261181 0.138313
vn -0.612569 0.413988 0.67333
v -0.0464629 -0.00150188 0.136997
vn -0.628818 0.423291 0.652236
v -0.0460744 -0.000366294 0.136627
vn -0.625454 0.448924 0.638181
v -0.0474201 -0.00150188 0.136034
vn -0.647871 0.438814 0.622659
v -0.0467851 0.000256034 0.135415
vn -0.636286 0.470838 0.611107
v -0.0462165 0.00171883 0.134873
vn -0.631943 0.490259 0.600245
v -0.0411558 0.00734544 0.133187
vn -0.323664 0.873907 0.362667
v -0.039431 0.00770472 0.133815
vn -0.280848 0.894396 0.34811
v -0.039251 0.00851311 0.131708
vn -0.240502 0.928761 0.282067
v -0.0394026 0.00892372 0.12991
vn -0.203225 0.95245 0.22702
v -0.0381232 0.00900071 0.130624
vn -0.126689 0.97816 0.164784
v -0.0374219 0.00887881 0.131699
vn -0.174031 0.955179 0.239469
v -0.0373366 0.00838479 0.133626
vn -0.20927 0.928698 0.306147
v -0.0354223 0.00812817 0.135535
vn -0.195038 0.912572 0.359407
v -0.0336691 0.00760849 0.137625
vn -0.183822 0.901374 0.392091
v -0.0315936 0.00740318 0.138975
vn -0.160308 0.897027 0.41188
v -0.0290159 0.00715939 0.140412
vn -0.154791 0.877575 0.453764
v -0.0258601 0.00744168 0.140919
vn -0.146877 0.881354 0.449045
v -0.0296603 0.00749942 0.139474
vn -0.152493 0.892199 0.42512
v -0.0220314 0.00722996 0.142424
vn -0.125195 0.850815 0.510333
v -0.0238604 0.00752508 0.141383
vn -0.141337 0.867217 0.477449
v -0.0231591 0.00713372 0.142278
vn -0.13883 0.851914 0.504945
v -0.0220314 0.00661405 0.143379
vn -0.131433 0.82633 0.547635
v -0.020117 0.00674236 0.143594
vn -0.105651 0.823611 0.557227
v -0.0182027 0.00685143 0.143757
vn -0.0763981 0.827663 0.556001
v -0.0177857 0.00524749 0.146131
vn -0.0580917 0.801987 0.59451
v -0.0162884 0.00605588 0.145099
vn -0.0210896 0.817362 0.575739
v -0.0143835 0.00607512 0.145099
vn 0.00837445 0.815347 0.578913
v -0.0128198 0.00526032 0.146148
vn 0.0506702 0.807711 0.587397
v -0.0122986 0.00581208 0.145288
vn 0.0817172 0.827056 0.556149
v -0.0105643 0.00579924 0.145013
vn 0.128499 0.829941 0.54285
v -0.00864996 0.00560677 0.144755
vn 0.184673 0.85367 0.486973
v -0.00673562 0.00534373 0.144368
vn 0.215559 0.867781 0.447761
v -0.00575949 0.00520258 0.144153
vn 0.31823 0.850477 0.418829
v -0.00548466 0.00530523 0.14319
vn 0.336877 0.935031 0.110589
v -0.00452749 0.00493312 0.14319
vn 0.377315 0.918776 0.116122
v -0.00290693 0.00424663 0.14319
vn 0.402734 0.909145 0.106115
v -0.00140958 0.00352807 0.141745
vn 0.439765 0.896577 -0.0524962
v -0.00482127 0.000685891 0.0665837
vn 0.402859 0.893962 -0.196308
v -0.00606275 0.00124406 0.0665837
vn 0.341482 0.769897 -0.539118
v -0.00701992 0.00166108 0.0665837
vn 0.331445 0.77708 -0.535061
v -0.00864996 0.00234757 0.0665837
vn 0.32268 0.783215 -0.531462
v -0.0103369 0.00302764 0.0665837
vn 0.315472 0.788164 -0.528465
v -0.0112466 0.00338692 0.0665837
vn 0.304921 0.795254 -0.524018
v -0.0124786 0.00384886 0.0665837
vn 0.292479 0.803383 -0.518682
v -0.0143835 0.00452893 0.0665837
vn 0.282449 0.809758 -0.51431
v 0.0139336 -0.0528728 0.0665837
vn 0.245771 -0.269951 -0.93098
v 0.0228608 -0.052135 0.0945701
vn 0.74565 -0.629524 -0.218415
v 0.0236474 -0.0513908 0.0952754
vn 0.769497 -0.598112 -0.223912
v 0.0248226 -0.0502744 0.0963419
vn 0.786584 -0.573911 -0.227844
v 0.0243013 -0.0511598 0.0970987
vn 0.759921 -0.62707 -0.171182
v 0.0243487 -0.0516282 0.0991973
vn 0.743895 -0.653578 -0.139486
v 0.0140283 -0.052783 0.0665837
vn 0.288077 -0.269778 -0.918821
v 0.0244909 -0.0518078 0.101107
vn 0.734207 -0.67109 -0.102854
v 0.0246046 -0.0519361 0.103025
vn 0.739062 -0.670684 -0.0630158
v 0.024652 -0.0519939 0.104934
vn 0.728004 -0.685275 -0.0201996
v 0.024652 -0.0520003 0.106852
vn 0.715126 -0.698821 0.0155971
v 0.0246141 -0.0519554 0.108761
vn 0.723913 -0.688049 0.0503926
v 0.0220743 -0.0536042 0.11258
vn 0.548483 -0.830301 0.0988275
v 0.0234484 -0.0526419 0.11258
vn 0.622015 -0.777446 0.0931416
v 0.0245288 -0.0518655 0.110671
vn 0.725011 -0.683763 0.082621
v 0.0210223 -0.0541175 0.113638
vn 0.428681 -0.898306 0.0963327
v 0.0201504 -0.0543805 0.11436
vn 0.340105 -0.936645 0.0838157
v 0.0208612 -0.0540341 0.114911
vn 0.45887 -0.880097 0.121938
v 0.0206432 -0.0539314 0.116407
vn 0.480274 -0.86516 0.144341
v 0.0203305 -0.0537454 0.118316
vn 0.517817 -0.83626 0.180371
v 0.019904 -0.0535786 0.120157
vn 0.504661 -0.836927 0.211828
v 0.0201884 -0.0528407 0.12223
vn 0.508617 -0.827295 0.23852
v 0.0196671 -0.0525969 0.124062
vn 0.515606 -0.813121 0.270156
v 0.0193165 -0.0523531 0.125395
vn 0.555388 -0.767452 0.320252
v 0.0189279 -0.052058 0.126668
vn 0.60979 -0.698242 0.374986
v 0.0185299 -0.0516923 0.12788
vn 0.616989 -0.666848 0.417898
v 0.0179802 -0.0511085 0.129583
vn 0.612327 -0.661089 0.433609
v 0.017459 -0.0505631 0.131114
vn 0.610671 -0.630969 0.478497
v 0.0161986 -0.0512304 0.131682
vn 0.559903 -0.670135 0.487266
v 0.0156584 -0.0506209 0.133092
vn 0.561601 -0.641852 0.52214
v 0.0130901 -0.0500114 0.136257
vn 0.549572 -0.561293 0.618806
v 0.0150519 -0.0500499 0.134365
vn 0.590796 -0.55862 0.582154
v 0.0123794 -0.0493121 0.137436
vn 0.542426 -0.535319 0.647462
v 0.0116781 -0.0486128 0.138597
vn 0.524574 -0.493086 0.694038
v 0.00953628 -0.0483754 0.140326
vn 0.491875 -0.518258 0.69962
v 0.000722732 -0.037629 0.154448
vn 0.320046 -0.303788 0.897376
v -0.0329678 -0.0112025 0.154448
vn -0.49352 0.300649 0.816118
v -0.0457048 0.00299556 0.134331
vn -0.615201 0.526605 0.586698
v -0.0444254 0.00369488 0.134967
vn -0.579735 0.559272 0.592555
v -0.0431365 0.00431079 0.135595
vn -0.554826 0.572234 0.603917
v -0.0417813 0.00492029 0.136223
vn -0.510257 0.611552 0.604684
v -0.0405019 0.00538864 0.13673
vn -0.435316 0.707422 0.556826
v -0.0411464 0.00585699 0.135561
vn -0.434991 0.735218 0.519843
v -0.0411558 0.00683218 0.134142
vn -0.446538 0.74405 0.496985
v -0.0401987 0.00710164 0.134572
vn -0.381731 0.796407 0.46906
v -0.0450509 -0.00332396 0.139414
vn -0.599005 0.402654 0.692144
v -0.0454489 -0.00150188 0.13796
vn -0.611721 0.432639 0.662285
v -0.0438094 -0.00276579 0.140145
vn -0.5917 0.4135 0.692032
v -0.0444917 -0.00150188 0.138803
vn -0.586953 0.42043 0.6919
v -0.0441126 -0.000443283 0.138476
vn -0.578793 0.4362 0.689005
v -0.0448518 0.000236787 0.137324
vn -0.595727 0.470358 0.651055
v -0.045591 0.000910442 0.136146
vn -0.612245 0.483143 0.625883
v -0.0450035 0.00234757 0.135552
vn -0.602762 0.504869 0.617888
v -0.0389193 0.00733903 0.135045
vn -0.297368 0.86569 0.402681
v -0.037384 0.00757641 0.13563
vn -0.25493 0.889656 0.378844
v -0.0354223 0.00742885 0.137135
vn -0.221954 0.889581 0.399226
v -0.0344177 0.00709523 0.138382
vn -0.262604 0.809539 0.525058
v -0.0331478 0.00724279 0.138657
vn -0.19237 0.86925 0.455409
v -0.0302858 0.00703749 0.140188
vn -0.186978 0.836224 0.515528
v -0.0258601 0.00689634 0.141874
vn -0.172221 0.822388 0.542234
v -0.0244385 0.00703107 0.142097
vn -0.151169 0.848258 0.50755
v -0.0220314 0.0056581 0.144781
vn -0.134492 0.811202 0.56909
v -0.0238604 0.00652423 0.143026
vn -0.158795 0.816116 0.555643
v -0.020117 0.00578641 0.144987
vn -0.105898 0.818406 0.564799
v -0.0183354 0.00578641 0.145288
vn -0.0898735 0.820398 0.564686
v -0.0190556 0.00518333 0.146045
vn -0.0952448 0.802286 0.589293
v -0.0183354 0.00463799 0.146862
vn -0.0809628 0.79287 0.603989
v -0.0182027 0.00354732 0.148307
vn -0.0917098 0.787367 0.609625
v -0.0162884 -0.00100787 0.154448
vn -0.0245238 0.284494 0.958364
v -0.0162884 0.00361789 0.148401
vn -0.0277391 0.794625 0.606467
v -0.0162884 0.00457384 0.147137
vn -0.0225894 0.799195 0.600648
v -0.0162884 0.00528598 0.146183
vn -0.0168744 0.809107 0.587419
v -0.0143835 0.0052924 0.146191
vn 0.0118083 0.809894 0.586457
v -0.0143835 0.00458667 0.147154
vn 0.00805992 0.802417 0.596709
v -0.0143835 0.00363072 0.148427
vn 0.0176286 0.796151 0.604842
v -0.0124786 0.00357939 0.148358
vn 0.0708193 0.794013 0.603762
v -0.0122986 0.00466366 0.146879
vn 0.088048 0.799389 0.594327
v -0.0115404 0.00518975 0.146054
vn 0.0988929 0.802985 0.587737
v -0.0105643 0.00512559 0.145968
vn 0.143336 0.798057 0.585286
v -0.00864996 0.00493954 0.145709
vn 0.18706 0.79488 0.577213
v -0.00673562 0.0046829 0.145322
vn 0.237433 0.790963 0.563918
v -0.00524774 0.00347674 0.146312
vn 0.272278 0.765064 0.583559
v -0.00397783 0.00323936 0.146002
vn 0.316998 0.761287 0.565645
v -0.00290693 0.0036628 0.144712
vn 0.335196 0.785487 0.520243
v -0.00172232 0.00339334 0.144316
vn 0.409528 0.825297 0.388809
v -0.00137167 0.00354732 0.14319
vn 0.420274 0.902049 0.0983711
v -0.0004145 0.00308538 0.14319
vn 0.465396 0.885027 0.0115578
v 0.00318674 0.00107725 0.141272
vn 0.467337 0.882579 -0.0514836
v 0.00169886 -0.00250274 0.0665837
vn 0.451611 0.860476 -0.235856
v 0.000789071 -0.00204081 0.0665837
vn 0.372744 0.744612 -0.553727
v -0.000992593 -0.00115543 0.0665837
vn 0.369023 0.747666 -0.552103
v -0.00305856 -0.000141743 0.0665837
vn 0.36259 0.752881 -0.549272
v -0.00473598 0.000647397 0.0665837
vn 0.355974 0.75816 -0.546329
v 0.0149381 -0.0517886 0.0665837
vn 0.254284 -0.217526 -0.942349
v 0.0156584 -0.0508775 0.0665837
vn 0.417384 -0.320508 -0.850332
v 0.0246899 -0.0500563 0.09537
vn 0.815353 -0.529877 -0.233303
v 0.0252869 -0.0491004 0.09537
vn 0.833815 -0.500984 -0.231877
v 0.0254765 -0.049511 0.0970987
vn 0.839364 -0.510823 -0.185817
v 0.0249742 -0.0504733 0.0976148
vn 0.80259 -0.574186 -0.161737
v 0.016644 -0.0495495 0.0665837
vn 0.276664 -0.20375 -0.939118
v 0.0173074 -0.0486384 0.0665837
vn 0.279274 -0.196382 -0.939915
v 0.0181508 -0.0474066 0.0665837
vn 0.289359 -0.195782 -0.936985
v 0.0251258 -0.0506722 0.0991973
vn 0.80674 -0.577951 -0.12306
v 0.0252585 -0.0508519 0.101107
vn 0.813118 -0.575145 -0.0897129
v 0.0253438 -0.0509802 0.103025
vn 0.815255 -0.576361 -0.0562802
v 0.0253912 -0.0510379 0.104934
vn 0.819182 -0.573022 -0.0242415
v 0.0254007 -0.0510443 0.106852
vn 0.814001 -0.580754 0.0112786
v 0.0253722 -0.0509994 0.108761
vn 0.811585 -0.582745 0.0416813
v 0.0253059 -0.0509096 0.110671
vn 0.80204 -0.593025 0.0710837
v 0.0217805 -0.0535465 0.11436
vn 0.54346 -0.829624 0.127967
v 0.0232778 -0.0525007 0.114489
vn 0.61825 -0.775265 0.129349
v 0.0244056 -0.0517244 0.11258
vn 0.727246 -0.676554 0.115709
v 0.0252017 -0.050762 0.11258
vn 0.804673 -0.58521 0.100158
v 0.0219605 -0.053091 0.116407
vn 0.550214 -0.820624 0.154405
v 0.0220364 -0.0526739 0.118153
vn 0.549384 -0.815619 0.181499
v 0.0214867 -0.0525584 0.120234
vn 0.547337 -0.811021 0.206561
v 0.0212024 -0.0523531 0.121645
vn 0.592692 -0.764463 0.253599
v 0.0209181 -0.0521158 0.122918
vn 0.641096 -0.706601 0.299518
v 0.0206243 -0.0518527 0.124062
vn 0.643911 -0.681605 0.347554
v 0.0200936 -0.051301 0.126048
vn 0.644553 -0.665244 0.376831
v 0.0195439 -0.0507364 0.12788
vn 0.645337 -0.648376 0.403917
v 0.0191838 -0.0503835 0.128973
vn 0.664492 -0.595121 0.451975
v 0.0187384 -0.0498125 0.130254
vn 0.676212 -0.537205 0.504132
v 0.0169378 -0.0499857 0.132387
vn 0.63755 -0.540772 0.548722
v 0.0143695 -0.0493955 0.135587
vn 0.589186 -0.524462 0.614654
v 0.0136777 -0.0487411 0.136799
vn 0.577423 -0.50949 0.637967
v 0.0162649 -0.0493762 0.133669
vn 0.629853 -0.514452 0.581914
v 0.015592 -0.0487732 0.134916
vn 0.615121 -0.503926 0.60637
v 0.0129575 -0.0478942 0.138072
vn 0.568276 -0.484184 0.665303
v 0.0123509 -0.0473168 0.138958
vn 0.543256 -0.466294 0.698171
v 0.00222956 -0.0358839 0.154448
vn 0.268331 -0.231211 0.935169
v -0.0329299 -0.0111448 0.154448
vn -0.467463 0.334769 0.818174
v -0.043762 0.00297631 0.13624
vn -0.577953 0.527023 0.623071
v -0.0424826 0.00364355 0.136808
vn -0.541092 0.551478 0.634895
v -0.0411085 0.00421456 0.13741
vn -0.505328 0.584842 0.634511
v -0.039649 0.00478556 0.138012
vn -0.473735 0.610238 0.634968
v -0.0383791 0.00524749 0.138459
vn -0.41451 0.667634 0.618422
v -0.0391088 0.00566451 0.137401
vn -0.397225 0.736891 0.546995
v -0.039431 0.00678086 0.13563
vn -0.403836 0.743434 0.533124
v -0.0380474 0.00701182 0.136326
vn -0.35125 0.784743 0.510687
v -0.0429944 0.000281698 0.138898
vn -0.555181 0.462289 0.69142
v -0.042312 0.00159051 0.138562
vn -0.544683 0.477262 0.689595
v -0.0435819 0.000833453 0.138021
vn -0.574728 0.480832 0.662185
v -0.0443117 0.00169958 0.136748
vn -0.585055 0.489591 0.646538
v -0.0315462 -0.00923928 0.154448
vn -0.403604 0.328481 0.853934
v -0.036768 0.00724279 0.136739
vn -0.275007 0.850395 0.448552
v -0.0354223 0.00690917 0.138098
vn -0.32716 0.768063 0.550496
v -0.0354223 0.00588907 0.139448
vn -0.323846 0.749839 0.576944
v -0.0347873 0.00534373 0.140489
vn -0.326628 0.6867 0.649428
v -0.033508 0.00560036 0.140799
vn -0.276569 0.754177 0.595589
v -0.0336691 0.00665896 0.139319
vn -0.254797 0.777311 0.57521
v -0.0315936 0.00687068 0.13993
vn -0.227303 0.796041 0.560939
v -0.0296603 0.00652423 0.141143
vn -0.208408 0.795104 0.56954
v -0.0277649 0.00668462 0.141564
vn -0.18658 0.810464 0.55528
v -0.0259643 0.0058634 0.143353
vn -0.178583 0.808129 0.561281
v -0.0220314 0.00493954 0.145735
vn -0.15663 0.774198 0.613257
v -0.020117 0.00511276 0.14595
vn -0.115767 0.788483 0.604064
v -0.0239457 0.00547846 0.144523
vn -0.174144 0.776661 0.605369
v -0.0182027 -0.001226 0.154448
vn -0.0500054 0.30477 0.951112
v -0.0158619 -0.000995038 0.154448
vn -0.00359174 0.152344 0.988321
v -0.0143835 -0.000962959 0.154448
vn -0.0031858 0.265267 0.96417
v -0.0139855 -0.000982206 0.154448
vn 0.0144449 0.258459 0.965914
v -0.0124786 -0.00107203 0.154448
vn 0.0101741 0.147279 0.989043
v -0.012128 -0.00111052 0.154448
vn 0.0386432 0.270387 0.961976
v -0.0105643 0.00433645 0.147017
vn 0.112376 0.791264 0.601059
v -0.00934177 0.00334201 0.148049
vn 0.1551 0.785298 0.599375
v -0.00806239 0.00319445 0.14786
vn 0.204595 0.773733 0.599565
v -0.00673562 0.00372054 0.146647
vn 0.232986 0.781863 0.57828
v -0.00867839 0.00388093 0.147137
vn 0.17811 0.787289 0.590299
v -0.00482127 0.00168033 0.148358
vn 0.29196 0.744966 0.599821
v -0.00469807 0.00273893 0.146974
vn 0.285758 0.748995 0.597786
v -0.00673562 0.00298914 0.147602
vn 0.253398 0.7595 0.599124
v -0.00629968 0.00118632 0.149666
vn 0.274828 0.751026 0.600358
v -0.00369352 0.00144936 0.148066
vn 0.339367 0.723288 0.601402
v -0.0030017 0.00194338 0.147034
vn 0.359999 0.72883 0.582416
v -0.00290693 0.00298273 0.145666
vn 0.368539 0.739384 0.563463
v -0.000935732 0.0023604 0.14515
vn 0.39455 0.739948 0.5448
v 0.00091227 0.00171883 0.144617
vn 0.415691 0.741459 0.526725
v 0.00194526 0.00141729 0.144204
vn 0.486139 0.750046 0.448442
v 0.00091227 0.00236682 0.14319
vn 0.473822 0.862878 0.175882
v 0.00474095 0.000243203 0.141272
vn 0.480965 0.875315 -0.0499604
v 0.00282661 -0.0030994 0.0665837
vn 0.418594 0.776574 -0.470863
v 0.0189469 -0.0462133 0.0665837
vn 0.364881 -0.231924 -0.901706
v 0.026301 -0.047336 0.0953098
vn 0.8402 -0.489523 -0.233305
v 0.0268601 -0.046656 0.0959118
vn 0.849712 -0.474802 -0.229242
v 0.026481 -0.0479006 0.0972879
vn 0.848591 -0.494896 -0.187007
v 0.0195724 -0.0451867 0.0665837
vn 0.413346 -0.243842 -0.877318
v 0.0260072 -0.0493185 0.0991973
vn 0.839255 -0.523205 -0.148013
v 0.0263199 -0.0491966 0.100917
vn 0.838011 -0.537038 -0.0965776
v 0.026301 -0.0495366 0.103025
vn 0.843515 -0.534216 -0.055635
v 0.0263389 -0.0496008 0.104934
vn 0.84599 -0.53269 -0.0232842
v 0.0263578 -0.0496136 0.106852
vn 0.849167 -0.528104 0.00472783
v 0.0263294 -0.0495687 0.108761
vn 0.843991 -0.535093 0.03679
v 0.0262631 -0.0494853 0.110671
vn 0.835888 -0.544229 0.0714637
v 0.024235 -0.0515319 0.114489
vn 0.725667 -0.670561 0.154125
v 0.0230599 -0.0523082 0.116407
vn 0.644106 -0.749081 0.154936
v 0.0250595 -0.050576 0.114489
vn 0.798765 -0.587459 0.12987
v 0.0262536 -0.0491773 0.112606
vn 0.833811 -0.541013 0.109837
v 0.0229272 -0.0521992 0.117405
vn 0.663896 -0.724654 0.184711
v 0.0227282 -0.0520195 0.118686
vn 0.674735 -0.701048 0.230791
v 0.0224439 -0.0517372 0.120234
vn 0.68122 -0.678599 0.274669
v 0.0220079 -0.051301 0.122256
vn 0.684453 -0.663715 0.301673
v 0.021572 -0.0508968 0.124062
vn 0.688529 -0.647526 0.326556
v 0.0212213 -0.0505375 0.125429
vn 0.689821 -0.620185 0.373522
v 0.0208707 -0.0501012 0.126702
vn 0.720221 -0.553005 0.418887
v 0.020558 -0.0494083 0.128001
vn 0.71416 -0.524943 0.463044
v 0.0195629 -0.0492351 0.129687
vn 0.70729 -0.519092 0.47988
v 0.0192122 -0.0485422 0.130916
vn 0.702256 -0.494474 0.512184
v 0.0180845 -0.0492608 0.131656
vn 0.67171 -0.511208 0.536165
v 0.0168714 -0.0479584 0.134245
vn 0.642388 -0.492864 0.586876
v 0.0174306 -0.048709 0.132963
vn 0.664055 -0.494222 0.561048
v 0.0142179 -0.0472975 0.137375
vn 0.592015 -0.47486 0.651173
v 0.0149571 -0.0479776 0.136189
vn 0.607418 -0.486911 0.627663
v 0.0161607 -0.0473296 0.135475
vn 0.627193 -0.479716 0.613596
v 0.0134787 -0.0466239 0.138519
vn 0.562183 -0.452364 0.692327
v 0.00231486 -0.0357813 0.154448
vn 0.427499 -0.319578 0.845644
v -0.0430323 0.00228341 0.137418
vn -0.56224 0.507869 0.652653
v -0.0417245 0.00286083 0.138081
vn -0.541019 0.516153 0.663992
v -0.0404451 0.00350882 0.138588
vn -0.497544 0.532991 0.684376
v -0.0391088 0.00418247 0.138924
vn -0.453692 0.588739 0.668992
v -0.0382654 0.00325219 0.1403
vn -0.461974 0.560615 0.687234
v -0.0375072 0.00431721 0.139852
vn -0.430636 0.598122 0.675872
v -0.0360667 0.00501011 0.140145
vn -0.392059 0.62417 0.675797
v -0.0373366 0.00551695 0.138795
vn -0.3498 0.737194 0.578087
v -0.037384 0.00654347 0.137401
vn -0.354155 0.751256 0.556945
v -0.0297456 -0.00718624 0.154448
vn -0.405693 0.391452 0.825941
v -0.0402176 0.00137879 0.140326
vn -0.522925 0.499638 0.690588
v -0.0409663 0.00212302 0.139216
vn -0.526371 0.503061 0.685465
v -0.0321717 0.00502294 0.142071
vn -0.297039 0.697988 0.651599
v -0.0239078 -0.00305449 0.154448
vn -0.192899 0.393504 0.898857
v -0.0308923 0.00528598 0.142329
vn -0.253193 0.729269 0.635657
v -0.0315557 0.00582491 0.141366
vn -0.245527 0.774794 0.58259
v -0.0296793 0.00547204 0.14257
vn -0.222974 0.780223 0.584409
v -0.0277649 0.00572867 0.14294
vn -0.201749 0.79605 0.570615
v -0.0266751 0.00515767 0.144101
vn -0.227386 0.746249 0.625626
v -0.0254052 0.00531165 0.144299
vn -0.185003 0.767159 0.614199
v -0.0202308 -0.00163661 0.154448
vn -0.129155 0.461111 0.877893
v -0.020117 0.00427871 0.147017
vn -0.139187 0.778465 0.612062
v -0.0105643 -0.00135432 0.154448
vn 0.036198 0.220816 0.974644
v -0.0105643 0.00344466 0.148186
vn 0.126588 0.787544 0.603117
v -0.01028 -0.00140565 0.154448
vn 0.0512456 0.218628 0.974462
v -0.00866891 -0.00180342 0.154448
vn 0.0366353 0.144073 0.988889
v -0.00833722 -0.00189966 0.154448
vn 0.0764378 0.22678 0.970942
v -0.00655555 -0.00254765 0.154448
vn 0.0731325 0.175398 0.981778
v -0.0029638 0.00038435 0.148892
vn 0.359538 0.712516 0.602539
v -0.00242361 0.00112858 0.147688
vn 0.371673 0.711221 0.596678
v -0.00474546 -0.00342019 0.154448
vn 0.0599216 0.123809 0.990495
v -0.00439481 -0.00359342 0.154448
vn 0.101174 0.187317 0.977075
v -0.00141906 0.00164825 0.146406
vn 0.37003 0.72698 0.578428
v -0.00013967 0.00131463 0.145993
vn 0.408976 0.704055 0.580556
v 0.00091227 0.000974598 0.14558
vn 0.455786 0.683297 0.570407
v 0.00208741 -0.000379126 0.146243
vn 0.47399 0.660536 0.582259
v 0.00265603 0.000294528 0.144953
vn 0.483901 0.673007 0.559377
v 0.00408704 -0.000308552 0.144428
vn 0.533333 0.664195 0.523832
v 0.00586871 -0.000424036 0.14245
vn 0.571276 0.779384 0.257304
v 0.00323412 0.000993845 0.14319
vn 0.515835 0.795017 0.319159
v 0.00228643 0.00160334 0.14319
vn 0.496522 0.862015 0.101957
v 0.00588766 -0.000424036 0.141272
vn 0.526761 0.848803 -0.0453445
v 0.00811474 -0.00598649 0.0665837
vn 0.446427 0.781239 -0.436312
v 0.00665529 -0.00517811 0.0665837
vn 0.394887 0.723295 -0.566488
v 0.0204821 -0.0436277 0.0665837
vn 0.347217 -0.20121 -0.915945
v 0.0272487 -0.045623 0.0953098
vn 0.861572 -0.451252 -0.23252
v 0.0283101 -0.0435507 0.0952582
vn 0.865247 -0.444825 -0.231253
v 0.0277889 -0.0454947 0.0972879
vn 0.872256 -0.45408 -0.181609
v 0.0270117 -0.0469447 0.0972879
vn 0.864954 -0.470177 -0.175467
v 0.0210318 -0.0426718 0.0665837
vn 0.532204 -0.283078 -0.797889
v 0.0266611 -0.0482278 0.0991973
vn 0.854475 -0.494582 -0.158939
v 0.0267464 -0.0483625 0.100152
vn 0.871625 -0.477782 -0.109517
v 0.0268033 -0.0484716 0.101433
vn 0.864936 -0.496645 -0.0723219
v 0.0268601 -0.0485807 0.103025
vn 0.876187 -0.479348 -0.0502117
v 0.026898 -0.0486448 0.104934
vn 0.878289 -0.477739 -0.0193688
v 0.026898 -0.0486577 0.106852
vn 0.891344 -0.453249 0.00846483
v 0.0268791 -0.0486128 0.108761
vn 0.882137 -0.470033 0.0300527
v 0.0268317 -0.0485294 0.110671
vn 0.872579 -0.485723 0.0517605
v 0.0267843 -0.0484395 0.111978
vn 0.875625 -0.476835 0.0768771
v 0.0241497 -0.0511149 0.116467
vn 0.731487 -0.656182 0.185345
v 0.0249268 -0.0504028 0.115865
vn 0.78994 -0.589939 0.167231
v 0.0258745 -0.0493185 0.114489
vn 0.837194 -0.526751 0.147102
v 0.0267085 -0.0482984 0.113251
vn 0.86616 -0.485137 0.120037
v 0.0235053 -0.0513202 0.118153
vn 0.734787 -0.64365 0.214013
v 0.0233347 -0.0507813 0.120234
vn 0.739229 -0.627723 0.243937
v 0.0230883 -0.0504797 0.121593
vn 0.750986 -0.590262 0.295991
v 0.0228135 -0.0501269 0.122866
vn 0.767763 -0.538614 0.347036
v 0.0225292 -0.0497034 0.124062
vn 0.756089 -0.530747 0.382932
v 0.0219132 -0.0492415 0.125876
vn 0.755522 -0.51338 0.406973
v 0.0213161 -0.0488245 0.127442
vn 0.747961 -0.500601 0.435836
v 0.0209276 -0.0482535 0.128715
vn 0.729818 -0.49151 0.475166
v 0.0205959 -0.0475285 0.12991
vn 0.719662 -0.484739 0.497105
v 0.0209181 -0.0463095 0.130624
vn 0.725272 -0.460923 0.5114
v 0.0195344 -0.0472719 0.131622
vn 0.702864 -0.470102 0.533841
v 0.01871 -0.0478236 0.132198
vn 0.678629 -0.485924 0.550764
v 0.0180276 -0.0472526 0.133497
vn 0.669698 -0.475605 0.570356
v 0.0173453 -0.0466816 0.134761
vn 0.650135 -0.464027 0.601667
v 0.0154594 -0.0467009 0.13667
vn 0.61443 -0.45965 0.641247
v 0.0148623 -0.0454947 0.138046
vn 0.599684 -0.45089 0.661118
v 0.0152319 -0.0444938 0.138382
vn 0.605106 -0.428638 0.670907
v 0.0139051 -0.0454947 0.138881
vn 0.583234 -0.435773 0.685522
v 0.0132039 -0.0443399 0.140205
vn 0.574179 -0.430982 0.696113
v 0.00334784 -0.0342607 0.154448
vn 0.408314 -0.261889 0.874468
v 0.0144453 -0.0437817 0.139483
vn 0.594955 -0.401766 0.696141
v -0.036986 0.00373337 0.140687
vn -0.42633 0.593344 0.682778
v -0.0294803 -0.00695527 0.154448
vn -0.250003 0.292123 0.923126
v -0.0277365 -0.00546682 0.154448
vn -0.249165 0.29232 0.923291
v -0.0276512 -0.00539624 0.154448
vn -0.297596 0.418353 0.858147
v -0.0257843 -0.00409385 0.154448
vn -0.210982 0.302702 0.92944
v -0.0257274 -0.00405535 0.154448
vn -0.171117 0.308932 0.935564
v -0.0220314 -0.00225894 0.154448
vn -0.129125 0.33403 0.933676
v -0.00223407 -0.000693498 0.149717
vn 0.39855 0.691392 0.602607
v -0.00280269 -0.00454936 0.154448
vn 0.123341 0.193507 0.973315
v -1.64694e-05 -0.000526687 0.147989
vn 0.439809 0.666375 0.60209
v 0.000741685 -8.40009e-05 0.146931
vn 0.445894 0.669664 0.59391
v -0.000992593 -0.000231563 0.148341
vn 0.417577 0.681142 0.601394
v 0.00126292 -0.000969375 0.147516
vn 0.461127 0.651493 0.602427
v 0.0021348 -0.00224611 0.148195
vn 0.499879 0.61807 0.606721
v 0.0033668 -0.000885969 0.145701
vn 0.51568 0.623312 0.58784
v 0.004106 -0.0021627 0.146363
vn 0.543192 0.597997 0.589357
v 0.00473147 -0.00151471 0.14509
vn 0.55752 0.601446 0.572218
v 0.00602034 -0.00213704 0.144471
vn 0.584627 0.597729 0.548572
v 0.00535695 -0.000860307 0.143723
vn 0.583594 0.640551 0.499111
v 0.00783991 -0.00223328 0.14251
vn 0.636743 0.638641 0.432083
v 0.00904348 -0.00293901 0.141272
vn 0.667869 0.715497 0.204975
v 0.00808631 -0.00207288 0.141272
vn 0.612792 0.790071 -0.0165381
v 0.00684483 -0.00111694 0.141272
vn 0.598894 0.800495 -0.0230971
v 0.010484 -0.00739154 0.0665837
vn 0.418561 0.700027 -0.578592
v 0.009034 -0.00652542 0.0665837
vn 0.416433 0.7022 -0.577494
v 0.0210128 -0.0139356 0.0665837
vn 0.529056 0.757703 -0.382082
v 0.020321 -0.0134929 0.0665837
vn 0.433306 0.684646 -0.586093
v 0.0185394 -0.0123702 0.0665837
vn 0.432176 0.685846 -0.585525
v 0.0175822 -0.0117671 0.0665837
vn 0.431556 0.686503 -0.585213
v 0.0162839 -0.0109523 0.0665837
vn 0.430583 0.68753 -0.584722
v 0.0150519 -0.0101824 0.0665837
vn 0.427007 0.691288 -0.582912
v 0.0116307 -0.00807803 0.0665837
vn 0.424167 0.694248 -0.581466
v 0.0286228 -0.0425499 0.0945529
vn 0.876077 -0.421635 -0.233907
v 0.0287839 -0.0428899 0.0958258
vn 0.883506 -0.423942 -0.199225
v 0.0215909 -0.0415875 0.0665837
vn 0.351093 -0.175081 -0.919826
v 0.0271918 -0.0472719 0.0991973
vn 0.872684 -0.465011 -0.148957
v 0.0284712 -0.0441602 0.0972879
vn 0.880441 -0.440796 -0.174706
v 0.0285944 -0.0444104 0.098707
vn 0.887295 -0.438793 -0.142012
v 0.0282058 -0.0453343 0.0992833
vn 0.882935 -0.455075 -0.115465
v 0.0286797 -0.0445837 0.0999799
vn 0.894437 -0.436607 -0.0967336
v 0.0272297 -0.0475991 0.100917
vn 0.884077 -0.46091 -0.0772579
v 0.0274761 -0.0474066 0.103025
vn 0.891367 -0.451472 -0.0404752
v 0.027514 -0.0474066 0.104934
vn 0.904843 -0.425725 0.00414605
v 0.0274951 -0.0474066 0.106852
vn 0.904828 -0.425683 0.00896189
v 0.0274761 -0.0474066 0.108761
vn 0.902383 -0.430656 0.0155247
v 0.0274098 -0.0474066 0.110671
vn 0.892842 -0.447985 0.0462932
v 0.0282153 -0.0455717 0.11258
vn 0.889265 -0.452978 0.0633901
v 0.0286607 -0.0445452 0.113569
vn 0.889451 -0.446831 0.0960166
v 0.0271823 -0.0475606 0.112606
vn 0.878713 -0.465884 0.103997
v 0.0247752 -0.0501975 0.117138
vn 0.77338 -0.59598 0.216083
v 0.0253912 -0.0494661 0.116467
vn 0.837773 -0.513614 0.185301
v 0.0266042 -0.0481252 0.114489
vn 0.848762 -0.503603 0.161204
v 0.0281585 -0.0453086 0.114317
vn 0.877186 -0.465224 0.118789
v 0.0271444 -0.0471692 0.114489
vn 0.869609 -0.471563 0.146318
v 0.0246046 -0.0499408 0.118316
vn 0.792225 -0.552155 0.259817
v 0.0243677 -0.0492864 0.120329
vn 0.794268 -0.53842 0.281502
v 0.0247752 -0.0482727 0.121026
vn 0.808276 -0.503738 0.304857
v 0.0235527 -0.0494211 0.122195
vn 0.792177 -0.518317 0.322186
v 0.0245477 -0.047907 0.122144
vn 0.795547 -0.504639 0.335327
v 0.0249079 -0.046579 0.12327
vn 0.802824 -0.482416 0.350356
v 0.0231641 -0.0487475 0.124062
vn 0.783493 -0.505094 0.361966
v 0.0229272 -0.0483882 0.125042
vn 0.77482 -0.495096 0.393108
v 0.0225955 -0.0478429 0.126315
vn 0.762136 -0.490412 0.422664
v 0.02197 -0.047413 0.127889
vn 0.75493 -0.481418 0.445328
v 0.0226144 -0.0459566 0.128328
vn 0.753944 -0.468507 0.460511
v 0.0213351 -0.0469767 0.129351
vn 0.74413 -0.466685 0.477991
v 0.0212972 -0.0450328 0.131174
vn 0.740687 -0.430913 0.515458
v 0.0208423 -0.0442565 0.132447
vn 0.723951 -0.427432 0.541477
v 0.0205106 -0.0456038 0.131768
vn 0.710252 -0.452194 0.539503
v 0.0191554 -0.0465469 0.132748
vn 0.693016 -0.463596 0.552094
v 0.023003 -0.0446799 0.128973
vn 0.762379 -0.436366 0.477874
v 0.01871 -0.0454947 0.134133
vn 0.673644 -0.464581 0.574777
v 0.0190511 -0.044481 0.134537
vn 0.685501 -0.428348 0.588732
v 0.0176391 -0.0453086 0.135458
vn 0.655422 -0.446139 0.60941
v 0.0171842 -0.0445452 0.136498
vn 0.643441 -0.428479 0.634341
v 0.0167293 -0.0458219 0.136034
vn 0.634694 -0.458173 0.622287
v 0.0161417 -0.0453086 0.136971
vn 0.616914 -0.441619 0.651453
v 0.0162649 -0.0437496 0.137866
vn 0.63078 -0.402983 0.663114
v 0.0156489 -0.0432235 0.13876
vn 0.615413 -0.390236 0.684823
v 0.00356581 -0.0338822 0.154448
vn 0.268194 -0.154257 0.950935
v 0.0149287 -0.0420751 0.140033
vn 0.607648 -0.38341 0.695529
v 0.0161227 -0.0414977 0.139276
vn 0.619062 -0.367582 0.694007
v 0.0153172 -0.0407984 0.14036
vn 0.622751 -0.358529 0.695441
v -0.000992593 -0.00107844 0.149296
vn 0.419612 0.677855 0.603687
v -0.00244256 -0.00481883 0.154448
vn 0.104994 0.138961 0.984716
v 6.88236e-05 -0.00238726 0.149958
vn 0.462537 0.647284 0.605873
v -0.000300778 -0.00653183 0.154448
vn 0.169691 0.184231 0.968124
v 0.0034047 -0.00280428 0.147636
vn 0.534931 0.58625 0.608407
v -0.00109684 -0.00583893 0.154448
vn 0.0791236 0.104048 0.99142
v -0.00105893 -0.00587101 0.154448
vn 0.0852284 0.0979173 0.991538
v 0.00408704 -0.00408102 0.148247
vn 0.559846 0.562523 0.608392
v 0.00538538 -0.0027722 0.145753
vn 0.572577 0.574583 0.584817
v 0.00664582 -0.00342661 0.14509
vn 0.601047 0.55799 0.57218
v 0.00729972 -0.00280428 0.143783
vn 0.617205 0.567531 0.544946
v 0.00848434 -0.00351001 0.143095
vn 0.642213 0.555186 0.528518
v 0.00965948 -0.00421575 0.142398
vn 0.671176 0.561401 0.484099
v 0.0100291 -0.00390137 0.141272
vn 0.696336 0.649088 0.306268
v 0.0133555 -0.00628162 0.138416
vn 0.702993 0.711093 0.0121692
v 0.0112137 -0.00454936 0.139362
vn 0.621082 0.783577 -0.0162607
v 0.0102565 -0.00380514 0.139362
vn 0.613596 0.789395 -0.0188381
v 0.0231925 -0.0155973 0.0665837
vn 0.611689 0.734097 -0.294851
v 0.02179 -0.014513 0.0665837
vn 0.555333 0.720942 -0.414545
v 0.0214772 -0.0142756 0.0665837
vn 0.474392 0.638452 -0.606078
v 0.0291346 -0.0418121 0.0952582
vn 0.896392 -0.377961 -0.231574
v 0.0225576 -0.039605 0.0665837
vn 0.360929 -0.170174 -0.916936
v 0.0296369 -0.0416709 0.0972879
vn 0.902357 -0.395278 -0.171774
v 0.0289356 -0.0432043 0.0972879
vn 0.895005 -0.418009 -0.155677
v 0.0299496 -0.0416709 0.0991973
vn 0.901412 -0.414365 -0.125531
v 0.0290114 -0.0436983 0.0992833
vn 0.898301 -0.423296 -0.117798
v 0.0305466 -0.0406636 0.100444
vn 0.915306 -0.393332 -0.0866289
v 0.0292483 -0.0435828 0.101107
vn 0.904588 -0.420259 -0.0714263
v 0.0287271 -0.0446927 0.101107
vn 0.901205 -0.431515 -0.0403088
v 0.0282532 -0.0456487 0.101107
vn 0.888657 -0.453345 -0.0690395
v 0.0283101 -0.0457128 0.103025
vn 0.902811 -0.429469 -0.0221281
v 0.0293052 -0.0435828 0.103025
vn 0.907048 -0.421018 0.00279727
v 0.0305846 -0.0407406 0.110671
vn 0.910944 -0.412504 0.0045069
v 0.0305751 -0.0407342 0.111961
vn 0.908135 -0.418458 0.0135183
v 0.0282722 -0.0456487 0.110671
vn 0.900032 -0.434637 0.0321471
v 0.0287271 -0.0446927 0.110671
vn 0.903627 -0.427971 0.0172804
v 0.0286892 -0.0446157 0.11258
vn 0.896775 -0.440059 0.0462809
v 0.0285754 -0.0443719 0.114842
vn 0.883063 -0.446562 0.144161
v 0.0291914 -0.0435828 0.11258
vn 0.899337 -0.435009 0.0442733
v 0.0305561 -0.0406893 0.113242
vn 0.919978 -0.384385 0.076734
v 0.0299306 -0.0416709 0.114489
vn 0.89484 -0.425665 0.134429
v 0.0252111 -0.0489849 0.118316
vn 0.831539 -0.506295 0.228489
v 0.0264147 -0.0478044 0.116407
vn 0.841353 -0.50423 0.194622
v 0.0269644 -0.0468484 0.116407
vn 0.85969 -0.480944 0.172119
v 0.0277036 -0.0454947 0.116407
vn 0.869079 -0.460039 0.181844
v 0.0249932 -0.048632 0.119753
vn 0.822276 -0.503554 0.265134
v 0.0254481 -0.0475413 0.120329
vn 0.825833 -0.489698 0.279635
v 0.0264431 -0.0459117 0.120234
vn 0.828322 -0.479071 0.290473
v 0.0251353 -0.0469511 0.122144
vn 0.81961 -0.480786 0.311585
v 0.026102 -0.0453536 0.122023
vn 0.824663 -0.46559 0.32118
v 0.0265379 -0.0441281 0.122582
vn 0.831636 -0.433091 0.347584
v 0.0252206 -0.0454498 0.123967
vn 0.817309 -0.44274 0.368764
v 0.0246046 -0.0460593 0.124543
vn 0.788587 -0.471757 0.394431
v 0.0241308 -0.0472911 0.123967
vn 0.785668 -0.488921 0.379054
v 0.0232115 -0.0472847 0.125799
vn 0.780426 -0.474947 0.406646
v 0.022984 -0.0465726 0.127055
vn 0.771317 -0.471103 0.427939
v 0.0232873 -0.0453921 0.127769
vn 0.777598 -0.453071 0.435968
v 0.0225765 -0.0439293 0.130246
vn 0.746785 -0.426607 0.510213
v 0.0229272 -0.0426525 0.130779
vn 0.75519 -0.404682 0.515674
v 0.0212024 -0.0429797 0.132929
vn 0.732442 -0.397405 0.552809
v 0.0201315 -0.0437304 0.133729
vn 0.711951 -0.407568 0.571852
v 0.0194965 -0.0454947 0.133178
vn 0.704353 -0.446197 0.552082
v 0.0246425 -0.0441859 0.126564
vn 0.790481 -0.435207 0.43097
v 0.024254 -0.0435636 0.127846
vn 0.787136 -0.418787 0.452807
v 0.0246141 -0.0421842 0.128465
vn 0.786422 -0.401551 0.469359
v 0.0232304 -0.0434096 0.129687
vn 0.776889 -0.401244 0.485228
v 0.0188616 -0.0422098 0.13624
vn 0.675654 -0.386361 0.627866
v 0.0185488 -0.0437368 0.135578
vn 0.667094 -0.410472 0.62169
v 0.0207001 -0.042043 0.134202
vn 0.713923 -0.391625 0.580468
v 0.0194207 -0.0432043 0.134967
vn 0.700503 -0.386014 0.600241
v 0.0174874 -0.0435828 0.136791
vn 0.644238 -0.395117 0.654859
v 0.0169283 -0.042197 0.138167
vn 0.638246 -0.385024 0.666632
v 0.0045988 -0.0320858 0.154448
vn 0.470748 -0.252702 0.845303
v 0.0172979 -0.0409267 0.138519
vn 0.631753 -0.352532 0.690369
v 0.000675347 -0.00748778 0.154448
vn 0.0898216 0.0915912 0.991737
v 0.00399227 -0.00605707 0.150079
vn 0.581765 0.533228 0.614181
v 0.00535695 -0.00474825 0.147636
vn 0.584462 0.538421 0.607048
v 0.00600138 -0.00404894 0.146363
vn 0.595642 0.546746 0.588454
v 0.000713255 -0.00752627 0.154448
vn 0.145002 0.134622 0.98023
v 0.00785886 -0.00408102 0.144428
vn 0.631728 0.537719 0.558371
v 0.00913825 -0.00485732 0.143671
vn 0.654473 0.52642 0.542723
v 0.010048 -0.00542832 0.143095
vn 0.666141 0.519172 0.535459
v 0.0114317 -0.00630087 0.142218
vn 0.69404 0.517435 0.500569
v 0.0110715 -0.00521019 0.141461
vn 0.69464 0.575966 0.430974
v 0.0118487 -0.00576194 0.140936
vn 0.717131 0.573122 0.396553
v 0.013128 -0.00659599 0.139689
vn 0.733235 0.600109 0.319744
v 0.0151845 -0.00831541 0.1379
vn 0.76173 0.600681 0.242797
v 0.0228419 -0.0159502 0.132275
vn 0.769507 0.613406 0.177742
v 0.0229651 -0.0158026 0.130994
vn 0.743003 0.661565 0.101385
v 0.0230125 -0.0157513 0.129798
vn 0.71505 0.698513 0.0279818
v 0.0230314 -0.0157449 0.12788
vn 0.70227 0.711899 0.00407458
v 0.0250785 -0.0175156 0.0819788
vn 0.703404 0.710781 0.00379006
v 0.0231925 -0.0156037 0.0705056
vn 0.700682 0.713465 0.00352645
v 0.0231925 -0.0155973 0.0685876
vn 0.69579 0.718245 0.00118032
v 0.0133555 -0.00628162 0.13839
vn 0.624566 0.780814 -0.0157299
v 0.025069 -0.0175028 0.0800695
vn 0.726146 0.687533 -0.00328311
v 0.0269359 -0.0194596 0.0877154
vn 0.72922 0.684276 0.00203804
v 0.028746 -0.0214805 0.0915427
vn 0.782841 0.621725 -0.024843
v 0.0241876 -0.0167778 0.0665837
vn 0.26565 0.214255 -0.93996
v 0.0301202 -0.0395858 0.0955334
vn 0.903761 -0.359258 -0.232702
v 0.0303192 -0.0400477 0.0972879
vn 0.911457 -0.369134 -0.181623
v 0.0226618 -0.0393677 0.0665837
vn 0.290314 -0.123976 -0.948867
v 0.0231357 -0.0382513 0.0665837
vn 0.568981 -0.235612 -0.787875
v 0.0304803 -0.0404712 0.0991973
vn 0.914011 -0.37975 -0.142739
v 0.0308404 -0.0395152 0.0991973
vn 0.931294 -0.341681 -0.126275
v 0.0316649 -0.0378407 0.101107
vn 0.936892 -0.338145 -0.0888282
v 0.0308783 -0.0399194 0.101098
vn 0.932538 -0.355502 -0.0631765
v 0.030594 -0.0407599 0.101726
vn 0.915039 -0.402344 -0.0286899
v 0.0301581 -0.0417287 0.103025
vn 0.908953 -0.416894 0.00185997
v 0.030594 -0.0407727 0.103025
vn 0.916687 -0.399603 0.00127029
v 0.0310205 -0.039759 0.104934
vn 0.920197 -0.391446 0.00278272
v 0.0318355 -0.0378407 0.104934
vn 0.923241 -0.384216 -0.0020231
v 0.0310015 -0.039759 0.110671
vn 0.923368 -0.383777 0.0103074
v 0.0317692 -0.0378407 0.110671
vn 0.933698 -0.355672 0.0413084
v 0.030196 -0.0414913 0.112597
vn 0.901697 -0.431266 0.0308708
v 0.0289071 -0.0431337 0.116407
vn 0.889147 -0.427466 0.163372
v 0.0284333 -0.0440897 0.116407
vn 0.874562 -0.447305 0.187244
v 0.0308215 -0.0395152 0.114489
vn 0.935544 -0.329718 0.126663
v 0.0304803 -0.0404712 0.114489
vn 0.913432 -0.374785 0.158676
v 0.0316365 -0.0378407 0.11258
vn 0.940702 -0.326584 0.0917763
v 0.0295989 -0.0416709 0.116407
vn 0.898464 -0.398349 0.184611
v 0.0268222 -0.0465982 0.117663
vn 0.847819 -0.486072 0.211985
v 0.0262252 -0.0473039 0.118308
vn 0.834257 -0.498794 0.23499
v 0.0266516 -0.0462838 0.118936
vn 0.837338 -0.48388 0.25441
v 0.0282627 -0.0435122 0.118377
vn 0.864492 -0.448322 0.227288
v 0.0272013 -0.0455845 0.118308
vn 0.862096 -0.451825 0.229447
v 0.0269644 -0.0449558 0.120234
vn 0.855164 -0.44877 0.259423
v 0.0267843 -0.0446222 0.12131
vn 0.848144 -0.430169 0.309204
v 0.0262157 -0.0435315 0.124019
vn 0.822566 -0.428216 0.374188
v 0.0270497 -0.0435315 0.122023
vn 0.849029 -0.415953 0.325781
v 0.0280447 -0.0415105 0.121998
vn 0.850965 -0.402979 0.336849
v 0.0268506 -0.0428578 0.123356
vn 0.840708 -0.410346 0.353309
v 0.0249647 -0.044789 0.125292
vn 0.810723 -0.434409 0.392449
v 0.0242445 -0.0454498 0.125945
vn 0.783566 -0.462882 0.414445
v 0.0241402 -0.0415939 0.129704
vn 0.778473 -0.389638 0.492099
v 0.0246046 -0.039759 0.130392
vn 0.777912 -0.380421 0.500132
v 0.0231831 -0.0416709 0.131131
vn 0.766552 -0.376398 0.52031
v 0.0225102 -0.0416709 0.132095
vn 0.746707 -0.390261 0.538632
v 0.022804 -0.0404904 0.132516
vn 0.745921 -0.374429 0.550822
v 0.0214583 -0.0415105 0.133591
vn 0.732369 -0.375333 0.56812
v 0.0252775 -0.0435636 0.125945
vn 0.815316 -0.413441 0.405371
v 0.0249742 -0.0429092 0.127184
vn 0.807285 -0.400882 0.433109
v 0.025249 -0.0415939 0.127846
vn 0.809419 -0.38303 0.445117
v 0.0249268 -0.0409074 0.128998
vn 0.79641 -0.377091 0.472794
v 0.0210318 -0.0407663 0.134615
vn 0.710921 -0.369168 0.598587
v 0.0192028 -0.0409331 0.136619
vn 0.684365 -0.355621 0.636536
v 0.018075 -0.0415683 0.137393
vn 0.654599 -0.371622 0.658329
v 0.00471252 -0.0318356 0.154448
vn 0.292041 -0.131291 0.947352
v 0.0176106 -0.039759 0.138812
vn 0.639477 -0.332454 0.693212
v 0.0180845 -0.0377445 0.139319
vn 0.642469 -0.324836 0.694057
v 0.0192217 -0.0371606 0.138537
vn 0.658168 -0.296478 0.692037
v 0.0185678 -0.039759 0.137883
vn 0.66013 -0.348149 0.665598
v 0.00160409 -0.00850788 0.154448
vn 0.116905 0.101988 0.987893
v 0.00592557 -0.00601857 0.148195
vn 0.607008 0.510054 0.609415
v 0.00727129 -0.0047675 0.145701
vn 0.618847 0.524478 0.584766
v 0.00846539 -0.00545399 0.144996
vn 0.639159 0.514714 0.571441
v 0.00964053 -0.00613406 0.144282
vn 0.658809 0.504209 0.55834
v 0.0110905 -0.00705792 0.143336
vn 0.676917 0.494622 0.545098
v 0.0118866 -0.0075776 0.142802
vn 0.693966 0.482513 0.534408
v 0.0131565 -0.00848864 0.141951
vn 0.71609 0.483345 0.50358
v 0.0135829 -0.00787272 0.140678
vn 0.730476 0.525782 0.435843
v 0.0149002 -0.00873885 0.139362
vn 0.75688 0.545992 0.359201
v 0.0169472 -0.0104454 0.137453
vn 0.764789 0.56568 0.308389
v 0.0206527 -0.0144296 0.135535
vn 0.76958 0.579279 0.268667
v 0.0208802 -0.0140896 0.134004
vn 0.768564 0.593288 0.239414
v 0.0226524 -0.0162645 0.133626
vn 0.790899 0.550924 0.266385
v 0.0245477 -0.0182662 0.131708
vn 0.827453 0.503705 0.2482
v 0.0247373 -0.0179198 0.130263
vn 0.814522 0.543979 0.201595
v 0.0248605 -0.0177273 0.12899
vn 0.786756 0.604933 0.122767
v 0.0249079 -0.017676 0.12788
vn 0.742384 0.66869 0.0414705
v 0.0249458 -0.0176439 0.125971
vn 0.717159 0.696889 0.00534807
v 0.028765 -0.0214613 0.0934607
vn 0.747143 0.664636 0.00602794
v 0.0268127 -0.0196007 0.122144
vn 0.736261 0.676667 0.00646844
v 0.0305087 -0.0235849 0.0972879
vn 0.817548 0.57489 -0.0334205
v 0.0248794 -0.0176888 0.0665837
vn 0.539567 0.336735 -0.771672
v 0.0304329 -0.0383732 0.0950002
vn 0.917104 -0.321639 -0.235517
v 0.0305846 -0.0388287 0.0962731
vn 0.925387 -0.321752 -0.200337
v 0.0232304 -0.0380139 0.0665837
vn 0.404332 -0.147999 -0.902558
v 0.0306793 -0.0390918 0.0972879
vn 0.92913 -0.333857 -0.158923
v 0.0314375 -0.0378407 0.0991973
vn 0.937575 -0.32065 -0.13467
v 0.0317976 -0.0378407 0.103025
vn 0.932246 -0.359448 -0.0414106
v 0.032243 -0.0361341 0.101107
vn 0.943944 -0.312927 -0.105105
v 0.0323283 -0.0364036 0.103025
vn 0.944596 -0.32223 -0.062496
v 0.0323567 -0.0365191 0.104934
vn 0.938779 -0.344109 -0.0168407
v 0.0323567 -0.0365319 0.106852
vn 0.933304 -0.359053 0.00503679
v 0.031826 -0.0378407 0.106852
vn 0.923913 -0.382575 0.00457546
v 0.0318166 -0.0378407 0.108761
vn 0.927402 -0.373813 0.013749
v 0.0323473 -0.036487 0.108761
vn 0.939384 -0.341871 0.0261005
v 0.0323094 -0.0363394 0.110671
vn 0.945328 -0.318941 0.0680639
v 0.0287555 -0.0428322 0.117775
vn 0.882359 -0.423426 0.205312
v 0.0306888 -0.0391431 0.116046
vn 0.930401 -0.325494 0.168545
v 0.031409 -0.0378407 0.114489
vn 0.940643 -0.3087 0.141054
v 0.0303571 -0.0397719 0.116571
vn 0.907925 -0.368996 0.198781
v 0.0322714 -0.0358582 0.112709
vn 0.946318 -0.305006 0.107018
v 0.0290872 -0.0417864 0.118377
vn 0.896211 -0.382233 0.225175
v 0.0285944 -0.0424985 0.119048
vn 0.869773 -0.423039 0.254034
v 0.0276751 -0.0435828 0.120234
vn 0.857255 -0.431558 0.28084
v 0.0284049 -0.0420944 0.120234
vn 0.860498 -0.414017 0.296872
v 0.0286797 -0.0407663 0.121258
vn 0.868205 -0.385445 0.312494
v 0.0265663 -0.042274 0.124638
vn 0.823201 -0.4126 0.390003
v 0.0271444 -0.0416517 0.124019
vn 0.848626 -0.38581 0.361918
v 0.0284333 -0.0401568 0.122531
vn 0.858118 -0.371786 0.354131
v 0.0248321 -0.0387967 0.130753
vn 0.790707 -0.341716 0.507949
v 0.023619 -0.0398168 0.131811
vn 0.765744 -0.367354 0.527908
v 0.0231167 -0.0392137 0.132938
vn 0.755239 -0.336932 0.562219
v 0.0223112 -0.0398168 0.133591
vn 0.733307 -0.363332 0.574674
v 0.0262346 -0.0416517 0.125945
vn 0.81663 -0.400727 0.415371
v 0.0265569 -0.0402915 0.126564
vn 0.818388 -0.378358 0.432534
v 0.0261588 -0.0396949 0.127794
vn 0.814806 -0.356861 0.456882
v 0.0251922 -0.039759 0.129437
vn 0.813203 -0.344309 0.469203
v 0.0212877 -0.039759 0.134907
vn 0.721534 -0.344199 0.600762
v 0.0194965 -0.039759 0.136928
vn 0.687066 -0.334927 0.644798
v 0.018909 -0.038431 0.138227
vn 0.670915 -0.335152 0.661473
v 0.0204537 -0.039759 0.135862
vn 0.704094 -0.347946 0.619019
v 0.0207949 -0.038354 0.136257
vn 0.702356 -0.336656 0.627183
v 0.00532852 -0.0304626 0.154448
vn 0.455513 -0.183696 0.871071
v 0.0200083 -0.0377573 0.13741
vn 0.688338 -0.328234 0.64688
v 0.0210887 -0.0370837 0.136593
vn 0.715132 -0.290824 0.635616
v 0.0204253 -0.0359288 0.137788
vn 0.705702 -0.250693 0.662674
v 0.0194681 -0.0359288 0.138786
vn 0.673395 -0.256175 0.693479
v 0.00222956 -0.00926494 0.154448
vn 0.191336 0.152808 0.969557
v 0.00577394 -0.00809086 0.149967
vn 0.630743 0.468353 0.618715
v 0.00719548 -0.00683979 0.147541
vn 0.631611 0.4789 0.60969
v 0.007802 -0.00604424 0.14626
vn 0.633453 0.501193 0.589527
v 0.00527166 -0.00681413 0.149477
vn 0.620971 0.482619 0.617636
v 0.00908139 -0.00687187 0.145555
vn 0.646805 0.496863 0.578593
v 0.00956471 -0.0081486 0.146097
vn 0.655681 0.449182 0.606892
v 0.00996274 -0.00740438 0.144996
vn 0.665559 0.485545 0.566813
v 0.0113843 -0.00828333 0.144075
vn 0.681291 0.46791 0.562941
v 0.0124836 -0.00902114 0.143301
vn 0.698082 0.456694 0.551464
v 0.0135735 -0.00975896 0.142527
vn 0.709935 0.463776 0.530004
v 0.0149571 -0.0110678 0.141779
vn 0.722448 0.469479 0.5076
v 0.0156205 -0.0110678 0.140824
vn 0.72808 0.471392 0.497683
v 0.0152888 -0.0100733 0.140351
vn 0.741451 0.501668 0.445623
v 0.0190701 -0.0139677 0.138365
vn 0.755911 0.502474 0.419664
v 0.0193828 -0.0135507 0.137092
vn 0.765336 0.549397 0.335296
v 0.0213351 -0.0153856 0.135535
vn 0.78649 0.531618 0.314351
v 0.0230314 -0.0175733 0.134812
vn 0.815048 0.451069 0.36364
v 0.0232684 -0.0172205 0.133626
vn 0.821843 0.489061 0.292221
v 0.0248984 -0.0195558 0.132817
vn 0.845182 0.406476 0.347051
v 0.0250974 -0.0192222 0.131708
vn 0.844188 0.46258 0.270861
v 0.0264147 -0.0206208 0.12991
vn 0.846211 0.470909 0.249342
v 0.0265948 -0.0199408 0.12788
vn 0.838224 0.50936 0.194762
v 0.0267085 -0.0197355 0.126547
vn 0.81823 0.564011 0.111318
v 0.0267653 -0.0196456 0.125274
vn 0.781186 0.621883 0.0548705
v 0.0267938 -0.0196136 0.124062
vn 0.753222 0.657421 0.0213311
v 0.0286228 -0.0216217 0.118316
vn 0.758593 0.651491 0.00981386
v 0.0305087 -0.0235785 0.101107
vn 0.769797 0.638214 0.00982421
v 0.0305182 -0.0235657 0.0991973
vn 0.800803 0.598928 -1.57548e-05
v 0.0311437 -0.0245344 0.101107
vn 0.852673 0.522394 -0.00723307
v 0.0311058 -0.0245216 0.0991973
vn 0.864298 0.502577 -0.0201491
v 0.0310584 -0.0245409 0.0972879
vn 0.879443 0.474444 -0.0385018
v 0.0304708 -0.0236683 0.09537
vn 0.854272 0.516777 -0.0562169
v 0.0253722 -0.0187218 0.0665837
vn 0.43754 0.183138 -0.880352
v 0.0304045 -0.0238287 0.0934607
vn 0.879265 0.470704 -0.073012
v 0.0309826 -0.0246243 0.09537
vn 0.897984 0.43261 -0.0804514
v 0.0306319 -0.0371029 0.0941917
vn 0.926084 -0.294663 -0.235674
v 0.0313048 -0.0359288 0.09537
vn 0.931965 -0.27632 -0.234708
v 0.0307551 -0.037783 0.0955334
vn 0.930414 -0.297672 -0.213824
v 0.0239791 -0.0359288 0.0665837
vn 0.42337 -0.139017 -0.895228
v 0.0317407 -0.0359288 0.0972879
vn 0.938932 -0.286221 -0.19101
v 0.0311153 -0.0378407 0.0972879
vn 0.93589 -0.3117 -0.164171
v 0.0321482 -0.0357556 0.0993607
vn 0.941635 -0.303303 -0.14605
v 0.0324894 -0.0349985 0.1001
vn 0.956064 -0.266604 -0.121917
v 0.0325463 -0.0351782 0.101107
vn 0.958958 -0.270394 -0.0853589
v 0.0326316 -0.0354412 0.103025
vn 0.961638 -0.268236 -0.0574605
v 0.032679 -0.0355631 0.104934
vn 0.958908 -0.282793 -0.0228977
v 0.0326884 -0.0355695 0.106852
vn 0.954062 -0.29957 0.00487295
v 0.0326695 -0.035531 0.108761
vn 0.958594 -0.282951 0.0321913
v 0.0326126 -0.0353835 0.110671
vn 0.962257 -0.264846 0.0626005
v 0.0325463 -0.0351782 0.11215
vn 0.96101 -0.260713 0.0921333
v 0.0305656 -0.0387774 0.117327
vn 0.927194 -0.308462 0.212516
v 0.0309636 -0.0380204 0.116571
vn 0.93779 -0.297624 0.1788
v 0.0324705 -0.0349151 0.113431
vn 0.955599 -0.263641 0.131618
v 0.0320061 -0.0359288 0.114489
vn 0.94352 -0.284945 0.169044
v 0.0299496 -0.039759 0.118316
vn 0.902099 -0.358669 0.239946
v 0.0288408 -0.0411384 0.120234
vn 0.890026 -0.375153 0.259064
v 0.0293999 -0.039759 0.120234
vn 0.901415 -0.332044 0.277843
v 0.0288503 -0.0396115 0.121998
vn 0.895784 -0.318358 0.310192
v 0.0286892 -0.0388801 0.123176
vn 0.879912 -0.322038 0.349351
v 0.0268791 -0.0409973 0.125292
vn 0.839823 -0.376527 0.391055
v 0.0280826 -0.0396115 0.123915
vn 0.856648 -0.351071 0.378026
v 0.024453 -0.0380332 0.131733
vn 0.782444 -0.298048 0.546763
v 0.0265379 -0.0378407 0.128457
vn 0.823177 -0.323435 0.466657
v 0.0255713 -0.0380332 0.129988
vn 0.819295 -0.293178 0.492751
v 0.0250595 -0.0375199 0.131106
vn 0.812315 -0.270862 0.516506
v 0.023401 -0.0378407 0.133325
vn 0.777863 -0.295208 0.55478
v 0.0228988 -0.036827 0.134554
vn 0.759681 -0.284369 0.584824
v 0.0226808 -0.0378407 0.134279
vn 0.734696 -0.33259 0.591275
v 0.0271255 -0.0396949 0.125945
vn 0.853333 -0.334749 0.399708
v 0.0268317 -0.0390148 0.127098
vn 0.840538 -0.325907 0.43276
v 0.0216383 -0.0377701 0.135587
vn 0.725593 -0.326119 0.605939
v 0.00543277 -0.0301675 0.154448
vn 0.274858 -0.0892968 0.957329
v 0.0188332 -0.0340169 0.140076
vn 0.682038 -0.226247 0.69544
v 0.0223775 -0.0360828 0.135483
vn 0.742023 -0.247642 0.622956
v 0.0212972 -0.0359288 0.136825
vn 0.73095 -0.23866 0.639338
v 0.020738 -0.0340169 0.138115
vn 0.716727 -0.221169 0.661352
v 0.0197808 -0.0340169 0.139121
vn 0.701385 -0.217323 0.678844
v 0.00224852 -0.00929061 0.154448
vn 0.0769107 0.0561703 0.995454
v 0.00766932 -0.00811652 0.148032
vn 0.638161 0.458883 0.618205
v 0.00349 -0.0109908 0.154448
vn 0.250104 0.160716 0.954787
v 0.00987745 -0.00915588 0.146423
vn 0.671907 0.401091 0.622629
v 0.0118013 -0.00956007 0.144557
vn 0.682664 0.416047 0.600729
v 0.0130807 -0.010593 0.1438
vn 0.694298 0.426724 0.579532
v 0.0152603 -0.0120237 0.142226
vn 0.712788 0.416226 0.564525
v 0.0169852 -0.0123188 0.139981
vn 0.739545 0.476287 0.475629
v 0.0173927 -0.0135892 0.140601
vn 0.736869 0.440561 0.512767
v 0.0194681 -0.015238 0.138941
vn 0.758857 0.429768 0.489321
v 0.0210887 -0.0157128 0.136662
vn 0.78654 0.467458 0.403533
v 0.0227092 -0.0182855 0.136085
vn 0.806142 0.378756 0.45462
v 0.0232589 -0.0188437 0.135483
vn 0.833977 0.34977 0.426782
v 0.0251258 -0.0206337 0.13323
vn 0.861087 0.30707 0.405262
v 0.026699 -0.0217179 0.130633
vn 0.875561 0.345676 0.337491
v 0.026917 -0.0212496 0.129351
vn 0.868976 0.412436 0.273454
v 0.024652 -0.0206337 0.134193
vn 0.838951 0.323263 0.437793
v 0.0271349 -0.0208967 0.12788
vn 0.865855 0.457016 0.203547
v 0.0284712 -0.0219296 0.124062
vn 0.85254 0.502676 0.143151
v 0.0285565 -0.0217308 0.122144
vn 0.817124 0.572559 0.066964
v 0.0286039 -0.0216538 0.120234
vn 0.785964 0.617662 0.0274537
v 0.0304329 -0.0236747 0.110671
vn 0.785925 0.618166 0.0139045
v 0.0311342 -0.0246114 0.108761
vn 0.827847 0.560791 0.0135265
v 0.0311532 -0.024605 0.106852
vn 0.836393 0.548041 0.00988814
v 0.0311626 -0.0245858 0.104934
vn 0.835375 0.549617 0.00838886
v 0.0311626 -0.0245601 0.103025
vn 0.842823 0.538182 0.00304345
v 0.0321198 -0.0261063 0.104934
vn 0.856826 0.51558 0.00520297
v 0.0321198 -0.0261255 0.103025
vn 0.875499 0.482885 -0.0180073
v 0.0321009 -0.0262154 0.101107
vn 0.896086 0.441518 -0.0457473
v 0.0260925 -0.0206337 0.0665837
vn 0.469991 0.124137 -0.873899
v 0.0308689 -0.0247847 0.0934607
vn 0.914111 0.39362 -0.097285
v 0.0317313 -0.0263629 0.09537
vn 0.934477 0.337027 -0.114742
v 0.0321293 -0.0265169 0.0992059
vn 0.903098 0.425658 -0.0568281
v 0.0319303 -0.0263629 0.0972879
vn 0.916827 0.390718 -0.082262
v 0.031826 -0.0340169 0.09537
vn 0.944023 -0.231665 -0.234844
v 0.032262 -0.0340041 0.0972707
vn 0.945449 -0.253595 -0.204488
v 0.0245572 -0.034049 0.0665837
vn 0.29749 -0.0904714 -0.950429
v 0.0248415 -0.0330931 0.0665837
vn 0.495952 -0.135303 -0.857744
v 0.0323946 -0.0346328 0.0988275
vn 0.950541 -0.261738 -0.167226
v 0.0326316 -0.0340041 0.0993607
vn 0.974382 -0.186848 -0.125172
v 0.0328401 -0.0340169 0.101107
vn 0.975005 -0.199125 -0.098563
v 0.0330012 -0.0340169 0.103025
vn 0.977499 -0.199618 -0.0681835
v 0.0330959 -0.0340169 0.104934
vn 0.980191 -0.195476 -0.031843
v 0.0331244 -0.0340169 0.106852
vn 0.97443 -0.224641 0.00472683
v 0.033077 -0.0340169 0.108761
vn 0.980519 -0.191365 0.0442914
v 0.0329538 -0.0340169 0.110671
vn 0.97875 -0.187436 0.0831579
v 0.0327169 -0.0341773 0.112709
vn 0.977158 -0.182993 0.108058
v 0.031646 -0.0359288 0.116407
vn 0.941583 -0.267331 0.204832
v 0.0307457 -0.0374301 0.118316
vn 0.932439 -0.282947 0.224719
v 0.0304424 -0.038386 0.118316
vn 0.913495 -0.316559 0.255572
v 0.0326031 -0.0335999 0.114489
vn 0.975744 -0.177651 0.127919
v 0.0323852 -0.0345623 0.114489
vn 0.952462 -0.248456 0.17631
v 0.0301581 -0.0377188 0.120105
vn 0.905714 -0.306582 0.292728
v 0.0294189 -0.0378407 0.122144
vn 0.901048 -0.290027 0.322486
v 0.0284617 -0.0378407 0.124552
vn 0.865014 -0.314174 0.391211
v 0.0288597 -0.0378407 0.123597
vn 0.89517 -0.273828 0.351693
v 0.024633 -0.0362688 0.132379
vn 0.791077 -0.271866 0.547984
v 0.026718 -0.0368078 0.128801
vn 0.840859 -0.255802 0.476993
v 0.0270402 -0.0378407 0.127502
vn 0.857178 -0.282081 0.430902
v 0.0263578 -0.0360764 0.129773
vn 0.821076 -0.25436 0.511013
v 0.0252206 -0.0357492 0.131733
vn 0.816149 -0.249033 0.521424
v 0.0238749 -0.0359096 0.133617
vn 0.785197 -0.245586 0.568466
v 0.0231072 -0.0355503 0.134812
vn 0.768031 -0.235787 0.595427
v 0.0277983 -0.0378407 0.125971
vn 0.859977 -0.297544 0.414616
v 0.00603929 -0.0282748 0.154448
vn 0.346911 -0.105501 0.931945
v 0.0190227 -0.0327915 0.140257
vn 0.697018 -0.183357 0.693215
v 0.0225576 -0.0340169 0.13606
vn 0.744752 -0.226599 0.627692
v 0.0216004 -0.0340169 0.13716
vn 0.731075 -0.212253 0.648443
v 0.0209181 -0.0327274 0.138313
vn 0.71917 -0.191784 0.667842
v 0.00394489 -0.0117928 0.154448
vn 0.148054 0.0830383 0.985487
v 0.0112327 -0.0105288 0.14583
vn 0.67808 0.384313 0.626507
v 0.0134408 -0.0118697 0.144239
vn 0.691745 0.348253 0.632621
v 0.015611 -0.0133005 0.142613
vn 0.701005 0.352345 0.620036
v 0.0168904 -0.0145708 0.141874
vn 0.713776 0.358697 0.601549
v 0.0190132 -0.0160464 0.140214
vn 0.738116 0.358583 0.571493
v 0.0207475 -0.0164185 0.137935
vn 0.782836 0.394777 0.480956
v 0.0229651 -0.0195622 0.136558
vn 0.815734 0.2844 0.50368
v 0.0210318 -0.0176952 0.138442
vn 0.780918 0.321151 0.535752
v 0.0264526 -0.0224301 0.131733
vn 0.866384 0.277856 0.414939
v 0.0248131 -0.0216602 0.134554
vn 0.843534 0.243334 0.478788
v 0.0269075 -0.0229947 0.131106
vn 0.890023 0.233821 0.391391
v 0.0272013 -0.0224301 0.12991
vn 0.900264 0.278504 0.334605
v 0.0286418 -0.0235272 0.126883
vn 0.903171 0.328578 0.276257
v 0.0279215 -0.0225456 0.12788
vn 0.882736 0.39753 0.250494
v 0.0283764 -0.0225456 0.126134
vn 0.874493 0.442012 0.199717
v 0.0289829 -0.0228856 0.124062
vn 0.881558 0.445293 0.15675
v 0.0291725 -0.0226867 0.122144
vn 0.856813 0.504695 0.105616
v 0.0303287 -0.0239185 0.118316
vn 0.84936 0.522456 0.0750194
v 0.0303761 -0.0237966 0.116407
vn 0.823466 0.565962 0.0398802
v 0.030395 -0.0237453 0.114489
vn 0.799067 0.600839 0.0220152
v 0.030414 -0.0237068 0.11258
vn 0.797776 0.602655 0.0189573
v 0.0321103 -0.0261384 0.106852
vn 0.871899 0.48939 0.0170191
v 0.0311058 -0.0246307 0.110671
vn 0.841444 0.539914 0.0215484
v 0.0326031 -0.0270622 0.104934
vn 0.922093 0.38695 0.00377228
v 0.0325937 -0.0270815 0.103025
vn 0.930972 0.364304 -0.0239466
v 0.0325463 -0.0271713 0.101107
vn 0.930558 0.363199 -0.0463626
v 0.0264526 -0.0225456 0.0665837
vn 0.388533 0.033283 -0.920834
v 0.0323946 -0.0277808 0.0972879
vn 0.961173 0.238135 -0.139417
v 0.0322525 -0.0283903 0.0954818
vn 0.966686 0.207288 -0.150165
v 0.0325084 -0.0291025 0.0961957
vn 0.976586 0.135625 -0.16699
v 0.0324515 -0.0274279 0.0985694
vn 0.949005 0.298737 -0.100728
v 0.0325084 -0.0272611 0.0998423
vn 0.947973 0.311735 -0.0645641
v 0.0324231 -0.0326439 0.0966171
vn 0.953367 -0.19291 -0.232114
v 0.0325557 -0.0333561 0.0978986
vn 0.966578 -0.187895 -0.174422
v 0.0250879 -0.032105 0.0665837
vn 0.299762 -0.0734716 -0.951181
v 0.0255523 -0.0301931 0.0665837
vn 0.395904 -0.0868285 -0.914178
v 0.0329348 -0.032105 0.0991973
vn 0.985992 -0.0945311 -0.137417
v 0.0331718 -0.032105 0.101107
vn 0.98976 -0.103109 -0.0987094
v 0.0333139 -0.032105 0.103025
vn 0.994914 -0.082138 -0.0583043
v 0.0333992 -0.032105 0.104934
vn 0.997765 -0.0593757 -0.0306493
v 0.0334276 -0.032105 0.106852
vn 0.997448 -0.0710737 0.00679244
v 0.0333708 -0.032105 0.108761
vn 0.997315 -0.0573452 0.0455417
v 0.033257 -0.032105 0.110671
vn 0.993951 -0.0788288 0.0764679
v 0.033077 -0.032105 0.11258
vn 0.9888 -0.09639 0.113948
v 0.0321956 -0.0339079 0.116313
vn 0.947986 -0.242714 0.205941
v 0.0316934 -0.0340169 0.118316
vn 0.944329 -0.216194 0.248
v 0.0311911 -0.0359288 0.118316
vn 0.935965 -0.256674 0.241016
v 0.0306035 -0.0370002 0.119392
vn 0.924681 -0.275997 0.26228
v 0.0325178 -0.0332021 0.115607
vn 0.967016 -0.16935 0.190264
v 0.0304045 -0.0363073 0.120664
vn 0.911535 -0.272995 0.307534
v 0.0301012 -0.0357748 0.12198
vn 0.902569 -0.261668 0.341906
v 0.0286323 -0.0368014 0.124956
vn 0.87866 -0.273271 0.391509
v 0.0291441 -0.03607 0.124217
vn 0.899036 -0.25237 0.357831
v 0.0248321 -0.0349985 0.13268
vn 0.803568 -0.237371 0.545832
v 0.026718 -0.0329198 0.130701
vn 0.834707 -0.210387 0.508922
v 0.0265569 -0.0340169 0.130443
vn 0.825202 -0.244044 0.509396
v 0.0273245 -0.0360764 0.128052
vn 0.861213 -0.257381 0.438254
v 0.0281016 -0.0338886 0.127726
vn 0.857827 -0.223994 0.462558
v 0.0271065 -0.0340169 0.129489
vn 0.851611 -0.230219 0.470912
v 0.0283575 -0.03607 0.125988
vn 0.864174 -0.266643 0.426737
v 0.0242919 -0.0340169 0.133823
vn 0.78659 -0.220492 0.576766
v 0.0233347 -0.0340169 0.135105
vn 0.773439 -0.206391 0.599328
v 0.00616249 -0.027768 0.154448
vn 0.364558 -0.0854879 0.927248
v 0.0210792 -0.0314506 0.138485
vn 0.709159 -0.156446 0.687472
v 0.0191743 -0.0315212 0.140403
vn 0.702091 -0.161914 0.693435
v 0.0227756 -0.0324451 0.136318
vn 0.752759 -0.191489 0.62983
v 0.0219321 -0.0319446 0.137401
vn 0.733715 -0.177704 0.655807
v 0.00444717 -0.0126974 0.154448
vn 0.296471 0.161043 0.941366
v 0.0171747 -0.0158475 0.142235
vn 0.702934 0.287691 0.650475
v 0.00457984 -0.0129732 0.154448
vn 0.383045 0.176977 0.906618
v 0.0192596 -0.0173231 0.140506
vn 0.719318 0.222242 0.658172
v 0.0231167 -0.0206337 0.136765
vn 0.80603 0.183502 0.562709
v 0.0212119 -0.0187218 0.138657
vn 0.773654 0.221899 0.593481
v 0.0254007 -0.022398 0.133798
vn 0.867818 0.191011 0.458702
v 0.0249553 -0.0229369 0.134761
vn 0.828327 0.130356 0.544869
v 0.0270876 -0.024451 0.131398
vn 0.886686 0.155412 0.435472
v 0.0278268 -0.024451 0.129798
vn 0.904313 0.202634 0.375708
v 0.0284807 -0.0242842 0.127975
vn 0.903635 0.263006 0.338041
v 0.0288313 -0.0248039 0.12739
vn 0.919243 0.217745 0.327994
v 0.0290872 -0.0242842 0.126134
vn 0.926509 0.265592 0.266537
v 0.0296842 -0.024451 0.124062
vn 0.91431 0.342265 0.216544
v 0.0288029 -0.0231807 0.12561
vn 0.895826 0.399342 0.19499
v 0.0301581 -0.0245858 0.122075
vn 0.893033 0.41818 0.166182
v 0.0302434 -0.0241495 0.120234
vn 0.87823 0.461931 0.12382
v 0.0308404 -0.0248745 0.118316
vn 0.901647 0.422278 0.0933526
v 0.0309352 -0.0247526 0.116407
vn 0.880894 0.469827 0.0573402
v 0.031011 -0.0247012 0.114489
vn 0.867014 0.496536 0.0417093
v 0.0310679 -0.0246628 0.11258
vn 0.857916 0.512832 0.0313679
v 0.0320914 -0.0261833 0.108761
vn 0.870102 0.492175 0.0262067
v 0.0325842 -0.0270943 0.106852
vn 0.924297 0.381304 0.016825
v 0.0329917 -0.0282748 0.106852
vn 0.965991 0.258105 0.015598
v 0.0330012 -0.0282748 0.104934
vn 0.97065 0.2404 -0.00679627
v 0.0329633 -0.0282748 0.103025
vn 0.972927 0.228178 -0.0367021
v 0.0264716 -0.0243612 0.0665837
vn 0.312924 0.00311264 -0.949773
v 0.0325273 -0.0301931 0.0961183
vn 0.980382 0.0147837 -0.196554
v 0.0326884 -0.0281529 0.0992059
vn 0.978124 0.188011 -0.0890283
v 0.0325937 -0.0287368 0.0972879
vn 0.981838 0.157513 -0.10575
v 0.0330012 -0.0301931 0.0991973
vn 0.99189 0.0157393 -0.126119
v 0.0327169 -0.0301931 0.0972879
vn 0.988354 0.00469941 -0.152102
v 0.032859 -0.0282748 0.101107
vn 0.978759 0.194846 -0.0637577
v 0.0325178 -0.0313736 0.0961871
vn 0.972889 -0.0892585 -0.213356
v 0.0326221 -0.0320473 0.0972707
vn 0.977767 -0.126009 -0.16761
v 0.0259598 -0.0281914 0.0665837
vn 0.336235 -0.0614786 -0.939769
v 0.0322525 -0.0320473 0.0954732
vn 0.961345 -0.152369 -0.229346
v 0.0331907 -0.0301931 0.101107
vn 0.992478 0.0909688 -0.0819231
v 0.0333139 -0.0301931 0.103025
vn 0.994621 0.0911158 -0.0492599
v 0.0333802 -0.0301931 0.104934
vn 0.994557 0.102472 -0.0188818
v 0.0333897 -0.0301931 0.106852
vn 0.991552 0.129524 0.00687099
v 0.0333518 -0.0301931 0.108761
vn 0.991724 0.124061 0.0330513
v 0.033257 -0.0301931 0.110671
vn 0.990913 0.114047 0.0713127
v 0.0330865 -0.0301931 0.11258
vn 0.992401 0.0642751 0.104927
v 0.0328401 -0.0301931 0.114489
vn 0.990312 0.0227892 0.136976
v 0.0328211 -0.032105 0.114489
vn 0.988042 -0.0442673 0.147695
v 0.0315322 -0.032105 0.120234
vn 0.947161 -0.149776 0.283644
v 0.0311342 -0.0340169 0.120234
vn 0.935642 -0.214143 0.280565
v 0.0307267 -0.0357748 0.120105
vn 0.931203 -0.243976 0.270807
v 0.0320535 -0.032105 0.118316
vn 0.961741 -0.125803 0.243368
v 0.0325747 -0.032105 0.11596
vn 0.983337 -0.050673 0.174585
v 0.0323852 -0.032105 0.116915
vn 0.97469 -0.0730436 0.211292
v 0.0305846 -0.0350306 0.121232
vn 0.920541 -0.241065 0.307396
v 0.0303666 -0.0340169 0.122531
vn 0.906456 -0.236452 0.349898
v 0.0288124 -0.035531 0.12536
vn 0.888686 -0.238537 0.391582
v 0.0297601 -0.0340169 0.124062
vn 0.899882 -0.219267 0.377006
v 0.0249742 -0.0340169 0.132869
vn 0.805301 -0.205303 0.556185
v 0.0262631 -0.0322141 0.131613
vn 0.819483 -0.168255 0.547849
v 0.0252111 -0.032105 0.133204
vn 0.810564 -0.177527 0.558096
v 0.0283006 -0.032105 0.128164
vn 0.862145 -0.190676 0.469413
v 0.0272771 -0.0322141 0.129962
vn 0.860025 -0.168624 0.481583
v 0.0277604 -0.0301931 0.129798
vn 0.857218 -0.143297 0.494614
v 0.0268412 -0.0316431 0.130908
vn 0.838109 -0.159608 0.521631
v 0.0285186 -0.0344404 0.126633
vn 0.8697 -0.242457 0.429925
v 0.0286797 -0.03317 0.126977
vn 0.878161 -0.20964 0.429982
v 0.0245288 -0.032105 0.134167
vn 0.786697 -0.186059 0.588634
v 0.00648471 -0.0263822 0.154448
vn 0.430786 -0.0786262 0.899023
v 0.0229177 -0.0311683 0.136498
vn 0.756395 -0.161229 0.633933
v 0.022169 -0.0301931 0.137565
vn 0.738669 -0.138322 0.659723
v 0.0212119 -0.0301931 0.138623
vn 0.71165 -0.132895 0.68985
v 0.0234389 -0.0319254 0.135621
vn 0.777999 -0.168147 0.605346
v 0.00537591 -0.0148082 0.154448
vn 0.210066 0.0795232 0.974448
v 0.00602982 -0.0168035 0.154448
vn 0.340771 0.101065 0.934698
v 0.0194681 -0.0187218 0.140704
vn 0.719244 0.165662 0.674718
v 0.0204253 -0.0187218 0.139612
vn 0.747079 0.191939 0.636422
v 0.0233063 -0.0225456 0.136988
vn 0.792662 0.0914078 0.60277
v 0.0224154 -0.0206337 0.13772
vn 0.781975 0.166171 0.600751
v 0.0214583 -0.0206337 0.138924
vn 0.755268 0.132531 0.641877
v 0.0265853 -0.024451 0.132361
vn 0.869596 0.0971391 0.484115
v 0.0250311 -0.024451 0.134847
vn 0.818341 0.0189265 0.574421
v 0.0258271 -0.024451 0.133626
vn 0.848283 0.0468166 0.527469
v 0.0286702 -0.0272098 0.128869
vn 0.898819 0.0820045 0.43058
v 0.0285849 -0.0259331 0.128663
vn 0.910556 0.161552 0.380511
v 0.0296842 -0.0263629 0.125971
vn 0.933738 0.160636 0.319889
v 0.0302908 -0.026395 0.124002
vn 0.931047 0.250494 0.265337
v 0.0304708 -0.0257791 0.12266
vn 0.930513 0.279512 0.236683
v 0.030613 -0.0253107 0.121387
vn 0.927621 0.326206 0.181957
v 0.0307172 -0.0251054 0.120234
vn 0.907244 0.400981 0.126979
v 0.0314659 -0.0263629 0.118316
vn 0.938287 0.321121 0.128446
v 0.0316839 -0.0263629 0.116407
vn 0.916967 0.386252 0.099904
v 0.0318829 -0.0263629 0.114489
vn 0.902484 0.423786 0.0769973
v 0.0321009 -0.0265362 0.112563
vn 0.891451 0.449732 0.0552834
v 0.032063 -0.0262603 0.110671
vn 0.88172 0.469964 0.0412793
v 0.0325652 -0.0271392 0.108761
vn 0.921873 0.386665 0.0252955
v 0.0329443 -0.0282748 0.108761
vn 0.965653 0.257952 0.0312387
v 0.0264716 -0.024451 0.0665837
vn 0.441565 -0.0339842 -0.896586
v 0.0323283 -0.0301931 0.0951636
vn 0.978665 -0.0197752 -0.20451
v 0.0262536 -0.0263629 0.0665837
vn 0.35978 -0.0495892 -0.931719
v 0.0328685 -0.0282748 0.110671
vn 0.970869 0.233977 0.0516498
v 0.0326979 -0.0281337 0.112563
vn 0.975591 0.203666 0.0821121
v 0.0326221 -0.0286341 0.114489
vn 0.976358 0.193382 0.09658
v 0.0325368 -0.0289998 0.115805
vn 0.97869 0.144418 0.145977
v 0.0325937 -0.0301931 0.116106
vn 0.98724 0.0121332 0.158776
v 0.0317123 -0.0301931 0.120234
vn 0.967285 -0.0175829 0.25308
v 0.0311721 -0.0301931 0.122144
vn 0.954579 -0.0489507 0.293911
v 0.0306319 -0.0314827 0.12327
vn 0.924914 -0.146191 0.350944
v 0.0308783 -0.0321179 0.122238
vn 0.933533 -0.17953 0.310299
v 0.0307078 -0.0340169 0.121576
vn 0.930434 -0.199024 0.307704
v 0.0321767 -0.0301931 0.118316
vn 0.974827 -0.00345911 0.222934
v 0.0324326 -0.0301931 0.117061
vn 0.98044 0.0549489 0.18899
v 0.0305087 -0.0327594 0.122935
vn 0.915998 -0.199752 0.347919
v 0.0289545 -0.0338886 0.125988
vn 0.89331 -0.216466 0.393877
v 0.0302244 -0.0321179 0.123967
vn 0.904601 -0.19247 0.380331
v 0.0293715 -0.032105 0.125971
vn 0.901439 -0.181699 0.392929
v 0.0263578 -0.0301931 0.132077
vn 0.821239 -0.154063 0.549392
v 0.0254007 -0.0301931 0.133479
vn 0.813974 -0.147007 0.561992
v 0.0247278 -0.0301931 0.134434
vn 0.789477 -0.160162 0.592515
v 0.0288029 -0.032105 0.12721
vn 0.887108 -0.16587 0.430727
v 0.0284807 -0.0301931 0.128508
vn 0.8678 -0.157295 0.471362
v 0.0281585 -0.0281593 0.129626
vn 0.86011 -0.117019 0.496505
v 0.0271255 -0.0282748 0.131364
vn 0.85289 -0.0938213 0.513592
v 0.0269738 -0.0301931 0.131123
vn 0.841759 -0.140514 0.521246
v 0.0285944 -0.0287175 0.128715
vn 0.873363 -0.124064 0.471004
v 0.00673111 -0.024451 0.154448
vn 0.472242 -0.0498798 0.880057
v 0.021373 -0.0282748 0.138795
vn 0.716038 -0.0997926 0.690891
v 0.0238654 -0.0301931 0.135535
vn 0.776825 -0.146759 0.612376
v 0.0230125 -0.0301931 0.13661
vn 0.764631 -0.13256 0.630688
v 0.0223301 -0.0282748 0.137754
vn 0.737626 -0.111077 0.66601
v 0.00640889 -0.0182855 0.154448
vn 0.240083 0.0577033 0.969036
v 0.0205959 -0.0206337 0.139878
vn 0.722888 0.0908027 0.684973
v 0.00648471 -0.0186961 0.154448
vn 0.378573 0.0603789 0.9236
v 0.0233442 -0.024451 0.137006
vn 0.771268 -0.0182552 0.636249
v 0.0243013 -0.024451 0.13581
vn 0.787016 -0.0124779 0.616807
v 0.0225197 -0.0225456 0.137943
vn 0.756455 0.0409335 0.652763
v 0.0215625 -0.0225456 0.13901
vn 0.726697 0.0462612 0.685399
v 0.0271823 -0.0263629 0.131493
vn 0.86341 -0.00214085 0.504498
v 0.0249932 -0.0263629 0.134795
vn 0.805945 -0.064488 0.588468
v 0.0258082 -0.0263629 0.133626
vn 0.82339 -0.053215 0.564975
v 0.0266042 -0.0263629 0.132447
vn 0.840158 -0.0325046 0.541366
v 0.0286702 -0.0274472 0.128869
vn 0.879794 -0.069789 0.470204
v 0.0298548 -0.0282748 0.125971
vn 0.929922 0.00184212 0.367751
v 0.028945 -0.0264912 0.127975
vn 0.93017 0.0975556 0.353931
v 0.0304045 -0.0282748 0.1245
vn 0.943182 0.028311 0.331067
v 0.0307172 -0.0282748 0.123546
vn 0.951565 0.0771502 0.297611
v 0.0306319 -0.0270558 0.123331
vn 0.950531 0.173573 0.257611
v 0.0307741 -0.026395 0.122075
vn 0.949792 0.230607 0.211462
v 0.0311626 -0.0263629 0.120234
vn 0.95227 0.250516 0.174426
v 0.0322904 -0.0283261 0.116433
vn 0.95653 0.252835 0.145341
v 0.0323946 -0.0276782 0.114489
vn 0.955169 0.267072 0.127765
v 0.032461 -0.0273959 0.113191
vn 0.939244 0.331378 0.0894933
v 0.0324989 -0.0272868 0.111918
vn 0.923642 0.380135 0.0488138
v 0.0325273 -0.0272162 0.110671
vn 0.933188 0.357473 0.0370573
v 0.0319777 -0.0282748 0.118316
vn 0.968395 0.174143 0.178562
v 0.0315986 -0.0282748 0.120234
vn 0.966524 0.140588 0.21463
v 0.0311247 -0.0282748 0.122144
vn 0.963207 0.0657923 0.260582
v 0.0307172 -0.0301931 0.123503
vn 0.939139 -0.0545617 0.339176
v 0.0303476 -0.0301931 0.124457
vn 0.920771 -0.0953878 0.378261
v 0.0297032 -0.0301931 0.125971
vn 0.908368 -0.12323 0.399602
v 0.0265189 -0.0282748 0.132318
vn 0.822973 -0.108506 0.557622
v 0.0248226 -0.0291602 0.134563
vn 0.792066 -0.128968 0.596656
v 0.0289735 -0.0301931 0.127554
vn 0.895139 -0.127019 0.427309
v 0.00675006 -0.0240918 0.154448
vn 0.280663 -0.0139589 0.959705
v 0.0214867 -0.0263629 0.138915
vn 0.71992 -0.0709571 0.690421
v 0.0215625 -0.024451 0.138992
vn 0.722211 -0.0330781 0.690881
v 0.0224439 -0.0263629 0.137883
vn 0.740407 -0.0770926 0.667724
v 0.0231736 -0.0282748 0.136799
vn 0.76426 -0.105967 0.636143
v 0.0066932 -0.0203193 0.154448
vn 0.258882 0.0316558 0.96539
v 0.00672163 -0.0206337 0.154448
vn 0.388258 0.0255595 0.921196
v 0.0225197 -0.024451 0.13796
vn 0.743595 -0.0307406 0.667924
v 0.0232778 -0.0263629 0.136928
vn 0.762466 -0.0664409 0.643608
v 0.024235 -0.0263629 0.13575
vn 0.778089 -0.0702215 0.624216
v 0.0206527 -0.0225456 0.139964
vn 0.72325 0.0166401 0.690386
v 0.0249079 -0.0278835 0.134683
vn 0.795114 -0.0940284 0.599126
v 0.0289924 -0.0281593 0.128001
vn 0.910564 -0.0845538 0.404628
v 0.0254575 -0.0284288 0.133806
vn 0.813195 -0.108255 0.571835
v 0.0242634 -0.0284288 0.135406
vn 0.77857 -0.110276 0.617793
v 0.00682588 -0.0225456 0.154448
vn 0.353017 0.000343424 0.935617
f 1//1 2//2 7//7
f 1//1 7//7 16//16
f 1//1 16//16 31//31
f 1//1 31//31 35//35
f 1//1 35//35 54//54
f 1//1 54//54 79//79
f 1//1 79//79 105//105
f 1//1 105//105 139//139
f 1//1 139//139 186//186
f 1//1 186//186 185//185
f 1//1 185//185 184//184
f 1//1 184//184 183//183
f 1//1 183//183 245//245
f 1//1 245//245 310//310
f 1//1 310//310 385//385
f 1//1 385//385 395//395
f 1//1 395//395 394//394
f 1//1 394//394 393//393
f 1//1 393//393 476//476
f 1//1 476//476 475//475
f 1//1 475//475 474//474
f 1//1 474//474 473//473
f 1//1 473//473 472//472
f 1//1 472//472 471//471
f 1//1 471//471 470//470
f 1//1 470//470 469//469
f 1//1 469//469 468//468
f 1//1 468//468 467//467
f 1//1 467//467 563//563
f 1//1 563//563 637//637
f 1//1 637//637 699//699
f 1//1 699//699 765//765
f 1//1 765//765 834//834
f 1//1 834//834 833//833
f 1//1 833//833 918//918
f 1//1 918//918 998//998
f 1//1 998//998 1080//1080
f 1//1 1080//1080 1170//1170
f 1//1 1170//1170 1262//1262
f 1//1 1262//1262 1261//1261
f 1//1 1261//1261 1260//1260
f 1//1 1260//1260 1259//1259
f 1//1 1259//1259 1258//1258
f 1//1 1258//1258 1257//1257
f 1//1 1257//1257 1353//1353
f 1//1 1353//1353 1352//1352
f 1//1 1352//1352 1351//1351
f 1//1 1351//1351 1350//1350
f 1//1 1350//1350 1349//1349
f 1//1 1349//1349 1348//1348
f 1//1 1348//1348 1347//1347
f 1//1 1347//1347 1346//1346
f 1//1 1346//1346 1449//1449
f 1//1 1449//1449 1448//1448
f 1//1 1448//1448 1447//1447
f 1//1 1447//1447 1446//1446
f 1//1 1446//1446 1445//1445
f 1//1 1445//1445 1444//1444
f 1//1 1444//1444 1443//1443
f 1//1 1443//1443 1442//1442
f 1//1 1442//1442 1542//1542
f 1//1 1542//1542 1541//1541
f 1//1 1541//1541 1540//1540
f 1//1 1540//1540 1539//1539
f 1//1 1539//1539 1538//1538
f 1//1 1538//1538 1631//1631
f 1//1 1631//1631 1709//1709
f 1//1 1709//1709 1708//1708
f 1//1 1708//1708 1774//1774
f 1//1 1774//1774 1773//1773
f 1//1 1773//1773 1781//1781
f 1//1 1781//1781 1780//1780
f 1//1 1780//1780 1779//1779
f 1//1 1779//1779 1778//1778
f 1//1 1778//1778 1777//1777
f 1//1 1777//1777 1776//1776
f 1//1 1776//1776 1775//1775
f 1//1 1775//1775 1852//1852
f 1//1 1852//1852 1851//1851
f 1//1 1851//1851 1850//1850
f 1//1 1850//1850 1931//1931
f 1//1 1931//1931 2007//2007
f 1//1 2007//2007 2086//2086
f 1//1 2086//2086 2160//2160
f 1//1 2160//2160 2227//2227
f 1//1 2227//2227 2294//2294
f 1//1 2294//2294 2363//2363
f 1//1 2363//2363 2365//2365
f 1//1 2365//2365 2303//2303
f 1//1 2303//2303 2236//2236
f 1//1 2236//2236 2235//2235
f 1//1 2235//2235 2168//2168
f 1//1 2168//2168 2167//2167
f 1//1 2167//2167 2092//2092
f 1//1 2092//2092 2010//2010
f 1//1 2010//2010 1935//1935
f 1//1 1935//1935 1934//1934
f 1//1 1934//1934 1854//1854
f 1//1 1854//1854 1784//1784
f 1//1 1784//1784 1715//1715
f 1//1 1715//1715 1710//1710
f 1//1 1710//1710 1636//1636
f 1//1 1636//1636 1632//1632
f 1//1 1632//1632 1551//1551
f 1//1 1551//1551 1550//1550
f 1//1 1550//1550 1549//1549
f 1//1 1549//1549 1544//1544
f 1//1 1544//1544 1543//1543
f 1//1 1543//1543 1456//1456
f 1//1 1456//1456 1450//1450
f 1//1 1450//1450 1354//1354
f 1//1 1354//1354 1264//1264
f 1//1 1264//1264 1174//1174
f 1//1 1174//1174 1085//1085
f 1//1 1085//1085 1000//1000
f 1//1 1000//1000 919//919
f 1//1 919//919 835//835
f 1//1 835//835 766//766
f 1//1 766//766 701//701
f 1//1 701//701 700//700
f 1//1 700//700 638//638
f 1//1 638//638 572//572
f 1//1 572//572 571//571
f 1//1 571//571 570//570
f 1//1 570//570 569//569
f 1//1 569//569 568//568
f 1//1 568//568 567//567
f 1//1 567//567 566//566
f 1//1 566//566 565//565
f 1//1 565//565 564//564
f 1//1 564//564 484//484
f 1//1 484//484 483//483
f 1//1 483//483 482//482
f 1//1 482//482 481//481
f 1//1 481//481 480//480
f 1//1 480//480 479//479
f 1//1 479//479 478//478
f 1//1 478//478 477//477
f 1//1 477//477 397//397
f 1//1 397//397 396//396
f 1//1 396//396 312//312
f 1//1 312//312 311//311
f 1//1 311//311 247//247
f 1//1 247//247 246//246
f 1//1 246//246 190//190
f 1//1 190//190 189//189
f 1//1 189//189 188//188
f 1//1 188//188 187//187
f 1//1 187//187 140//140
f 1//1 140//140 106//106
f 1//1 106//106 81//81
f 1//1 81//81 80//80
f 1//1 80//80 55//55
f 1//1 55//55 36//36
f 1//1 36//36 19//19
f 1//1 19//19 9//9
f 1//1 9//9 3//3
f 1//1 3//3 4//4
f 1//1 4//4 5//5
f 1//1 5//5 6//6
f 1//1 6//6 2//2
f 2//2 6//6 8//8
f 2//2 8//8 7//7
f 3//3 9//9 4//4
f 4//4 10//10 11//11
f 4//4 11//11 12//12
f 4//4 12//12 13//13
f 4//4 13//13 6//6
f 4//4 6//6 5//5
f 4//4 9//9 10//10
f 6//6 13//13 14//14
f 6//6 14//14 15//15
f 6//6 15//15 8//8
f 7//7 8//8 16//16
f 8//8 15//15 17//17
f 8//8 17//17 18//18
f 8//8 18//18 16//16
f 9//9 19//19 20//20
f 9//9 20//20 11//11
f 9//9 11//11 10//10
f 11//11 20//20 21//21
f 11//11 21//21 22//22
f 11//11 22//22 12//12
f 12//12 22//22 23//23
f 12//12 23//23 24//24
f 12//12 24//24 13//13
f 13//13 24//24 25//25
f 13//13 25//25 14//14
f 14//14 26//26 27//27
f 14//14 27//27 15//15
f 14//14 25//25 28//28
f 14//14 28//28 29//29
f 14//14 29//29 26//26
f 15//15 30//30 17//17
f 15//15 27//27 26//26
f 15//15 26//26 30//30
f 16//16 18//18 31//31
f 17//17 32//32 33//33
f 17//17 33//33 18//18
f 17//17 30//30 32//32
f 18//18 33//33 34//34
f 18//18 34//34 35//35
f 18//18 35//35 31//31
f 19//19 36//36 37//37
f 19//19 37//37 20//20
f 20//20 37//37 21//21
f 21//21 37//37 38//38
f 21//21 38//38 39//39
f 21//21 39//39 22//22
f 22//22 39//39 23//23
f 23//23 39//39 40//40
f 23//23 40//40 41//41
f 23//23 41//41 42//42
f 23//23 42//42 25//25
f 23//23 25//25 24//24
f 25//25 42//42 28//28
f 26//26 29//29 43//43
f 26//26 43//43 44//44
f 26//26 44//44 30//30
f 28//28 41//41 45//45
f 28//28 45//45 46//46
f 28//28 46//46 43//43
f 28//28 43//43 29//29
f 28//28 42//42 41//41
f 30//30 44//44 47//47
f 30//30 47//47 32//32
f 32//32 47//47 48//48
f 32//32 48//48 49//49
f 32//32 49//49 50//50
f 32//32 50//50 51//51
f 32//32 51//51 33//33
f 33//33 51//51 52//52
f 33//33 52//52 34//34
f 34//34 52//52 53//53
f 34//34 53//53 35//35
f 35//35 53//53 54//54
f 36//36 55//55 56//56
f 36//36 56//56 57//57
f 36//36 57//57 58//58
f 36//36 58//58 59//59
f 36//36 59//59 37//37
f 37//37 59//59 60//60
f 37//37 60//60 38//38
f 38//38 60//60 61//61
f 38//38 61//61 39//39
f 39//39 61//61 62//62
f 39//39 62//62 40//40
f 40//40 63//63 64//64
f 40//40 64//64 41//41
f 40//40 62//62 63//63
f 41//41 64//64 45//45
f 43//43 46//46 65//65
f 43//43 65//65 44//44
f 44//44 65//65 47//47
f 45//45 66//66 67//67
f 45//45 67//67 68//68
f 45//45 68//68 46//46
f 45//45 64//64 69//69
f 45//45 69//69 66//66
f 46//46 68//68 70//70
f 46//46 70//70 65//65
f 47//47 71//71 48//48
f 47//47 65//65 71//71
f 48//48 72//72 73//73
f 48//48 73//73 74//74
f 48//48 74//74 49//49
f 48//48 71//71 72//72
f 49//49 74//74 50//50
f 50//50 75//75 76//76
f 50//50 76//76 77//77
f 50//50 77//77 51//51
f 50//50 74//74 75//75
f 51//51 77//77 52//52
f 52//52 77//77 78//78
f 52//52 78//78 79//79
f 52//52 79//79 53//53
f 53//53 79//79 54//54
f 55//55 80//80 56//56
f 56//56 80//80 81//81
f 56//56 81//81 82//82
f 56//56 82//82 83//83
f 56//56 83//83 84//84
f 56//56 84//84 85//85
f 56//56 85//85 57//57
f 57//57 85//85 84//84
f 57//57 84//84 86//86
f 57//57 86//86 87//87
f 57//57 87//87 58//58
f 58//58 87//87 88//88
f 58//58 88//88 59//59
f 59//59 88//88 89//89
f 59//59 89//89 60//60
f 60//60 89//89 61//61
f 61//61 89//89 90//90
f 61//61 90//90 91//91
f 61//61 91//91 62//62
f 62//62 91//91 63//63
f 63//63 92//92 69//69
f 63//63 69//69 64//64
f 63//63 91//91 92//92
f 65//65 70//70 93//93
f 65//65 93//93 71//71
f 66//66 69//69 94//94
f 66//66 94//94 95//95
f 66//66 95//95 96//96
f 66//66 96//96 67//67
f 67//67 96//96 128//128
f 67//67 128//128 97//97
f 67//67 97//97 68//68
f 68//68 97//97 70//70
f 69//69 92//92 94//94
f 70//70 97//97 93//93
f 71//71 93//93 72//72
f 72//72 98//98 99//99
f 72//72 99//99 73//73
f 72//72 93//93 98//98
f 73//73 99//99 100//100
f 73//73 100//100 74//74
f 74//74 100//100 101//101
f 74//74 101//101 75//75
f 75//75 101//101 76//76
f 76//76 101//101 102//102
f 76//76 102//102 103//103
f 76//76 103//103 104//104
f 76//76 104//104 77//77
f 77//77 104//104 78//78
f 78//78 104//104 105//105
f 78//78 105//105 79//79
f 81//81 106//106 107//107
f 81//81 107//107 108//108
f 81//81 108//108 82//82
f 82//82 109//109 110//110
f 82//82 110//110 83//83
f 82//82 108//108 111//111
f 82//82 111//111 109//109
f 83//83 110//110 84//84
f 84//84 112//112 86//86
f 84//84 110//110 113//113
f 84//84 113//113 114//114
f 84//84 114//114 112//112
f 86//86 112//112 115//115
f 86//86 115//115 116//116
f 86//86 116//116 87//87
f 87//87 116//116 117//117
f 87//87 117//117 88//88
f 88//88 117//117 118//118
f 88//88 118//118 89//89
f 89//89 118//118 90//90
f 90//90 118//118 119//119
f 90//90 119//119 120//120
f 90//90 120//120 91//91
f 91//91 120//120 121//121
f 91//91 121//121 92//92
f 92//92 121//121 122//122
f 92//92 122//122 123//123
f 92//92 123//123 94//94
f 93//93 124//124 98//98
f 93//93 97//97 124//124
f 94//94 123//123 125//125
f 94//94 125//125 95//95
f 95//95 125//125 126//126
f 95//95 126//126 127//127
f 95//95 127//127 96//96
f 96//96 127//127 128//128
f 97//97 128//128 129//129
f 97//97 129//129 124//124
f 98//98 130//130 131//131
f 98//98 131//131 99//99
f 98//98 124//124 130//130
f 99//99 131//131 132//132
f 99//99 132//132 100//100
f 100//100 132//132 133//133
f 100//100 133//133 101//101
f 101//101 133//133 134//134
f 101//101 134//134 135//135
f 101//101 135//135 102//102
f 102//102 135//135 136//136
f 102//102 136//136 103//103
f 103//103 136//136 137//137
f 103//103 137//137 138//138
f 103//103 138//138 104//104
f 104//104 138//138 139//139
f 104//104 139//139 105//105
f 106//106 140//140 107//107
f 107//107 141//141 142//142
f 107//107 142//142 143//143
f 107//107 143//143 144//144
f 107//107 144//144 145//145
f 107//107 145//145 108//108
f 107//107 140//140 141//141
f 108//108 145//145 146//146
f 108//108 146//146 111//111
f 109//109 111//111 147//147
f 109//109 147//147 110//110
f 110//110 147//147 113//113
f 111//111 146//146 147//147
f 112//112 148//148 149//149
f 112//112 149//149 150//150
f 112//112 150//150 115//115
f 112//112 114//114 148//148
f 113//113 151//151 152//152
f 113//113 152//152 114//114
f 113//113 147//147 153//153
f 113//113 153//153 151//151
f 114//114 152//152 148//148
f 115//115 154//154 155//155
f 115//115 155//155 116//116
f 115//115 150//150 154//154
f 116//116 155//155 117//117
f 117//117 155//155 119//119
f 117//117 119//119 118//118
f 119//119 155//155 156//156
f 119//119 156//156 120//120
f 120//120 156//156 157//157
f 120//120 157//157 121//121
f 121//121 157//157 158//158
f 121//121 158//158 122//122
f 122//122 158//158 159//159
f 122//122 159//159 123//123
f 123//123 160//160 125//125
f 123//123 159//159 161//161
f 123//123 161//161 160//160
f 124//124 129//129 162//162
f 124//124 162//162 130//130
f 125//125 160//160 163//163
f 125//125 163//163 164//164
f 125//125 164//164 165//165
f 125//125 165//165 166//166
f 125//125 166//166 126//126
f 126//126 166//166 127//127
f 127//127 166//166 165//165
f 127//127 165//165 167//167
f 127//127 167//167 168//168
f 127//127 168//168 128//128
f 128//128 168//168 169//169
f 128//128 169//169 129//129
f 129//129 169//169 170//170
f 129//129 170//170 162//162
f 130//130 162//162 171//171
f 130//130 171//171 172//172
f 130//130 172//172 131//131
f 131//131 172//172 173//173
f 131//131 173//173 132//132
f 132//132 173//173 174//174
f 132//132 174//174 133//133
f 133//133 175//175 176//176
f 133//133 176//176 134//134
f 133//133 174//174 175//175
f 134//134 176//176 235//235
f 134//134 235//235 177//177
f 134//134 177//177 135//135
f 135//135 177//177 178//178
f 135//135 178//178 179//179
f 135//135 179//179 180//180
f 135//135 180//180 136//136
f 136//136 180//180 181//181
f 136//136 181//181 182//182
f 136//136 182//182 137//137
f 137//137 182//182 183//183
f 137//137 183//183 184//184
f 137//137 184//184 185//185
f 137//137 185//185 138//138
f 138//138 185//185 186//186
f 138//138 186//186 139//139
f 140//140 187//187 142//142
f 140//140 142//142 141//141
f 142//142 188//188 189//189
f 142//142 189//189 190//190
f 142//142 190//190 191//191
f 142//142 191//191 192//192
f 142//142 192//192 143//143
f 142//142 187//187 188//188
f 143//143 192//192 193//193
f 143//143 193//193 144//144
f 144//144 193//193 194//194
f 144//144 194//194 145//145
f 145//145 195//195 196//196
f 145//145 196//196 197//197
f 145//145 197//197 198//198
f 145//145 198//198 199//199
f 145//145 199//199 146//146
f 145//145 194//194 193//193
f 145//145 193//193 200//200
f 145//145 200//200 195//195
f 146//146 199//199 147//147
f 147//147 199//199 201//201
f 147//147 201//201 202//202
f 147//147 202//202 153//153
f 148//148 203//203 204//204
f 148//148 204//204 205//205
f 148//148 205//205 206//206
f 148//148 206//206 149//149
f 148//148 152//152 203//203
f 149//149 206//206 207//207
f 149//149 207//207 208//208
f 149//149 208//208 154//154
f 149//149 154//154 150//150
f 151//151 209//209 210//210
f 151//151 210//210 152//152
f 151//151 153//153 211//211
f 151//151 211//211 202//202
f 151//151 202//202 209//209
f 152//152 210//210 203//203
f 153//153 202//202 211//211
f 154//154 208//208 207//207
f 154//154 207//207 156//156
f 154//154 156//156 155//155
f 156//156 207//207 157//157
f 157//157 207//207 158//158
f 158//158 212//212 213//213
f 158//158 213//213 159//159
f 158//158 207//207 212//212
f 159//159 213//213 214//214
f 159//159 214//214 161//161
f 160//160 161//161 163//163
f 161//161 214//214 215//215
f 161//161 215//215 216//216
f 161//161 216//216 163//163
f 162//162 170//170 217//217
f 162//162 217//217 171//171
f 163//163 216//216 164//164
f 164//164 218//218 219//219
f 164//164 219//219 165//165
f 164//164 216//216 220//220
f 164//164 220//220 218//218
f 165//165 219//219 167//167
f 167//167 219//219 221//221
f 167//167 221//221 222//222
f 167//167 222//222 168//168
f 168//168 222//222 169//169
f 169//169 222//222 223//223
f 169//169 223//223 170//170
f 170//170 223//223 224//224
f 170//170 224//224 217//217
f 171//171 217//217 225//225
f 171//171 225//225 226//226
f 171//171 226//226 172//172
f 172//172 226//226 173//173
f 173//173 226//226 227//227
f 173//173 227//227 228//228
f 173//173 228//228 229//229
f 173//173 229//229 174//174
f 174//174 229//229 175//175
f 175//175 230//230 231//231
f 175//175 231//231 232//232
f 175//175 232//232 297//297
f 175//175 297//297 233//233
f 175//175 233//233 176//176
f 175//175 229//229 230//230
f 176//176 233//233 234//234
f 176//176 234//234 235//235
f 177//177 235//235 236//236
f 177//177 236//236 178//178
f 178//178 236//236 237//237
f 178//178 237//237 238//238
f 178//178 238//238 179//179
f 179//179 239//239 181//181
f 179//179 181//181 180//180
f 179//179 238//238 240//240
f 179//179 240//240 241//241
f 179//179 241//241 242//242
f 179//179 242//242 243//243
f 179//179 243//243 239//239
f 181//181 239//239 182//182
f 182//182 239//239 244//244
f 182//182 244//244 245//245
f 182//182 245//245 183//183
f 190//190 246//246 191//191
f 191//191 246//246 247//247
f 191//191 247//247 248//248
f 191//191 248//248 249//249
f 191//191 249//249 192//192
f 192//192 249//249 193//193
f 193//193 250//250 251//251
f 193//193 251//251 252//252
f 193//193 252//252 253//253
f 193//193 253//253 200//200
f 193//193 249//249 250//250
f 195//195 254//254 255//255
f 195//195 255//255 256//256
f 195//195 256//256 257//257
f 195//195 257//257 196//196
f 195//195 200//200 258//258
f 195//195 258//258 259//259
f 195//195 259//259 254//254
f 196//196 257//257 197//197
f 197//197 257//257 198//198
f 198//198 257//257 260//260
f 198//198 260//260 261//261
f 198//198 261//261 262//262
f 198//198 262//262 263//263
f 198//198 263//263 199//199
f 199//199 263//263 264//264
f 199//199 264//264 265//265
f 199//199 265//265 266//266
f 199//199 266//266 201//201
f 200//200 253//253 267//267
f 200//200 267//267 259//259
f 200//200 259//259 258//258
f 201//201 266//266 268//268
f 201//201 268//268 202//202
f 202//202 268//268 269//269
f 202//202 269//269 209//209
f 203//203 270//270 271//271
f 203//203 271//271 204//204
f 203//203 210//210 270//270
f 204//204 271//271 272//272
f 204//204 272//272 273//273
f 204//204 273//273 274//274
f 204//204 274//274 275//275
f 204//204 275//275 205//205
f 205//205 275//275 276//276
f 205//205 276//276 207//207
f 205//205 207//207 206//206
f 207//207 276//276 212//212
f 209//209 277//277 278//278
f 209//209 278//278 210//210
f 209//209 269//269 277//277
f 210//210 278//278 270//270
f 212//212 276//276 275//275
f 212//212 275//275 213//213
f 213//213 275//275 274//274
f 213//213 274//274 214//214
f 214//214 274//274 273//273
f 214//214 273//273 215//215
f 215//215 279//279 216//216
f 215//215 273//273 280//280
f 215//215 280//280 279//279
f 216//216 279//279 220//220
f 217//217 224//224 281//281
f 217//217 281//281 225//225
f 218//218 282//282 283//283
f 218//218 283//283 219//219
f 218//218 220//220 284//284
f 218//218 284//284 285//285
f 218//218 285//285 282//282
f 219//219 283//283 221//221
f 220//220 279//279 286//286
f 220//220 286//286 284//284
f 221//221 283//283 287//287
f 221//221 287//287 372//372
f 221//221 372//372 288//288
f 221//221 288//288 222//222
f 222//222 288//288 289//289
f 222//222 289//289 223//223
f 223//223 289//289 290//290
f 223//223 290//290 224//224
f 224//224 290//290 281//281
f 225//225 281//281 291//291
f 225//225 291//291 292//292
f 225//225 292//292 226//226
f 226//226 292//292 227//227
f 227//227 292//292 293//293
f 227//227 293//293 294//294
f 227//227 294//294 228//228
f 228//228 294//294 295//295
f 228//228 295//295 229//229
f 229//229 295//295 230//230
f 230//230 295//295 296//296
f 230//230 296//296 231//231
f 231//231 296//296 232//232
f 232//232 296//296 297//297
f 233//233 297//297 234//234
f 234//234 236//236 235//235
f 234//234 297//297 298//298
f 234//234 298//298 299//299
f 234//234 299//299 300//300
f 234//234 300//300 236//236
f 236//236 300//300 301//301
f 236//236 301//301 237//237
f 237//237 301//301 302//302
f 237//237 302//302 238//238
f 238//238 302//302 240//240
f 239//239 303//303 244//244
f 239//239 243//243 304//304
f 239//239 304//304 303//303
f 240//240 305//305 241//241
f 240//240 302//302 305//305
f 241//241 305//305 306//306
f 241//241 306//306 307//307
f 241//241 307//307 242//242
f 242//242 307//307 308//308
f 242//242 308//308 309//309
f 242//242 309//309 243//243
f 243//243 309//309 304//304
f 244//244 303//303 245//245
f 245//245 303//303 310//310
f 247//247 311//311 248//248
f 248//248 311//311 312//312
f 248//248 312//312 313//313
f 248//248 313//313 314//314
f 248//248 314//314 249//249
f 249//249 314//314 315//315
f 249//249 315//315 316//316
f 249//249 316//316 317//317
f 249//249 317//317 318//318
f 249//249 318//318 250//250
f 250//250 318//318 251//251
f 251//251 319//319 320//320
f 251//251 320//320 253//253
f 251//251 253//253 252//252
f 251//251 318//318 317//317
f 251//251 317//317 321//321
f 251//251 321//321 322//322
f 251//251 322//322 323//323
f 251//251 323//323 319//319
f 253//253 320//320 319//319
f 253//253 319//319 324//324
f 253//253 324//324 325//325
f 253//253 325//325 326//326
f 253//253 326//326 327//327
f 253//253 327//327 267//267
f 254//254 259//259 328//328
f 254//254 328//328 255//255
f 255//255 328//328 329//329
f 255//255 329//329 330//330
f 255//255 330//330 331//331
f 255//255 331//331 332//332
f 255//255 332//332 333//333
f 255//255 333//333 257//257
f 255//255 257//257 256//256
f 257//257 334//334 261//261
f 257//257 261//261 260//260
f 257//257 333//333 334//334
f 259//259 267//267 327//327
f 259//259 327//327 326//326
f 259//259 326//326 335//335
f 259//259 335//335 329//329
f 259//259 329//329 328//328
f 261//261 334//334 336//336
f 261//261 336//336 337//337
f 261//261 337//337 338//338
f 261//261 338//338 339//339
f 261//261 339//339 340//340
f 261//261 340//340 262//262
f 262//262 340//340 263//263
f 263//263 340//340 341//341
f 263//263 341//341 342//342
f 263//263 342//342 343//343
f 263//263 343//343 264//264
f 264//264 343//343 344//344
f 264//264 344//344 345//345
f 264//264 345//345 346//346
f 264//264 346//346 347//347
f 264//264 347//347 265//265
f 265//265 347//347 348//348
f 265//265 348//348 266//266
f 266//266 348//348 268//268
f 268//268 348//348 349//349
f 268//268 349//349 269//269
f 269//269 349//349 350//350
f 269//269 350//350 351//351
f 269//269 351//351 277//277
f 270//270 352//352 271//271
f 270//270 278//278 353//353
f 270//270 353//353 352//352
f 271//271 352//352 354//354
f 271//271 354//354 355//355
f 271//271 355//355 272//272
f 272//272 355//355 280//280
f 272//272 280//280 273//273
f 277//277 351//351 278//278
f 278//278 351//351 356//356
f 278//278 356//356 357//357
f 278//278 357//357 358//358
f 278//278 358//358 353//353
f 279//279 280//280 359//359
f 279//279 359//359 286//286
f 280//280 355//355 359//359
f 281//281 290//290 360//360
f 281//281 360//360 291//291
f 282//282 361//361 362//362
f 282//282 362//362 283//283
f 282//282 285//285 361//361
f 283//283 362//362 287//287
f 284//284 363//363 285//285
f 284//284 286//286 363//363
f 285//285 364//364 365//365
f 285//285 365//365 366//366
f 285//285 366//366 367//367
f 285//285 367//367 368//368
f 285//285 368//368 361//361
f 285//285 363//363 364//364
f 286//286 359//359 369//369
f 286//286 369//369 364//364
f 286//286 364//364 363//363
f 287//287 362//362 370//370
f 287//287 370//370 371//371
f 287//287 371//371 372//372
f 288//288 372//372 373//373
f 288//288 373//373 289//289
f 289//289 373//373 374//374
f 289//289 374//374 290//290
f 290//290 374//374 375//375
f 290//290 375//375 360//360
f 291//291 360//360 376//376
f 291//291 376//376 377//377
f 291//291 377//377 292//292
f 292//292 377//377 293//293
f 293//293 377//377 378//378
f 293//293 378//378 294//294
f 294//294 378//378 296//296
f 294//294 296//296 295//295
f 296//296 378//378 379//379
f 296//296 379//379 380//380
f 296//296 380//380 381//381
f 296//296 381//381 382//382
f 296//296 382//382 297//297
f 297//297 382//382 298//298
f 298//298 382//382 383//383
f 298//298 383//383 299//299
f 299//299 383//383 384//384
f 299//299 384//384 301//301
f 299//299 301//301 300//300
f 301//301 384//384 305//305
f 301//301 305//305 302//302
f 303//303 304//304 310//310
f 304//304 309//309 395//395
f 304//304 395//395 385//385
f 304//304 385//385 310//310
f 305//305 384//384 386//386
f 305//305 386//386 387//387
f 305//305 387//387 306//306
f 306//306 387//387 388//388
f 306//306 388//388 389//389
f 306//306 389//389 390//390
f 306//306 390//390 307//307
f 307//307 390//390 308//308
f 308//308 391//391 309//309
f 308//308 390//390 392//392
f 308//308 392//392 391//391
f 309//309 391//391 393//393
f 309//309 393//393 394//394
f 309//309 394//394 395//395
f 312//312 396//396 313//313
f 313//313 396//396 397//397
f 313//313 397//397 398//398
f 313//313 398//398 314//314
f 314//314 399//399 400//400
f 314//314 400//400 401//401
f 314//314 401//401 402//402
f 314//314 402//402 403//403
f 314//314 403//403 404//404
f 314//314 404//404 405//405
f 314//314 405//405 316//316
f 314//314 316//316 315//315
f 314//314 398//398 399//399
f 316//316 406//406 407//407
f 316//316 407//407 321//321
f 316//316 321//321 317//317
f 316//316 405//405 408//408
f 316//316 408//408 409//409
f 316//316 409//409 410//410
f 316//316 410//410 406//406
f 319//319 411//411 325//325
f 319//319 325//325 324//324
f 319//319 323//323 412//412
f 319//319 412//412 413//413
f 319//319 413//413 411//411
f 321//321 407//407 322//322
f 322//322 412//412 323//323
f 322//322 407//407 406//406
f 322//322 406//406 414//414
f 322//322 414//414 412//412
f 325//325 411//411 326//326
f 326//326 411//411 415//415
f 326//326 415//415 416//416
f 326//326 416//416 417//417
f 326//326 417//417 335//335
f 329//329 418//418 419//419
f 329//329 419//419 330//330
f 329//329 335//335 417//417
f 329//329 417//417 416//416
f 329//329 416//416 420//420
f 329//329 420//420 418//418
f 330//330 419//419 331//331
f 331//331 421//421 422//422
f 331//331 422//422 423//423
f 331//331 423//423 336//336
f 331//331 336//336 332//332
f 331//331 419//419 418//418
f 331//331 418//418 424//424
f 331//331 424//424 421//421
f 332//332 336//336 333//333
f 333//333 336//336 334//334
f 336//336 423//423 425//425
f 336//336 425//425 337//337
f 337//337 425//425 338//338
f 338//338 425//425 426//426
f 338//338 426//426 339//339
f 339//339 426//426 342//342
f 339//339 342//342 341//341
f 339//339 341//341 340//340
f 342//342 344//344 343//343
f 342//342 426//426 427//427
f 342//342 427//427 428//428
f 342//342 428//428 429//429
f 342//342 429//429 344//344
f 344//344 429//429 345//345
f 345//345 429//429 346//346
f 346//346 429//429 430//430
f 346//346 430//430 431//431
f 346//346 431//431 348//348
f 346//346 348//348 347//347
f 348//348 431//431 349//349
f 349//349 431//431 432//432
f 349//349 432//432 351//351
f 349//349 351//351 350//350
f 351//351 432//432 356//356
f 352//352 353//353 433//433
f 352//352 433//433 354//354
f 353//353 358//358 357//357
f 353//353 357//357 433//433
f 354//354 434//434 435//435
f 354//354 435//435 436//436
f 354//354 436//436 355//355
f 354//354 433//433 434//434
f 355//355 369//369 359//359
f 355//355 436//436 369//369
f 356//356 432//432 357//357
f 357//357 432//432 437//437
f 357//357 437//437 438//438
f 357//357 438//438 433//433
f 360//360 439//439 440//440
f 360//360 440//440 376//376
f 360//360 375//375 439//439
f 361//361 368//368 362//362
f 362//362 368//368 441//441
f 362//362 441//441 442//442
f 362//362 442//442 443//443
f 362//362 443//443 370//370
f 364//364 369//369 444//444
f 364//364 444//444 365//365
f 365//365 444//444 366//366
f 366//366 444//444 445//445
f 366//366 445//445 446//446
f 366//366 446//446 447//447
f 366//366 447//447 448//448
f 366//366 448//448 367//367
f 367//367 441//441 368//368
f 367//367 448//448 441//441
f 369//369 436//436 435//435
f 369//369 435//435 444//444
f 370//370 449//449 450//450
f 370//370 450//450 371//371
f 370//370 443//443 449//449
f 371//371 450//450 451//451
f 371//371 451//451 372//372
f 372//372 451//451 373//373
f 373//373 451//451 452//452
f 373//373 452//452 374//374
f 374//374 452//452 453//453
f 374//374 453//453 375//375
f 375//375 453//453 439//439
f 376//376 440//440 454//454
f 376//376 454//454 455//455
f 376//376 455//455 377//377
f 377//377 455//455 378//378
f 378//378 455//455 379//379
f 379//379 455//455 456//456
f 379//379 456//456 457//457
f 379//379 457//457 381//381
f 379//379 381//381 380//380
f 381//381 457//457 458//458
f 381//381 458//458 459//459
f 381//381 459//459 382//382
f 382//382 459//459 383//383
f 383//383 459//459 460//460
f 383//383 460//460 461//461
f 383//383 461//461 384//384
f 384//384 461//461 386//386
f 386//386 462//462 387//387
f 386//386 461//461 557//557
f 386//386 557//557 462//462
f 387//387 462//462 388//388
f 388//388 462//462 463//463
f 388//388 463//463 464//464
f 388//388 464//464 389//389
f 389//389 464//464 465//465
f 389//389 465//465 390//390
f 390//390 465//465 466//466
f 390//390 466//466 467//467
f 390//390 467//467 468//468
f 390//390 468//468 469//469
f 390//390 469//469 470//470
f 390//390 470//470 471//471
f 390//390 471//471 472//472
f 390//390 472//472 473//473
f 390//390 473//473 392//392
f 391//391 392//392 474//474
f 391//391 474//474 475//475
f 391//391 475//475 476//476
f 391//391 476//476 393//393
f 392//392 473//473 474//474
f 397//397 399//399 398//398
f 397//397 477//477 399//399
f 399//399 477//477 478//478
f 399//399 478//478 479//479
f 399//399 479//479 480//480
f 399//399 480//480 400//400
f 400//400 480//480 481//481
f 400//400 481//481 482//482
f 400//400 482//482 483//483
f 400//400 483//483 484//484
f 400//400 484//484 485//485
f 400//400 485//485 401//401
f 401//401 485//485 486//486
f 401//401 486//486 402//402
f 402//402 486//486 403//403
f 403//403 486//486 487//487
f 403//403 487//487 488//488
f 403//403 488//488 489//489
f 403//403 489//489 490//490
f 403//403 490//490 491//491
f 403//403 491//491 404//404
f 404//404 492//492 405//405
f 404//404 491//491 492//492
f 405//405 492//492 493//493
f 405//405 493//493 408//408
f 406//406 410//410 494//494
f 406//406 494//494 495//495
f 406//406 495//495 414//414
f 408//408 493//493 496//496
f 408//408 496//496 409//409
f 409//409 496//496 410//410
f 410//410 496//496 497//497
f 410//410 497//497 494//494
f 411//411 413//413 498//498
f 411//411 498//498 499//499
f 411//411 499//499 500//500
f 411//411 500//500 415//415
f 412//412 414//414 501//501
f 412//412 501//501 502//502
f 412//412 502//502 413//413
f 413//413 502//502 498//498
f 414//414 495//495 503//503
f 414//414 503//503 504//504
f 414//414 504//504 505//505
f 414//414 505//505 501//501
f 415//415 506//506 416//416
f 415//415 500//500 507//507
f 415//415 507//507 506//506
f 416//416 506//506 508//508
f 416//416 508//508 509//509
f 416//416 509//509 510//510
f 416//416 510//510 420//420
f 418//418 420//420 510//510
f 418//418 510//510 509//509
f 418//418 509//509 511//511
f 418//418 511//511 512//512
f 418//418 512//512 424//424
f 421//421 513//513 514//514
f 421//421 514//514 422//422
f 421//421 424//424 515//515
f 421//421 515//515 513//513
f 422//422 514//514 425//425
f 422//422 425//425 423//423
f 424//424 512//512 511//511
f 424//424 511//511 508//508
f 424//424 508//508 506//506
f 424//424 506//506 507//507
f 424//424 507//507 500//500
f 424//424 500//500 499//499
f 424//424 499//499 498//498
f 424//424 498//498 502//502
f 424//424 502//502 501//501
f 424//424 501//501 505//505
f 424//424 505//505 504//504
f 424//424 504//504 503//503
f 424//424 503//503 587//587
f 424//424 587//587 655//655
f 424//424 655//655 721//721
f 424//424 721//721 720//720
f 424//424 720//720 790//790
f 424//424 790//790 865//865
f 424//424 865//865 864//864
f 424//424 864//864 867//867
f 424//424 867//867 944//944
f 424//424 944//944 946//946
f 424//424 946//946 1029//1029
f 424//424 1029//1029 1028//1028
f 424//424 1028//1028 1114//1114
f 424//424 1114//1114 1204//1204
f 424//424 1204//1204 1207//1207
f 424//424 1207//1207 1295//1295
f 424//424 1295//1295 1386//1386
f 424//424 1386//1386 1485//1485
f 424//424 1485//1485 1580//1580
f 424//424 1580//1580 1665//1665
f 424//424 1665//1665 1748//1748
f 424//424 1748//1748 1829//1829
f 424//424 1829//1829 1905//1905
f 424//424 1905//1905 1980//1980
f 424//424 1980//1980 2048//2048
f 424//424 2048//2048 2125//2125
f 424//424 2125//2125 2195//2195
f 424//424 2195//2195 2263//2263
f 424//424 2263//2263 2334//2334
f 424//424 2334//2334 2391//2391
f 424//424 2391//2391 2429//2429
f 424//424 2429//2429 2444//2444
f 424//424 2444//2444 2435//2435
f 424//424 2435//2435 2434//2434
f 424//424 2434//2434 2398//2398
f 424//424 2398//2398 2396//2396
f 424//424 2396//2396 2340//2340
f 424//424 2340//2340 2339//2339
f 424//424 2339//2339 2270//2270
f 424//424 2270//2270 2268//2268
f 424//424 2268//2268 2200//2200
f 424//424 2200//2200 2133//2133
f 424//424 2133//2133 2131//2131
f 424//424 2131//2131 2053//2053
f 424//424 2053//2053 1985//1985
f 424//424 1985//1985 1911//1911
f 424//424 1911//1911 1907//1907
f 424//424 1907//1907 1836//1836
f 424//424 1836//1836 1839//1839
f 424//424 1839//1839 1838//1838
f 424//424 1838//1838 1834//1834
f 424//424 1834//1834 1758//1758
f 424//424 1758//1758 1697//1697
f 424//424 1697//1697 1696//1696
f 424//424 1696//1696 1693//1693
f 424//424 1693//1693 1692//1692
f 424//424 1692//1692 1691//1691
f 424//424 1691//1691 1690//1690
f 424//424 1690//1690 1688//1688
f 424//424 1688//1688 1613//1613
f 424//424 1613//1613 1612//1612
f 424//424 1612//1612 1611//1611
f 424//424 1611//1611 1610//1610
f 424//424 1610//1610 1609//1609
f 424//424 1609//1609 1518//1518
f 424//424 1518//1518 1608//1608
f 424//424 1608//1608 1686//1686
f 424//424 1686//1686 1756//1756
f 424//424 1756//1756 1679//1679
f 424//424 1679//1679 1755//1755
f 424//424 1755//1755 1754//1754
f 424//424 1754//1754 1753//1753
f 424//424 1753//1753 1752//1752
f 424//424 1752//1752 1751//1751
f 424//424 1751//1751 1675//1675
f 424//424 1675//1675 1594//1594
f 424//424 1594//1594 1581//1581
f 424//424 1581//1581 1486//1486
f 424//424 1486//1486 1387//1387
f 424//424 1387//1387 1296//1296
f 424//424 1296//1296 1209//1209
f 424//424 1209//1209 1118//1118
f 424//424 1118//1118 1034//1034
f 424//424 1034//1034 1030//1030
f 424//424 1030//1030 951//951
f 424//424 951//951 949//949
f 424//424 949//949 872//872
f 424//424 872//872 871//871
f 424//424 871//871 870//870
f 424//424 870//870 868//868
f 424//424 868//868 792//792
f 424//424 792//792 791//791
f 424//424 791//791 724//724
f 424//424 724//724 723//723
f 424//424 723//723 658//658
f 424//424 658//658 657//657
f 424//424 657//657 592//592
f 424//424 592//592 590//590
f 424//424 590//590 589//589
f 424//424 589//589 588//588
f 424//424 588//588 515//515
f 425//425 516//516 426//426
f 425//425 514//514 516//516
f 426//426 517//517 518//518
f 426//426 518//518 427//427
f 426//426 516//516 517//517
f 427//427 518//518 428//428
f 428//428 518//518 519//519
f 428//428 519//519 429//429
f 429//429 520//520 430//430
f 429//429 519//519 520//520
f 430//430 521//521 522//522
f 430//430 522//522 523//523
f 430//430 523//523 431//431
f 430//430 520//520 521//521
f 431//431 523//523 432//432
f 432//432 524//524 525//525
f 432//432 525//525 437//437
f 432//432 523//523 524//524
f 433//433 438//438 434//434
f 434//434 438//438 435//435
f 435//435 445//445 444//444
f 435//435 438//438 526//526
f 435//435 526//526 527//527
f 435//435 527//527 445//445
f 437//437 525//525 528//528
f 437//437 528//528 529//529
f 437//437 529//529 530//530
f 437//437 530//530 438//438
f 438//438 531//531 526//526
f 438//438 530//530 532//532
f 438//438 532//532 531//531
f 439//439 453//453 533//533
f 439//439 533//533 534//534
f 439//439 534//534 440//440
f 440//440 534//534 535//535
f 440//440 535//535 454//454
f 441//441 448//448 536//536
f 441//441 536//536 443//443
f 441//441 443//443 442//442
f 443//443 536//536 537//537
f 443//443 537//537 538//538
f 443//443 538//538 449//449
f 445//445 527//527 446//446
f 446//446 539//539 447//447
f 446//446 527//527 540//540
f 446//446 540//540 541//541
f 446//446 541//541 542//542
f 446//446 542//542 539//539
f 447//447 539//539 448//448
f 448//448 539//539 543//543
f 448//448 543//543 544//544
f 448//448 544//544 545//545
f 448//448 545//545 536//536
f 449//449 538//538 450//450
f 450//450 538//538 546//546
f 450//450 546//546 547//547
f 450//450 547//547 451//451
f 451//451 547//547 548//548
f 451//451 548//548 549//549
f 451//451 549//549 453//453
f 451//451 453//453 452//452
f 453//453 549//549 533//533
f 454//454 535//535 550//550
f 454//454 550//550 551//551
f 454//454 551//551 455//455
f 455//455 551//551 456//456
f 456//456 552//552 553//553
f 456//456 553//553 457//457
f 456//456 551//551 552//552
f 457//457 553//553 554//554
f 457//457 554//554 458//458
f 458//458 554//554 555//555
f 458//458 555//555 460//460
f 458//458 460//460 459//459
f 460//460 555//555 628//628
f 460//460 628//628 556//556
f 460//460 556//556 557//557
f 460//460 557//557 461//461
f 462//462 557//557 558//558
f 462//462 558//558 463//463
f 463//463 558//558 559//559
f 463//463 559//559 560//560
f 463//463 560//560 464//464
f 464//464 560//560 561//561
f 464//464 561//561 465//465
f 465//465 561//561 466//466
f 466//466 561//561 562//562
f 466//466 562//562 467//467
f 467//467 562//562 563//563
f 484//484 564//564 485//485
f 485//485 564//564 565//565
f 485//485 565//565 566//566
f 485//485 566//566 567//567
f 485//485 567//567 568//568
f 485//485 568//568 569//569
f 485//485 569//569 570//570
f 485//485 570//570 571//571
f 485//485 571//571 572//572
f 485//485 572//572 573//573
f 485//485 573//573 486//486
f 486//486 573//573 487//487
f 487//487 573//573 488//488
f 488//488 573//573 574//574
f 488//488 574//574 575//575
f 488//488 575//575 489//489
f 489//489 575//575 576//576
f 489//489 576//576 577//577
f 489//489 577//577 578//578
f 489//489 578//578 579//579
f 489//489 579//579 490//490
f 490//490 579//579 580//580
f 490//490 580//580 581//581
f 490//490 581//581 491//491
f 491//491 581//581 492//492
f 492//492 582//582 493//493
f 492//492 581//581 583//583
f 492//492 583//583 582//582
f 493//493 582//582 496//496
f 494//494 497//497 584//584
f 494//494 584//584 503//503
f 494//494 503//503 495//495
f 496//496 582//582 585//585
f 496//496 585//585 497//497
f 497//497 503//503 584//584
f 497//497 585//585 586//586
f 497//497 586//586 503//503
f 503//503 586//586 587//587
f 508//508 511//511 509//509
f 513//513 515//515 588//588
f 513//513 588//588 514//514
f 514//514 588//588 516//516
f 516//516 588//588 589//589
f 516//516 589//589 590//590
f 516//516 590//590 517//517
f 517//517 591//591 519//519
f 517//517 519//519 518//518
f 517//517 590//590 592//592
f 517//517 592//592 591//591
f 519//519 591//591 593//593
f 519//519 593//593 520//520
f 520//520 593//593 594//594
f 520//520 594//594 521//521
f 521//521 595//595 522//522
f 521//521 594//594 595//595
f 522//522 595//595 523//523
f 523//523 595//595 524//524
f 524//524 596//596 525//525
f 524//524 595//595 596//596
f 525//525 596//596 528//528
f 526//526 540//540 527//527
f 526//526 531//531 540//540
f 528//528 596//596 529//529
f 529//529 596//596 597//597
f 529//529 597//597 598//598
f 529//529 598//598 599//599
f 529//529 599//599 600//600
f 529//529 600//600 532//532
f 529//529 532//532 530//530
f 531//531 532//532 540//540
f 532//532 600//600 601//601
f 532//532 601//601 540//540
f 533//533 549//549 602//602
f 533//533 602//602 603//603
f 533//533 603//603 534//534
f 534//534 603//603 604//604
f 534//534 604//604 535//535
f 535//535 604//604 605//605
f 535//535 605//605 606//606
f 535//535 606//606 550//550
f 536//536 545//545 537//537
f 537//537 545//545 607//607
f 537//537 607//607 608//608
f 537//537 608//608 609//609
f 537//537 609//609 538//538
f 538//538 609//609 546//546
f 539//539 542//542 610//610
f 539//539 610//610 611//611
f 539//539 611//611 543//543
f 540//540 601//601 541//541
f 541//541 601//601 610//610
f 541//541 610//610 542//542
f 543//543 611//611 612//612
f 543//543 612//612 613//613
f 543//543 613//613 614//614
f 543//543 614//614 615//615
f 543//543 615//615 616//616
f 543//543 616//616 544//544
f 544//544 616//616 545//545
f 545//545 616//616 617//617
f 545//545 617//617 618//618
f 545//545 618//618 607//607
f 546//546 609//609 619//619
f 546//546 619//619 620//620
f 546//546 620//620 621//621
f 546//546 621//621 547//547
f 547//547 621//621 548//548
f 548//548 621//621 622//622
f 548//548 622//622 602//602
f 548//548 602//602 549//549
f 550//550 606//606 623//623
f 550//550 623//623 624//624
f 550//550 624//624 552//552
f 550//550 552//552 551//551
f 552//552 624//624 625//625
f 552//552 625//625 553//553
f 553//553 625//625 554//554
f 554//554 626//626 627//627
f 554//554 627//627 555//555
f 554//554 625//625 626//626
f 555//555 627//627 628//628
f 556//556 628//628 629//629
f 556//556 629//629 630//630
f 556//556 630//630 557//557
f 557//557 630//630 631//631
f 557//557 631//631 558//558
f 558//558 631//631 693//693
f 558//558 693//693 632//632
f 558//558 632//632 559//559
f 559//559 632//632 633//633
f 559//559 633//633 634//634
f 559//559 634//634 635//635
f 559//559 635//635 560//560
f 560//560 635//635 636//636
f 560//560 636//636 561//561
f 561//561 636//636 562//562
f 562//562 636//636 637//637
f 562//562 637//637 563//563
f 572//572 638//638 573//573
f 573//573 638//638 639//639
f 573//573 639//639 640//640
f 573//573 640//640 574//574
f 574//574 640//640 575//575
f 575//575 640//640 641//641
f 575//575 641//641 642//642
f 575//575 642//642 643//643
f 575//575 643//643 576//576
f 576//576 643//643 645//645
f 576//576 645//645 577//577
f 577//577 644//644 578//578
f 577//577 645//645 646//646
f 577//577 646//646 644//644
f 578//578 644//644 647//647
f 578//578 647//647 648//648
f 578//578 648//648 580//580
f 578//578 580//580 579//579
f 580//580 648//648 649//649
f 580//580 649//649 581//581
f 581//581 650//650 583//583
f 581//581 649//649 651//651
f 581//581 651//651 650//650
f 582//582 583//583 650//650
f 582//582 650//650 652//652
f 582//582 652//652 653//653
f 582//582 653//653 585//585
f 585//585 653//653 654//654
f 585//585 654//654 655//655
f 585//585 655//655 586//586
f 586//586 655//655 587//587
f 591//591 656//656 593//593
f 591//591 592//592 657//657
f 591//591 657//657 658//658
f 591//591 658//658 656//656
f 593//593 656//656 659//659
f 593//593 659//659 594//594
f 594//594 659//659 595//595
f 595//595 659//659 660//660
f 595//595 660//660 596//596
f 596//596 661//661 597//597
f 596//596 660//660 661//661
f 597//597 661//661 598//598
f 598//598 662//662 663//663
f 598//598 663//663 664//664
f 598//598 664//664 599//599
f 598//598 661//661 665//665
f 598//598 665//665 662//662
f 599//599 664//664 610//610
f 599//599 610//610 601//601
f 599//599 601//601 600//600
f 602//602 666//666 667//667
f 602//602 667//667 603//603
f 602//602 622//622 666//666
f 603//603 667//667 668//668
f 603//603 668//668 604//604
f 604//604 668//668 669//669
f 604//604 669//669 605//605
f 605//605 669//669 670//670
f 605//605 670//670 671//671
f 605//605 671//671 606//606
f 606//606 671//671 623//623
f 607//607 618//618 672//672
f 607//607 672//672 608//608
f 608//608 672//672 673//673
f 608//608 673//673 674//674
f 608//608 674//674 609//609
f 609//609 674//674 619//619
f 610//610 664//664 663//663
f 610//610 663//663 611//611
f 611//611 613//613 612//612
f 611//611 663//663 662//662
f 611//611 662//662 675//675
f 611//611 675//675 613//613
f 613//613 675//675 676//676
f 613//613 676//676 677//677
f 613//613 677//677 678//678
f 613//613 678//678 614//614
f 614//614 678//678 745//745
f 614//614 745//745 679//679
f 614//614 679//679 680//680
f 614//614 680//680 615//615
f 615//615 680//680 616//616
f 616//616 680//680 681//681
f 616//616 681//681 617//617
f 617//617 681//681 618//618
f 618//618 681//681 682//682
f 618//618 682//682 672//672
f 619//619 674//674 683//683
f 619//619 683//683 620//620
f 620//620 683//683 684//684
f 620//620 684//684 666//666
f 620//620 666//666 622//622
f 620//620 622//622 621//621
f 623//623 671//671 685//685
f 623//623 685//685 686//686
f 623//623 686//686 624//624
f 624//624 686//686 625//625
f 625//625 686//686 626//626
f 626//626 686//686 687//687
f 626//626 687//687 688//688
f 626//626 688//688 627//627
f 627//627 688//688 754//754
f 627//627 754//754 689//689
f 627//627 689//689 628//628
f 628//628 689//689 690//690
f 628//628 690//690 629//629
f 629//629 690//690 756//756
f 629//629 756//756 691//691
f 629//629 691//691 692//692
f 629//629 692//692 630//630
f 630//630 692//692 631//631
f 631//631 692//692 693//693
f 632//632 693//693 694//694
f 632//632 694//694 633//633
f 633//633 694//694 695//695
f 633//633 695//695 696//696
f 633//633 696//696 634//634
f 634//634 696//696 635//635
f 635//635 696//696 697//697
f 635//635 697//697 698//698
f 635//635 698//698 636//636
f 636//636 698//698 699//699
f 636//636 699//699 637//637
f 638//638 700//700 639//639
f 639//639 700//700 701//701
f 639//639 701//701 704//704
f 639//639 704//704 640//640
f 640//640 702//702 703//703
f 640//640 703//703 641//641
f 640//640 704//704 705//705
f 640//640 705//705 706//706
f 640//640 706//706 707//707
f 640//640 707//707 702//702
f 641//641 708//708 642//642
f 641//641 703//703 708//708
f 642//642 709//709 643//643
f 642//642 708//708 710//710
f 642//642 710//710 709//709
f 643//643 709//709 711//711
f 643//643 711//711 645//645
f 644//644 646//646 647//647
f 645//645 711//711 712//712
f 645//645 712//712 646//646
f 646//646 713//713 647//647
f 646//646 712//712 714//714
f 646//646 714//714 713//713
f 647//647 715//715 648//648
f 647//647 713//713 716//716
f 647//647 716//716 715//715
f 648//648 717//717 651//651
f 648//648 651//651 649//649
f 648//648 715//715 717//717
f 650//650 651//651 718//718
f 650//650 718//718 652//652
f 651//651 717//717 786//786
f 651//651 786//786 718//718
f 652//652 718//718 719//719
f 652//652 719//719 653//653
f 653//653 719//719 720//720
f 653//653 720//720 721//721
f 653//653 721//721 654//654
f 654//654 721//721 655//655
f 656//656 722//722 659//659
f 656//656 658//658 723//723
f 656//656 723//723 724//724
f 656//656 724//724 722//722
f 659//659 722//722 725//725
f 659//659 725//725 660//660
f 660//660 725//725 726//726
f 660//660 726//726 661//661
f 661//661 727//727 728//728
f 661//661 728//728 662//662
f 661//661 662//662 665//665
f 661//661 726//726 727//727
f 662//662 728//728 729//729
f 662//662 729//729 730//730
f 662//662 730//730 731//731
f 662//662 731//731 676//676
f 662//662 676//676 675//675
f 666//666 684//684 732//732
f 666//666 732//732 667//667
f 667//667 732//732 733//733
f 667//667 733//733 668//668
f 668//668 733//733 734//734
f 668//668 734//734 669//669
f 669//669 734//734 735//735
f 669//669 735//735 736//736
f 669//669 736//736 737//737
f 669//669 737//737 670//670
f 670//670 737//737 738//738
f 670//670 738//738 671//671
f 671//671 738//738 739//739
f 671//671 739//739 685//685
f 672//672 682//682 740//740
f 672//672 740//740 673//673
f 673//673 740//740 741//741
f 673//673 741//741 674//674
f 674//674 741//741 683//683
f 676//676 731//731 742//742
f 676//676 742//742 677//677
f 677//677 742//742 743//743
f 677//677 743//743 744//744
f 677//677 744//744 678//678
f 678//678 744//744 745//745
f 679//679 746//746 680//680
f 679//679 745//745 746//746
f 680//680 746//746 747//747
f 680//680 747//747 681//681
f 681//681 747//747 682//682
f 682//682 747//747 748//748
f 682//682 748//748 740//740
f 683//683 741//741 749//749
f 683//683 749//749 684//684
f 684//684 749//749 750//750
f 684//684 750//750 732//732
f 685//685 739//739 751//751
f 685//685 751//751 686//686
f 686//686 751//751 687//687
f 687//687 751//751 752//752
f 687//687 752//752 753//753
f 687//687 753//753 688//688
f 688//688 753//753 822//822
f 688//688 822//822 754//754
f 689//689 754//754 755//755
f 689//689 755//755 690//690
f 690//690 755//755 756//756
f 691//691 756//756 757//757
f 691//691 757//757 758//758
f 691//691 758//758 759//759
f 691//691 759//759 692//692
f 692//692 759//759 760//760
f 692//692 760//760 693//693
f 693//693 760//760 694//694
f 694//694 760//760 761//761
f 694//694 761//761 695//695
f 695//695 761//761 762//762
f 695//695 762//762 763//763
f 695//695 763//763 696//696
f 696//696 763//763 764//764
f 696//696 764//764 697//697
f 697//697 764//764 698//698
f 698//698 764//764 765//765
f 698//698 765//765 699//699
f 701//701 766//766 704//704
f 702//702 707//707 767//767
f 702//702 767//767 768//768
f 702//702 768//768 769//769
f 702//702 769//769 703//703
f 703//703 770//770 708//708
f 703//703 769//769 770//770
f 704//704 766//766 771//771
f 704//704 771//771 772//772
f 704//704 772//772 705//705
f 705//705 772//772 707//707
f 705//705 707//707 706//706
f 707//707 772//772 773//773
f 707//707 773//773 767//767
f 708//708 774//774 710//710
f 708//708 770//770 775//775
f 708//708 775//775 776//776
f 708//708 776//776 777//777
f 708//708 777//777 774//774
f 709//709 710//710 778//778
f 709//709 778//778 780//780
f 709//709 780//780 711//711
f 710//710 774//774 779//779
f 710//710 779//779 778//778
f 711//711 780//780 781//781
f 711//711 781//781 712//712
f 712//712 781//781 714//714
f 713//713 714//714 716//716
f 714//714 782//782 716//716
f 714//714 781//781 783//783
f 714//714 783//783 782//782
f 715//715 784//784 717//717
f 715//715 716//716 784//784
f 716//716 785//785 784//784
f 716//716 782//782 785//785
f 717//717 784//784 787//787
f 717//717 787//787 786//786
f 718//718 786//786 788//788
f 718//718 788//788 789//789
f 718//718 789//789 719//719
f 719//719 789//789 790//790
f 719//719 790//790 720//720
f 722//722 724//724 791//791
f 722//722 791//791 792//792
f 722//722 792//792 725//725
f 725//725 793//793 794//794
f 725//725 794//794 726//726
f 725//725 792//792 793//793
f 726//726 794//794 795//795
f 726//726 795//795 727//727
f 727//727 729//729 728//728
f 727//727 795//795 729//729
f 729//729 795//795 796//796
f 729//729 796//796 797//797
f 729//729 797//797 798//798
f 729//729 798//798 730//730
f 730//730 798//798 731//731
f 731//731 799//799 742//742
f 731//731 798//798 800//800
f 731//731 800//800 801//801
f 731//731 801//801 799//799
f 732//732 750//750 802//802
f 732//732 802//802 733//733
f 733//733 802//802 803//803
f 733//733 803//803 734//734
f 734//734 803//803 804//804
f 734//734 804//804 735//735
f 735//735 804//804 805//805
f 735//735 805//805 806//806
f 735//735 806//806 736//736
f 736//736 806//806 737//737
f 737//737 806//806 807//807
f 737//737 807//807 808//808
f 737//737 808//808 739//739
f 737//737 739//739 738//738
f 739//739 808//808 809//809
f 739//739 809//809 751//751
f 740//740 748//748 810//810
f 740//740 810//810 811//811
f 740//740 811//811 741//741
f 741//741 811//811 812//812
f 741//741 812//812 749//749
f 742//742 799//799 743//743
f 743//743 799//799 813//813
f 743//743 813//813 814//814
f 743//743 814//814 744//744
f 744//744 814//814 745//745
f 745//745 814//814 815//815
f 745//745 815//815 816//816
f 745//745 816//816 746//746
f 746//746 817//817 747//747
f 746//746 816//816 817//817
f 747//747 817//817 748//748
f 748//748 817//817 818//818
f 748//748 818//818 810//810
f 749//749 812//812 819//819
f 749//749 819//819 750//750
f 750//750 819//819 820//820
f 750//750 820//820 802//802
f 751//751 809//809 752//752
f 752//752 809//809 821//821
f 752//752 821//821 822//822
f 752//752 822//822 753//753
f 754//754 822//822 823//823
f 754//754 823//823 755//755
f 755//755 823//823 824//824
f 755//755 824//824 756//756
f 756//756 824//824 825//825
f 756//756 825//825 757//757
f 757//757 825//825 826//826
f 757//757 826//826 827//827
f 757//757 827//827 758//758
f 758//758 827//827 828//828
f 758//758 828//828 759//759
f 759//759 828//828 829//829
f 759//759 829//829 830//830
f 759//759 830//830 760//760
f 760//760 830//830 761//761
f 761//761 830//830 831//831
f 761//761 831//831 762//762
f 762//762 831//831 832//832
f 762//762 832//832 763//763
f 763//763 832//832 833//833
f 763//763 833//833 764//764
f 764//764 833//833 834//834
f 764//764 834//834 765//765
f 766//766 835//835 836//836
f 766//766 836//836 837//837
f 766//766 837//837 838//838
f 766//766 838//838 839//839
f 766//766 839//839 840//840
f 766//766 840//840 771//771
f 767//767 773//773 768//768
f 768//768 773//773 841//841
f 768//768 841//841 842//842
f 768//768 842//842 843//843
f 768//768 843//843 844//844
f 768//768 844//844 769//769
f 769//769 844//844 770//770
f 770//770 844//844 845//845
f 770//770 845//845 846//846
f 770//770 846//846 775//775
f 771//771 840//840 772//772
f 772//772 840//840 773//773
f 773//773 840//840 924//924
f 773//773 924//924 841//841
f 774//774 777//777 847//847
f 774//774 847//847 848//848
f 774//774 848//848 779//779
f 775//775 846//846 849//849
f 775//775 849//849 850//850
f 775//775 850//850 776//776
f 776//776 851//851 777//777
f 776//776 850//850 852//852
f 776//776 852//852 853//853
f 776//776 853//853 854//854
f 776//776 854//854 851//851
f 777//777 851//851 855//855
f 777//777 855//855 847//847
f 778//778 779//779 780//780
f 779//779 781//781 780//780
f 779//779 848//848 856//856
f 779//779 856//856 781//781
f 781//781 856//856 857//857
f 781//781 857//857 783//783
f 782//782 858//858 859//859
f 782//782 859//859 860//860
f 782//782 860//860 785//785
f 782//782 783//783 858//858
f 783//783 857//857 861//861
f 783//783 861//861 862//862
f 783//783 862//862 858//858
f 784//784 863//863 787//787
f 784//784 785//785 860//860
f 784//784 860//860 863//863
f 786//786 787//787 788//788
f 787//787 864//864 865//865
f 787//787 865//865 790//790
f 787//787 790//790 789//789
f 787//787 789//789 788//788
f 787//787 863//863 866//866
f 787//787 866//866 867//867
f 787//787 867//867 864//864
f 792//792 868//868 793//793
f 793//793 869//869 795//795
f 793//793 795//795 794//794
f 793//793 868//868 870//870
f 793//793 870//870 871//871
f 793//793 871//871 872//872
f 793//793 872//872 869//869
f 795//795 869//869 873//873
f 795//795 873//873 796//796
f 796//796 873//873 874//874
f 796//796 874//874 798//798
f 796//796 798//798 797//797
f 798//798 874//874 875//875
f 798//798 875//875 800//800
f 799//799 801//801 876//876
f 799//799 876//876 813//813
f 800//800 875//875 877//877
f 800//800 877//877 801//801
f 801//801 877//877 876//876
f 802//802 820//820 878//878
f 802//802 878//878 803//803
f 803//803 878//878 804//804
f 804//804 878//878 879//879
f 804//804 879//879 880//880
f 804//804 880//880 805//805
f 805//805 880//880 881//881
f 805//805 881//881 806//806
f 806//806 881//881 882//882
f 806//806 882//882 883//883
f 806//806 883//883 807//807
f 807//807 883//883 884//884
f 807//807 884//884 808//808
f 808//808 884//884 885//885
f 808//808 885//885 809//809
f 809//809 885//885 886//886
f 809//809 886//886 821//821
f 810//810 818//818 887//887
f 810//810 887//887 888//888
f 810//810 888//888 811//811
f 811//811 888//888 812//812
f 812//812 888//888 819//819
f 813//813 876//876 814//814
f 814//814 889//889 815//815
f 814//814 876//876 890//890
f 814//814 890//890 891//891
f 814//814 891//891 889//889
f 815//815 889//889 892//892
f 815//815 892//892 816//816
f 816//816 892//892 893//893
f 816//816 893//893 817//817
f 817//817 893//893 818//818
f 818//818 893//893 894//894
f 818//818 894//894 895//895
f 818//818 895//895 887//887
f 819//819 888//888 896//896
f 819//819 896//896 897//897
f 819//819 897//897 898//898
f 819//819 898//898 899//899
f 819//819 899//899 820//820
f 820//820 899//899 900//900
f 820//820 900//900 901//901
f 820//820 901//901 878//878
f 821//821 886//886 822//822
f 822//822 886//886 902//902
f 822//822 902//902 823//823
f 823//823 902//902 903//903
f 823//823 903//903 904//904
f 823//823 904//904 824//824
f 824//824 904//904 905//905
f 824//824 905//905 906//906
f 824//824 906//906 825//825
f 825//825 906//906 907//907
f 825//825 907//907 826//826
f 826//826 907//907 908//908
f 826//826 908//908 909//909
f 826//826 909//909 827//827
f 827//827 909//909 910//910
f 827//827 910//910 911//911
f 827//827 911//911 828//828
f 828//828 911//911 912//912
f 828//828 912//912 829//829
f 829//829 912//912 913//913
f 829//829 913//913 914//914
f 829//829 914//914 830//830
f 830//830 914//914 915//915
f 830//830 915//915 831//831
f 831//831 915//915 916//916
f 831//831 916//916 832//832
f 832//832 916//916 917//917
f 832//832 917//917 833//833
f 833//833 917//917 918//918
f 835//835 919//919 836//836
f 836//836 920//920 837//837
f 836//836 919//919 920//920
f 837//837 920//920 921//921
f 837//837 921//921 1005//1005
f 837//837 1005//1005 922//922
f 837//837 922//922 923//923
f 837//837 923//923 838//838
f 838//838 923//923 840//840
f 838//838 840//840 839//839
f 840//840 923//923 924//924
f 841//841 924//924 925//925
f 841//841 925//925 842//842
f 842//842 925//925 843//843
f 843//843 925//925 926//926
f 843//843 926//926 927//927
f 843//843 927//927 928//928
f 843//843 928//928 844//844
f 844//844 928//928 929//929
f 844//844 929//929 845//845
f 845//845 929//929 849//849
f 845//845 849//849 846//846
f 847//847 855//855 930//930
f 847//847 930//930 848//848
f 848//848 857//857 856//856
f 848//848 930//930 857//857
f 849//849 929//929 931//931
f 849//849 931//931 850//850
f 850//850 931//931 932//932
f 850//850 932//932 933//933
f 850//850 933//933 852//852
f 851//851 854//854 934//934
f 851//851 934//934 935//935
f 851//851 935//935 855//855
f 852//852 933//933 853//853
f 853//853 933//933 936//936
f 853//853 936//936 854//854
f 854//854 936//936 937//937
f 854//854 937//937 938//938
f 854//854 938//938 939//939
f 854//854 939//939 935//935
f 854//854 935//935 934//934
f 855//855 940//940 930//930
f 855//855 935//935 940//940
f 857//857 930//930 941//941
f 857//857 941//941 861//861
f 858//858 862//862 942//942
f 858//858 942//942 943//943
f 858//858 943//943 859//859
f 859//859 944//944 945//945
f 859//859 945//945 860//860
f 859//859 943//943 942//942
f 859//859 942//942 946//946
f 859//859 946//946 944//944
f 860//860 945//945 866//866
f 860//860 866//866 863//863
f 861//861 941//941 947//947
f 861//861 947//947 948//948
f 861//861 948//948 862//862
f 862//862 948//948 942//942
f 866//866 945//945 867//867
f 867//867 945//945 944//944
f 869//869 872//872 873//873
f 872//872 949//949 873//873
f 873//873 950//950 874//874
f 873//873 949//949 951//951
f 873//873 951//951 950//950
f 874//874 950//950 952//952
f 874//874 952//952 953//953
f 874//874 953//953 875//875
f 875//875 953//953 954//954
f 875//875 954//954 877//877
f 876//876 877//877 955//955
f 876//876 955//955 890//890
f 877//877 954//954 956//956
f 877//877 956//956 955//955
f 878//878 901//901 957//957
f 878//878 957//957 879//879
f 879//879 957//957 958//958
f 879//879 958//958 880//880
f 880//880 958//958 959//959
f 880//880 959//959 960//960
f 880//880 960//960 961//961
f 880//880 961//961 881//881
f 881//881 961//961 882//882
f 882//882 961//961 962//962
f 882//882 962//962 883//883
f 883//883 963//963 884//884
f 883//883 962//962 964//964
f 883//883 964//964 965//965
f 883//883 965//965 963//963
f 884//884 963//963 966//966
f 884//884 966//966 885//885
f 885//885 966//966 886//886
f 886//886 966//966 967//967
f 886//886 967//967 968//968
f 886//886 968//968 903//903
f 886//886 903//903 902//902
f 887//887 895//895 969//969
f 887//887 969//969 888//888
f 888//888 969//969 970//970
f 888//888 970//970 896//896
f 889//889 971//971 892//892
f 889//889 891//891 972//972
f 889//889 972//972 973//973
f 889//889 973//973 971//971
f 890//890 955//955 974//974
f 890//890 974//974 972//972
f 890//890 972//972 891//891
f 892//892 971//971 894//894
f 892//892 894//894 893//893
f 894//894 971//971 975//975
f 894//894 975//975 976//976
f 894//894 976//976 895//895
f 895//895 976//976 969//969
f 896//896 970//970 897//897
f 897//897 976//976 977//977
f 897//897 977//977 978//978
f 897//897 978//978 979//979
f 897//897 979//979 980//980
f 897//897 980//980 981//981
f 897//897 981//981 982//982
f 897//897 982//982 900//900
f 897//897 900//900 898//898
f 897//897 970//970 969//969
f 897//897 969//969 976//976
f 898//898 900//900 899//899
f 900//900 957//957 901//901
f 900//900 982//982 981//981
f 900//900 981//981 983//983
f 900//900 983//983 984//984
f 900//900 984//984 985//985
f 900//900 985//985 986//986
f 900//900 986//986 957//957
f 903//903 987//987 905//905
f 903//903 905//905 904//904
f 903//903 968//968 987//987
f 905//905 987//987 988//988
f 905//905 988//988 989//989
f 905//905 989//989 907//907
f 905//905 907//907 906//906
f 907//907 989//989 990//990
f 907//907 990//990 908//908
f 908//908 990//990 991//991
f 908//908 991//991 992//992
f 908//908 992//992 909//909
f 909//909 992//992 993//993
f 909//909 993//993 910//910
f 910//910 993//993 911//911
f 911//911 993//993 994//994
f 911//911 994//994 912//912
f 912//912 994//994 995//995
f 912//912 995//995 913//913
f 913//913 995//995 996//996
f 913//913 996//996 914//914
f 914//914 996//996 915//915
f 915//915 996//996 916//916
f 916//916 996//996 917//917
f 917//917 996//996 997//997
f 917//917 997//997 918//918
f 918//918 997//997 999//999
f 918//918 999//999 998//998
f 919//919 1000//1000 1001//1001
f 919//919 1001//1001 920//920
f 920//920 1001//1001 1002//1002
f 920//920 1002//1002 1003//1003
f 920//920 1003//1003 1004//1004
f 920//920 1004//1004 921//921
f 921//921 1004//1004 1006//1006
f 921//921 1006//1006 1007//1007
f 921//921 1007//1007 1005//1005
f 922//922 1005//1005 1008//1008
f 922//922 1008//1008 1009//1009
f 922//922 1009//1009 925//925
f 922//922 925//925 923//923
f 923//923 925//925 924//924
f 925//925 1009//1009 1010//1010
f 925//925 1010//1010 926//926
f 926//926 1010//1010 927//927
f 927//927 1011//1011 928//928
f 927//927 1010//1010 1012//1012
f 927//927 1012//1012 1013//1013
f 927//927 1013//1013 1011//1011
f 928//928 1011//1011 1014//1014
f 928//928 1014//1014 1015//1015
f 928//928 1015//1015 929//929
f 929//929 1015//1015 931//931
f 930//930 940//940 1016//1016
f 930//930 1016//1016 941//941
f 931//931 1015//1015 1017//1017
f 931//931 1017//1017 932//932
f 932//932 1017//1017 1018//1018
f 932//932 1018//1018 933//933
f 933//933 1019//1019 936//936
f 933//933 1018//1018 1020//1020
f 933//933 1020//1020 1019//1019
f 935//935 939//939 940//940
f 936//936 1019//1019 937//937
f 937//937 1021//1021 938//938
f 937//937 1019//1019 1022//1022
f 937//937 1022//1022 1021//1021
f 938//938 1023//1023 1024//1024
f 938//938 1024//1024 939//939
f 938//938 1021//1021 1023//1023
f 939//939 1024//1024 940//940
f 940//940 1025//1025 941//941
f 940//940 941//941 1016//1016
f 940//940 1024//1024 1025//1025
f 941//941 1026//1026 947//947
f 941//941 1025//1025 1027//1027
f 941//941 1027//1027 1026//1026
f 942//942 948//948 947//947
f 942//942 947//947 1028//1028
f 942//942 1028//1028 1029//1029
f 942//942 1029//1029 946//946
f 947//947 1026//1026 1028//1028
f 950//950 951//951 952//952
f 951//951 1030//1030 952//952
f 952//952 1031//1031 1032//1032
f 952//952 1032//1032 1033//1033
f 952//952 1033//1033 953//953
f 952//952 1030//1030 1034//1034
f 952//952 1034//1034 1031//1031
f 953//953 1033//1033 954//954
f 954//954 1033//1033 956//956
f 955//955 956//956 1035//1035
f 955//955 1035//1035 974//974
f 956//956 1033//1033 1036//1036
f 956//956 1036//1036 1035//1035
f 957//957 986//986 1037//1037
f 957//957 1037//1037 1038//1038
f 957//957 1038//1038 958//958
f 958//958 1038//1038 960//960
f 958//958 960//960 959//959
f 960//960 985//985 1039//1039
f 960//960 1039//1039 1040//1040
f 960//960 1040//1040 1041//1041
f 960//960 1041//1041 1042//1042
f 960//960 1042//1042 1043//1043
f 960//960 1043//1043 961//961
f 960//960 1038//1038 985//985
f 961//961 1043//1043 962//962
f 962//962 1043//1043 1042//1042
f 962//962 1042//1042 964//964
f 963//963 965//965 1044//1044
f 963//963 1044//1044 966//966
f 964//964 1042//1042 1045//1045
f 964//964 1045//1045 965//965
f 965//965 1045//1045 1046//1046
f 965//965 1046//1046 1047//1047
f 965//965 1047//1047 1048//1048
f 965//965 1048//1048 1044//1044
f 966//966 1044//1044 967//967
f 967//967 1044//1044 1049//1049
f 967//967 1049//1049 1050//1050
f 967//967 1050//1050 1051//1051
f 967//967 1051//1051 968//968
f 968//968 1051//1051 987//987
f 971//971 973//973 1052//1052
f 971//971 1052//1052 975//975
f 972//972 974//974 1053//1053
f 972//972 1053//1053 1054//1054
f 972//972 1054//1054 1055//1055
f 972//972 1055//1055 1052//1052
f 972//972 1052//1052 973//973
f 974//974 1035//1035 1053//1053
f 975//975 1052//1052 1056//1056
f 975//975 1056//1056 976//976
f 976//976 1056//1056 978//978
f 976//976 978//978 977//977
f 978//978 1056//1056 1057//1057
f 978//978 1057//1057 979//979
f 979//979 1057//1057 1058//1058
f 979//979 1058//1058 1059//1059
f 979//979 1059//1059 980//980
f 980//980 1059//1059 981//981
f 981//981 1059//1059 1060//1060
f 981//981 1060//1060 983//983
f 983//983 1060//1060 1061//1061
f 983//983 1061//1061 1062//1062
f 983//983 1062//1062 1063//1063
f 983//983 1063//1063 1064//1064
f 983//983 1064//1064 985//985
f 983//983 985//985 984//984
f 985//985 1064//1064 1063//1063
f 985//985 1063//1063 1065//1065
f 985//985 1065//1065 1040//1040
f 985//985 1040//1040 1039//1039
f 985//985 1038//1038 1037//1037
f 985//985 1037//1037 986//986
f 987//987 1051//1051 1066//1066
f 987//987 1066//1066 988//988
f 988//988 1066//1066 1067//1067
f 988//988 1067//1067 990//990
f 988//988 990//990 989//989
f 990//990 1067//1067 1068//1068
f 990//990 1068//1068 991//991
f 991//991 1068//1068 1069//1069
f 991//991 1069//1069 1070//1070
f 991//991 1070//1070 992//992
f 992//992 1070//1070 1071//1071
f 992//992 1071//1071 1072//1072
f 992//992 1072//1072 993//993
f 993//993 1072//1072 994//994
f 994//994 1072//1072 1073//1073
f 994//994 1073//1073 995//995
f 995//995 1073//1073 996//996
f 996//996 1073//1073 999//999
f 996//996 999//999 997//997
f 998//998 1074//1074 1075//1075
f 998//998 1075//1075 1076//1076
f 998//998 1076//1076 1077//1077
f 998//998 1077//1077 1078//1078
f 998//998 1078//1078 1079//1079
f 998//998 1079//1079 1080//1080
f 998//998 999//999 1081//1081
f 998//998 1081//1081 1074//1074
f 999//999 1073//1073 1082//1082
f 999//999 1082//1082 1083//1083
f 999//999 1083//1083 1084//1084
f 999//999 1084//1084 1081//1081
f 1000//1000 1085//1085 1086//1086
f 1000//1000 1086//1086 1001//1001
f 1001//1001 1086//1086 1002//1002
f 1002//1002 1086//1086 1087//1087
f 1002//1002 1087//1087 1088//1088
f 1002//1002 1088//1088 1003//1003
f 1003//1003 1088//1088 1089//1089
f 1003//1003 1089//1089 1004//1004
f 1004//1004 1089//1089 1090//1090
f 1004//1004 1090//1090 1006//1006
f 1005//1005 1091//1091 1008//1008
f 1005//1005 1007//1007 1091//1091
f 1006//1006 1090//1090 1007//1007
f 1007//1007 1090//1090 1092//1092
f 1007//1007 1092//1092 1093//1093
f 1007//1007 1093//1093 1094//1094
f 1007//1007 1094//1094 1091//1091
f 1008//1008 1091//1091 1094//1094
f 1008//1008 1094//1094 1188//1188
f 1008//1008 1188//1188 1095//1095
f 1008//1008 1095//1095 1009//1009
f 1009//1009 1095//1095 1010//1010
f 1010//1010 1095//1095 1096//1096
f 1010//1010 1096//1096 1012//1012
f 1011//1011 1013//1013 1097//1097
f 1011//1011 1097//1097 1014//1014
f 1012//1012 1096//1096 1098//1098
f 1012//1012 1098//1098 1099//1099
f 1012//1012 1099//1099 1013//1013
f 1013//1013 1099//1099 1100//1100
f 1013//1013 1100//1100 1097//1097
f 1014//1014 1101//1101 1017//1017
f 1014//1014 1017//1017 1015//1015
f 1014//1014 1097//1097 1102//1102
f 1014//1014 1102//1102 1103//1103
f 1014//1014 1103//1103 1101//1101
f 1017//1017 1101//1101 1104//1104
f 1017//1017 1104//1104 1018//1018
f 1018//1018 1104//1104 1020//1020
f 1019//1019 1020//1020 1105//1105
f 1019//1019 1105//1105 1022//1022
f 1020//1020 1104//1104 1106//1106
f 1020//1020 1106//1106 1105//1105
f 1021//1021 1022//1022 1107//1107
f 1021//1021 1107//1107 1108//1108
f 1021//1021 1108//1108 1023//1023
f 1022//1022 1105//1105 1109//1109
f 1022//1022 1109//1109 1110//1110
f 1022//1022 1110//1110 1111//1111
f 1022//1022 1111//1111 1112//1112
f 1022//1022 1112//1112 1113//1113
f 1022//1022 1113//1113 1107//1107
f 1023//1023 1108//1108 1114//1114
f 1023//1023 1114//1114 1115//1115
f 1023//1023 1115//1115 1027//1027
f 1023//1023 1027//1027 1025//1025
f 1023//1023 1025//1025 1024//1024
f 1026//1026 1027//1027 1114//1114
f 1026//1026 1114//1114 1028//1028
f 1027//1027 1115//1115 1114//1114
f 1031//1031 1116//1116 1117//1117
f 1031//1031 1117//1117 1033//1033
f 1031//1031 1033//1033 1032//1032
f 1031//1031 1034//1034 1118//1118
f 1031//1031 1118//1118 1116//1116
f 1033//1033 1117//1117 1036//1036
f 1035//1035 1036//1036 1119//1119
f 1035//1035 1119//1119 1053//1053
f 1036//1036 1117//1117 1120//1120
f 1036//1036 1120//1120 1119//1119
f 1040//1040 1065//1065 1121//1121
f 1040//1040 1121//1121 1122//1122
f 1040//1040 1122//1122 1123//1123
f 1040//1040 1123//1123 1041//1041
f 1041//1041 1123//1123 1042//1042
f 1042//1042 1123//1123 1124//1124
f 1042//1042 1124//1124 1045//1045
f 1044//1044 1048//1048 1049//1049
f 1045//1045 1124//1124 1046//1046
f 1046//1046 1125//1125 1126//1126
f 1046//1046 1126//1126 1127//1127
f 1046//1046 1127//1127 1047//1047
f 1046//1046 1124//1124 1123//1123
f 1046//1046 1123//1123 1128//1128
f 1046//1046 1128//1128 1125//1125
f 1047//1047 1127//1127 1129//1129
f 1047//1047 1129//1129 1130//1130
f 1047//1047 1130//1130 1048//1048
f 1048//1048 1130//1130 1131//1131
f 1048//1048 1131//1131 1049//1049
f 1049//1049 1131//1131 1050//1050
f 1050//1050 1131//1131 1132//1132
f 1050//1050 1132//1132 1051//1051
f 1051//1051 1132//1132 1066//1066
f 1052//1052 1055//1055 1133//1133
f 1052//1052 1133//1133 1056//1056
f 1053//1053 1119//1119 1134//1134
f 1053//1053 1134//1134 1135//1135
f 1053//1053 1135//1135 1136//1136
f 1053//1053 1136//1136 1054//1054
f 1054//1054 1136//1136 1137//1137
f 1054//1054 1137//1137 1055//1055
f 1055//1055 1137//1137 1133//1133
f 1056//1056 1133//1133 1138//1138
f 1056//1056 1138//1138 1139//1139
f 1056//1056 1139//1139 1057//1057
f 1057//1057 1139//1139 1140//1140
f 1057//1057 1140//1140 1141//1141
f 1057//1057 1141//1141 1142//1142
f 1057//1057 1142//1142 1058//1058
f 1058//1058 1142//1142 1143//1143
f 1058//1058 1143//1143 1059//1059
f 1059//1059 1143//1143 1061//1061
f 1059//1059 1061//1061 1060//1060
f 1061//1061 1143//1143 1144//1144
f 1061//1061 1144//1144 1145//1145
f 1061//1061 1145//1145 1146//1146
f 1061//1061 1146//1146 1062//1062
f 1062//1062 1146//1146 1063//1063
f 1063//1063 1146//1146 1147//1147
f 1063//1063 1147//1147 1121//1121
f 1063//1063 1121//1121 1065//1065
f 1066//1066 1132//1132 1067//1067
f 1067//1067 1132//1132 1148//1148
f 1067//1067 1148//1148 1068//1068
f 1068//1068 1149//1149 1150//1150
f 1068//1068 1150//1150 1069//1069
f 1068//1068 1148//1148 1149//1149
f 1069//1069 1150//1150 1151//1151
f 1069//1069 1151//1151 1152//1152
f 1069//1069 1152//1152 1070//1070
f 1070//1070 1152//1152 1153//1153
f 1070//1070 1153//1153 1071//1071
f 1071//1071 1153//1153 1072//1072
f 1072//1072 1153//1153 1154//1154
f 1072//1072 1154//1154 1155//1155
f 1072//1072 1155//1155 1073//1073
f 1073//1073 1155//1155 1156//1156
f 1073//1073 1156//1156 1082//1082
f 1074//1074 1081//1081 1075//1075
f 1075//1075 1157//1157 1158//1158
f 1075//1075 1158//1158 1076//1076
f 1075//1075 1081//1081 1157//1157
f 1076//1076 1158//1158 1159//1159
f 1076//1076 1159//1159 1077//1077
f 1077//1077 1159//1159 1160//1160
f 1077//1077 1160//1160 1078//1078
f 1078//1078 1160//1160 1161//1161
f 1078//1078 1161//1161 1162//1162
f 1078//1078 1162//1162 1163//1163
f 1078//1078 1163//1163 1164//1164
f 1078//1078 1164//1164 1079//1079
f 1079//1079 1164//1164 1165//1165
f 1079//1079 1165//1165 1166//1166
f 1079//1079 1166//1166 1167//1167
f 1079//1079 1167//1167 1168//1168
f 1079//1079 1168//1168 1169//1169
f 1079//1079 1169//1169 1080//1080
f 1080//1080 1169//1169 1170//1170
f 1081//1081 1084//1084 1157//1157
f 1082//1082 1156//1156 1155//1155
f 1082//1082 1155//1155 1083//1083
f 1083//1083 1157//1157 1084//1084
f 1083//1083 1155//1155 1171//1171
f 1083//1083 1171//1171 1172//1172
f 1083//1083 1172//1172 1173//1173
f 1083//1083 1173//1173 1157//1157
f 1085//1085 1174//1174 1175//1175
f 1085//1085 1175//1175 1176//1176
f 1085//1085 1176//1176 1177//1177
f 1085//1085 1177//1177 1086//1086
f 1086//1086 1177//1177 1178//1178
f 1086//1086 1178//1178 1087//1087
f 1087//1087 1178//1178 1179//1179
f 1087//1087 1179//1179 1180//1180
f 1087//1087 1180//1180 1181//1181
f 1087//1087 1181//1181 1182//1182
f 1087//1087 1182//1182 1088//1088
f 1088//1088 1182//1182 1089//1089
f 1089//1089 1182//1182 1183//1183
f 1089//1089 1183//1183 1090//1090
f 1090//1090 1183//1183 1184//1184
f 1090//1090 1184//1184 1092//1092
f 1092//1092 1184//1184 1185//1185
f 1092//1092 1185//1185 1186//1186
f 1092//1092 1186//1186 1093//1093
f 1093//1093 1186//1186 1187//1187
f 1093//1093 1187//1187 1094//1094
f 1094//1094 1187//1187 1188//1188
f 1095//1095 1188//1188 1189//1189
f 1095//1095 1189//1189 1096//1096
f 1096//1096 1189//1189 1190//1190
f 1096//1096 1190//1190 1191//1191
f 1096//1096 1191//1191 1098//1098
f 1097//1097 1100//1100 1192//1192
f 1097//1097 1192//1192 1193//1193
f 1097//1097 1193//1193 1102//1102
f 1098//1098 1191//1191 1194//1194
f 1098//1098 1194//1194 1195//1195
f 1098//1098 1195//1195 1099//1099
f 1099//1099 1195//1195 1100//1100
f 1100//1100 1195//1195 1196//1196
f 1100//1100 1196//1196 1197//1197
f 1100//1100 1197//1197 1192//1192
f 1101//1101 1103//1103 1104//1104
f 1102//1102 1193//1193 1103//1103
f 1103//1103 1193//1193 1198//1198
f 1103//1103 1198//1198 1199//1199
f 1103//1103 1199//1199 1200//1200
f 1103//1103 1200//1200 1104//1104
f 1104//1104 1200//1200 1201//1201
f 1104//1104 1201//1201 1106//1106
f 1105//1105 1106//1106 1202//1202
f 1105//1105 1202//1202 1109//1109
f 1106//1106 1201//1201 1202//1202
f 1107//1107 1203//1203 1108//1108
f 1107//1107 1113//1113 1112//1112
f 1107//1107 1112//1112 1203//1203
f 1108//1108 1204//1204 1114//1114
f 1108//1108 1203//1203 1204//1204
f 1109//1109 1202//1202 1205//1205
f 1109//1109 1205//1205 1206//1206
f 1109//1109 1206//1206 1110//1110
f 1110//1110 1206//1206 1111//1111
f 1111//1111 1206//1206 1207//1207
f 1111//1111 1207//1207 1204//1204
f 1111//1111 1204//1204 1112//1112
f 1112//1112 1204//1204 1203//1203
f 1116//1116 1208//1208 1120//1120
f 1116//1116 1120//1120 1117//1117
f 1116//1116 1118//1118 1208//1208
f 1118//1118 1209//1209 1134//1134
f 1118//1118 1134//1134 1208//1208
f 1119//1119 1120//1120 1134//1134
f 1120//1120 1208//1208 1134//1134
f 1121//1121 1147//1147 1210//1210
f 1121//1121 1210//1210 1211//1211
f 1121//1121 1211//1211 1212//1212
f 1121//1121 1212//1212 1122//1122
f 1122//1122 1212//1212 1123//1123
f 1123//1123 1212//1212 1128//1128
f 1125//1125 1213//1213 1126//1126
f 1125//1125 1128//1128 1212//1212
f 1125//1125 1212//1212 1213//1213
f 1126//1126 1213//1213 1214//1214
f 1126//1126 1214//1214 1215//1215
f 1126//1126 1215//1215 1216//1216
f 1126//1126 1216//1216 1217//1217
f 1126//1126 1217//1217 1127//1127
f 1127//1127 1217//1217 1218//1218
f 1127//1127 1218//1218 1129//1129
f 1129//1129 1218//1218 1130//1130
f 1130//1130 1218//1218 1219//1219
f 1130//1130 1219//1219 1131//1131
f 1131//1131 1219//1219 1220//1220
f 1131//1131 1220//1220 1148//1148
f 1131//1131 1148//1148 1132//1132
f 1133//1133 1137//1137 1138//1138
f 1134//1134 1209//1209 1135//1135
f 1135//1135 1221//1221 1222//1222
f 1135//1135 1222//1222 1223//1223
f 1135//1135 1223//1223 1224//1224
f 1135//1135 1224//1224 1136//1136
f 1135//1135 1209//1209 1221//1221
f 1136//1136 1224//1224 1225//1225
f 1136//1136 1225//1225 1137//1137
f 1137//1137 1225//1225 1138//1138
f 1138//1138 1225//1225 1226//1226
f 1138//1138 1226//1226 1140//1140
f 1138//1138 1140//1140 1139//1139
f 1140//1140 1227//1227 1141//1141
f 1140//1140 1226//1226 1228//1228
f 1140//1140 1228//1228 1229//1229
f 1140//1140 1229//1229 1227//1227
f 1141//1141 1227//1227 1142//1142
f 1142//1142 1227//1227 1230//1230
f 1142//1142 1230//1230 1144//1144
f 1142//1142 1144//1144 1143//1143
f 1144//1144 1230//1230 1231//1231
f 1144//1144 1231//1231 1232//1232
f 1144//1144 1232//1232 1233//1233
f 1144//1144 1233//1233 1145//1145
f 1145//1145 1233//1233 1146//1146
f 1146//1146 1233//1233 1234//1234
f 1146//1146 1234//1234 1210//1210
f 1146//1146 1210//1210 1147//1147
f 1148//1148 1220//1220 1149//1149
f 1149//1149 1220//1220 1219//1219
f 1149//1149 1219//1219 1235//1235
f 1149//1149 1235//1235 1150//1150
f 1150//1150 1235//1235 1236//1236
f 1150//1150 1236//1236 1237//1237
f 1150//1150 1237//1237 1238//1238
f 1150//1150 1238//1238 1151//1151
f 1151//1151 1238//1238 1239//1239
f 1151//1151 1239//1239 1240//1240
f 1151//1151 1240//1240 1152//1152
f 1152//1152 1240//1240 1241//1241
f 1152//1152 1241//1241 1153//1153
f 1153//1153 1241//1241 1172//1172
f 1153//1153 1172//1172 1154//1154
f 1154//1154 1172//1172 1171//1171
f 1154//1154 1171//1171 1155//1155
f 1157//1157 1242//1242 1158//1158
f 1157//1157 1173//1173 1242//1242
f 1158//1158 1242//1242 1243//1243
f 1158//1158 1243//1243 1159//1159
f 1159//1159 1243//1243 1244//1244
f 1159//1159 1244//1244 1162//1162
f 1159//1159 1162//1162 1245//1245
f 1159//1159 1245//1245 1161//1161
f 1159//1159 1161//1161 1160//1160
f 1161//1161 1245//1245 1162//1162
f 1162//1162 1244//1244 1246//1246
f 1162//1162 1246//1246 1163//1163
f 1163//1163 1247//1247 1248//1248
f 1163//1163 1248//1248 1164//1164
f 1163//1163 1246//1246 1249//1249
f 1163//1163 1249//1249 1250//1250
f 1163//1163 1250//1250 1247//1247
f 1164//1164 1251//1251 1165//1165
f 1164//1164 1248//1248 1251//1251
f 1165//1165 1252//1252 1253//1253
f 1165//1165 1253//1253 1166//1166
f 1165//1165 1251//1251 1252//1252
f 1166//1166 1253//1253 1254//1254
f 1166//1166 1254//1254 1167//1167
f 1167//1167 1254//1254 1255//1255
f 1167//1167 1255//1255 1256//1256
f 1167//1167 1256//1256 1257//1257
f 1167//1167 1257//1257 1258//1258
f 1167//1167 1258//1258 1259//1259
f 1167//1167 1259//1259 1260//1260
f 1167//1167 1260//1260 1261//1261
f 1167//1167 1261//1261 1169//1169
f 1167//1167 1169//1169 1168//1168
f 1169//1169 1261//1261 1262//1262
f 1169//1169 1262//1262 1170//1170
f 1172//1172 1241//1241 1173//1173
f 1173//1173 1241//1241 1263//1263
f 1173//1173 1263//1263 1242//1242
f 1174//1174 1264//1264 1175//1175
f 1175//1175 1265//1265 1266//1266
f 1175//1175 1266//1266 1179//1179
f 1175//1175 1179//1179 1176//1176
f 1175//1175 1264//1264 1265//1265
f 1176//1176 1179//1179 1178//1178
f 1176//1176 1178//1178 1177//1177
f 1179//1179 1266//1266 1267//1267
f 1179//1179 1267//1267 1268//1268
f 1179//1179 1268//1268 1180//1180
f 1180//1180 1268//1268 1269//1269
f 1180//1180 1269//1269 1181//1181
f 1181//1181 1269//1269 1182//1182
f 1182//1182 1269//1269 1270//1270
f 1182//1182 1270//1270 1183//1183
f 1183//1183 1270//1270 1271//1271
f 1183//1183 1271//1271 1184//1184
f 1184//1184 1271//1271 1272//1272
f 1184//1184 1272//1272 1185//1185
f 1185//1185 1272//1272 1273//1273
f 1185//1185 1273//1273 1274//1274
f 1185//1185 1274//1274 1186//1186
f 1186//1186 1274//1274 1187//1187
f 1187//1187 1274//1274 1275//1275
f 1187//1187 1275//1275 1188//1188
f 1188//1188 1275//1275 1276//1276
f 1188//1188 1276//1276 1189//1189
f 1189//1189 1276//1276 1277//1277
f 1189//1189 1277//1277 1190//1190
f 1190//1190 1277//1277 1278//1278
f 1190//1190 1278//1278 1279//1279
f 1190//1190 1279//1279 1191//1191
f 1191//1191 1279//1279 1280//1280
f 1191//1191 1280//1280 1194//1194
f 1192//1192 1197//1197 1193//1193
f 1193//1193 1197//1197 1281//1281
f 1193//1193 1281//1281 1198//1198
f 1194//1194 1280//1280 1282//1282
f 1194//1194 1282//1282 1195//1195
f 1195//1195 1282//1282 1283//1283
f 1195//1195 1283//1283 1284//1284
f 1195//1195 1284//1284 1196//1196
f 1196//1196 1284//1284 1197//1197
f 1197//1197 1284//1284 1285//1285
f 1197//1197 1285//1285 1286//1286
f 1197//1197 1286//1286 1281//1281
f 1198//1198 1281//1281 1287//1287
f 1198//1198 1287//1287 1199//1199
f 1199//1199 1287//1287 1288//1288
f 1199//1199 1288//1288 1289//1289
f 1199//1199 1289//1289 1201//1201
f 1199//1199 1201//1201 1200//1200
f 1201//1201 1290//1290 1202//1202
f 1201//1201 1289//1289 1291//1291
f 1201//1201 1291//1291 1292//1292
f 1201//1201 1292//1292 1290//1290
f 1202//1202 1293//1293 1205//1205
f 1202//1202 1290//1290 1294//1294
f 1202//1202 1294//1294 1293//1293
f 1205//1205 1293//1293 1206//1206
f 1206//1206 1293//1293 1207//1207
f 1207//1207 1293//1293 1295//1295
f 1209//1209 1296//1296 1297//1297
f 1209//1209 1297//1297 1222//1222
f 1209//1209 1222//1222 1221//1221
f 1210//1210 1234//1234 1233//1233
f 1210//1210 1233//1233 1298//1298
f 1210//1210 1298//1298 1299//1299
f 1210//1210 1299//1299 1300//1300
f 1210//1210 1300//1300 1301//1301
f 1210//1210 1301//1301 1211//1211
f 1211//1211 1301//1301 1212//1212
f 1212//1212 1301//1301 1300//1300
f 1212//1212 1300//1300 1213//1213
f 1213//1213 1300//1300 1214//1214
f 1214//1214 1300//1300 1302//1302
f 1214//1214 1302//1302 1303//1303
f 1214//1214 1303//1303 1215//1215
f 1215//1215 1303//1303 1304//1304
f 1215//1215 1304//1304 1305//1305
f 1215//1215 1305//1305 1306//1306
f 1215//1215 1306//1306 1307//1307
f 1215//1215 1307//1307 1216//1216
f 1216//1216 1307//1307 1308//1308
f 1216//1216 1308//1308 1217//1217
f 1217//1217 1308//1308 1218//1218
f 1218//1218 1308//1308 1309//1309
f 1218//1218 1309//1309 1219//1219
f 1219//1219 1309//1309 1235//1235
f 1222//1222 1297//1297 1310//1310
f 1222//1222 1310//1310 1223//1223
f 1223//1223 1310//1310 1311//1311
f 1223//1223 1311//1311 1312//1312
f 1223//1223 1312//1312 1224//1224
f 1224//1224 1312//1312 1225//1225
f 1225//1225 1312//1312 1226//1226
f 1226//1226 1312//1312 1228//1228
f 1227//1227 1229//1229 1313//1313
f 1227//1227 1313//1313 1230//1230
f 1228//1228 1313//1313 1229//1229
f 1228//1228 1312//1312 1311//1311
f 1228//1228 1311//1311 1314//1314
f 1228//1228 1314//1314 1315//1315
f 1228//1228 1315//1315 1316//1316
f 1228//1228 1316//1316 1317//1317
f 1228//1228 1317//1317 1313//1313
f 1230//1230 1313//1313 1231//1231
f 1231//1231 1318//1318 1319//1319
f 1231//1231 1319//1319 1320//1320
f 1231//1231 1320//1320 1321//1321
f 1231//1231 1321//1321 1322//1322
f 1231//1231 1322//1322 1233//1233
f 1231//1231 1233//1233 1232//1232
f 1231//1231 1313//1313 1318//1318
f 1233//1233 1322//1322 1321//1321
f 1233//1233 1321//1321 1323//1323
f 1233//1233 1323//1323 1298//1298
f 1235//1235 1309//1309 1236//1236
f 1236//1236 1324//1324 1237//1237
f 1236//1236 1309//1309 1324//1324
f 1237//1237 1324//1324 1306//1306
f 1237//1237 1306//1306 1325//1325
f 1237//1237 1325//1325 1326//1326
f 1237//1237 1326//1326 1327//1327
f 1237//1237 1327//1327 1238//1238
f 1238//1238 1327//1327 1239//1239
f 1239//1239 1327//1327 1328//1328
f 1239//1239 1328//1328 1240//1240
f 1240//1240 1328//1328 1263//1263
f 1240//1240 1263//1263 1241//1241
f 1242//1242 1329//1329 1243//1243
f 1242//1242 1263//1263 1329//1329
f 1243//1243 1330//1330 1244//1244
f 1243//1243 1329//1329 1330//1330
f 1244//1244 1330//1330 1246//1246
f 1246//1246 1330//1330 1331//1331
f 1246//1246 1331//1331 1332//1332
f 1246//1246 1332//1332 1249//1249
f 1247//1247 1250//1250 1333//1333
f 1247//1247 1333//1333 1248//1248
f 1248//1248 1333//1333 1334//1334
f 1248//1248 1334//1334 1335//1335
f 1248//1248 1335//1335 1336//1336
f 1248//1248 1336//1336 1251//1251
f 1249//1249 1332//1332 1333//1333
f 1249//1249 1333//1333 1250//1250
f 1251//1251 1336//1336 1337//1337
f 1251//1251 1337//1337 1338//1338
f 1251//1251 1338//1338 1252//1252
f 1252//1252 1338//1338 1339//1339
f 1252//1252 1339//1339 1340//1340
f 1252//1252 1340//1340 1253//1253
f 1253//1253 1340//1340 1341//1341
f 1253//1253 1341//1341 1254//1254
f 1254//1254 1341//1341 1342//1342
f 1254//1254 1342//1342 1255//1255
f 1255//1255 1342//1342 1343//1343
f 1255//1255 1343//1343 1344//1344
f 1255//1255 1344//1344 1345//1345
f 1255//1255 1345//1345 1256//1256
f 1256//1256 1345//1345 1346//1346
f 1256//1256 1346//1346 1347//1347
f 1256//1256 1347//1347 1348//1348
f 1256//1256 1348//1348 1349//1349
f 1256//1256 1349//1349 1350//1350
f 1256//1256 1350//1350 1351//1351
f 1256//1256 1351//1351 1352//1352
f 1256//1256 1352//1352 1353//1353
f 1256//1256 1353//1353 1257//1257
f 1263//1263 1328//1328 1329//1329
f 1264//1264 1354//1354 1265//1265
f 1265//1265 1355//1355 1266//1266
f 1265//1265 1354//1354 1355//1355
f 1266//1266 1355//1355 1356//1356
f 1266//1266 1356//1356 1357//1357
f 1266//1266 1357//1357 1358//1358
f 1266//1266 1358//1358 1267//1267
f 1267//1267 1358//1358 1359//1359
f 1267//1267 1359//1359 1268//1268
f 1268//1268 1359//1359 1360//1360
f 1268//1268 1360//1360 1269//1269
f 1269//1269 1360//1360 1361//1361
f 1269//1269 1361//1361 1270//1270
f 1270//1270 1361//1361 1362//1362
f 1270//1270 1362//1362 1271//1271
f 1271//1271 1362//1362 1363//1363
f 1271//1271 1363//1363 1272//1272
f 1272//1272 1364//1364 1273//1273
f 1272//1272 1363//1363 1365//1365
f 1272//1272 1365//1365 1364//1364
f 1273//1273 1364//1364 1366//1366
f 1273//1273 1366//1366 1367//1367
f 1273//1273 1367//1367 1274//1274
f 1274//1274 1367//1367 1275//1275
f 1275//1275 1367//1367 1276//1276
f 1276//1276 1367//1367 1368//1368
f 1276//1276 1368//1368 1277//1277
f 1277//1277 1368//1368 1369//1369
f 1277//1277 1369//1369 1278//1278
f 1278//1278 1369//1369 1370//1370
f 1278//1278 1370//1370 1279//1279
f 1279//1279 1370//1370 1371//1371
f 1279//1279 1371//1371 1280//1280
f 1280//1280 1371//1371 1372//1372
f 1280//1280 1372//1372 1282//1282
f 1281//1281 1286//1286 1287//1287
f 1282//1282 1372//1372 1373//1373
f 1282//1282 1373//1373 1374//1374
f 1282//1282 1374//1374 1283//1283
f 1283//1283 1374//1374 1284//1284
f 1284//1284 1374//1374 1375//1375
f 1284//1284 1375//1375 1376//1376
f 1284//1284 1376//1376 1285//1285
f 1285//1285 1376//1376 1286//1286
f 1286//1286 1377//1377 1287//1287
f 1286//1286 1376//1376 1378//1378
f 1286//1286 1378//1378 1377//1377
f 1287//1287 1377//1377 1288//1288
f 1288//1288 1377//1377 1379//1379
f 1288//1288 1379//1379 1380//1380
f 1288//1288 1380//1380 1381//1381
f 1288//1288 1381//1381 1289//1289
f 1289//1289 1381//1381 1382//1382
f 1289//1289 1382//1382 1291//1291
f 1290//1290 1292//1292 1294//1294
f 1291//1291 1382//1382 1292//1292
f 1292//1292 1382//1382 1383//1383
f 1292//1292 1383//1383 1384//1384
f 1292//1292 1384//1384 1385//1385
f 1292//1292 1385//1385 1293//1293
f 1292//1292 1293//1293 1294//1294
f 1293//1293 1385//1385 1386//1386
f 1293//1293 1386//1386 1295//1295
f 1296//1296 1387//1387 1310//1310
f 1296//1296 1310//1310 1297//1297
f 1298//1298 1323//1323 1388//1388
f 1298//1298 1388//1388 1389//1389
f 1298//1298 1389//1389 1390//1390
f 1298//1298 1390//1390 1299//1299
f 1299//1299 1390//1390 1300//1300
f 1300//1300 1390//1390 1391//1391
f 1300//1300 1391//1391 1302//1302
f 1302//1302 1391//1391 1303//1303
f 1303//1303 1391//1391 1392//1392
f 1303//1303 1392//1392 1393//1393
f 1303//1303 1393//1393 1304//1304
f 1304//1304 1393//1393 1394//1394
f 1304//1304 1394//1394 1395//1395
f 1304//1304 1395//1395 1396//1396
f 1304//1304 1396//1396 1305//1305
f 1305//1305 1396//1396 1306//1306
f 1306//1306 1324//1324 1308//1308
f 1306//1306 1308//1308 1307//1307
f 1306//1306 1396//1396 1397//1397
f 1306//1306 1397//1397 1325//1325
f 1308//1308 1324//1324 1309//1309
f 1310//1310 1314//1314 1311//1311
f 1310//1310 1387//1387 1314//1314
f 1313//1313 1317//1317 1318//1318
f 1314//1314 1398//1398 1399//1399
f 1314//1314 1399//1399 1400//1400
f 1314//1314 1400//1400 1401//1401
f 1314//1314 1401//1401 1402//1402
f 1314//1314 1402//1402 1316//1316
f 1314//1314 1316//1316 1315//1315
f 1314//1314 1387//1387 1398//1398
f 1316//1316 1402//1402 1403//1403
f 1316//1316 1403//1403 1319//1319
f 1316//1316 1319//1319 1318//1318
f 1316//1316 1318//1318 1317//1317
f 1319//1319 1321//1321 1320//1320
f 1319//1319 1403//1403 1404//1404
f 1319//1319 1404//1404 1405//1405
f 1319//1319 1405//1405 1406//1406
f 1319//1319 1406//1406 1407//1407
f 1319//1319 1407//1407 1321//1321
f 1321//1321 1407//1407 1406//1406
f 1321//1321 1406//1406 1408//1408
f 1321//1321 1408//1408 1409//1409
f 1321//1321 1409//1409 1388//1388
f 1321//1321 1388//1388 1323//1323
f 1325//1325 1397//1397 1326//1326
f 1326//1326 1397//1397 1410//1410
f 1326//1326 1410//1410 1411//1411
f 1326//1326 1411//1411 1412//1412
f 1326//1326 1412//1412 1327//1327
f 1327//1327 1412//1412 1413//1413
f 1327//1327 1413//1413 1328//1328
f 1328//1328 1413//1413 1414//1414
f 1328//1328 1414//1414 1329//1329
f 1329//1329 1414//1414 1330//1330
f 1330//1330 1414//1414 1331//1331
f 1331//1331 1414//1414 1415//1415
f 1331//1331 1415//1415 1332//1332
f 1332//1332 1415//1415 1416//1416
f 1332//1332 1416//1416 1333//1333
f 1333//1333 1416//1416 1417//1417
f 1333//1333 1417//1417 1334//1334
f 1334//1334 1417//1417 1418//1418
f 1334//1334 1418//1418 1419//1419
f 1334//1334 1419//1419 1335//1335
f 1335//1335 1420//1420 1421//1421
f 1335//1335 1421//1421 1336//1336
f 1335//1335 1419//1419 1422//1422
f 1335//1335 1422//1422 1420//1420
f 1336//1336 1423//1423 1337//1337
f 1336//1336 1421//1421 1424//1424
f 1336//1336 1424//1424 1425//1425
f 1336//1336 1425//1425 1423//1423
f 1337//1337 1423//1423 1426//1426
f 1337//1337 1426//1426 1427//1427
f 1337//1337 1427//1427 1428//1428
f 1337//1337 1428//1428 1338//1338
f 1338//1338 1428//1428 1339//1339
f 1339//1339 1428//1428 1429//1429
f 1339//1339 1429//1429 1430//1430
f 1339//1339 1430//1430 1340//1340
f 1340//1340 1430//1430 1431//1431
f 1340//1340 1431//1431 1432//1432
f 1340//1340 1432//1432 1433//1433
f 1340//1340 1433//1433 1341//1341
f 1341//1341 1433//1433 1434//1434
f 1341//1341 1434//1434 1435//1435
f 1341//1341 1435//1435 1342//1342
f 1342//1342 1435//1435 1436//1436
f 1342//1342 1436//1436 1343//1343
f 1343//1343 1436//1436 1437//1437
f 1343//1343 1437//1437 1344//1344
f 1344//1344 1437//1437 1438//1438
f 1344//1344 1438//1438 1345//1345
f 1345//1345 1438//1438 1439//1439
f 1345//1345 1439//1439 1440//1440
f 1345//1345 1440//1440 1441//1441
f 1345//1345 1441//1441 1442//1442
f 1345//1345 1442//1442 1443//1443
f 1345//1345 1443//1443 1444//1444
f 1345//1345 1444//1444 1445//1445
f 1345//1345 1445//1445 1446//1446
f 1345//1345 1446//1446 1447//1447
f 1345//1345 1447//1447 1448//1448
f 1345//1345 1448//1448 1449//1449
f 1345//1345 1449//1449 1346//1346
f 1354//1354 1450//1450 1356//1356
f 1354//1354 1356//1356 1355//1355
f 1356//1356 1451//1451 1452//1452
f 1356//1356 1452//1452 1453//1453
f 1356//1356 1453//1453 1454//1454
f 1356//1356 1454//1454 1455//1455
f 1356//1356 1455//1455 1357//1357
f 1356//1356 1450//1450 1456//1456
f 1356//1356 1456//1456 1451//1451
f 1357//1357 1455//1455 1358//1358
f 1358//1358 1455//1455 1457//1457
f 1358//1358 1457//1457 1359//1359
f 1359//1359 1457//1457 1458//1458
f 1359//1359 1458//1458 1360//1360
f 1360//1360 1458//1458 1459//1459
f 1360//1360 1459//1459 1361//1361
f 1361//1361 1459//1459 1460//1460
f 1361//1361 1460//1460 1362//1362
f 1362//1362 1460//1460 1363//1363
f 1363//1363 1460//1460 1461//1461
f 1363//1363 1461//1461 1365//1365
f 1364//1364 1462//1462 1366//1366
f 1364//1364 1365//1365 1463//1463
f 1364//1364 1463//1463 1462//1462
f 1365//1365 1461//1461 1464//1464
f 1365//1365 1464//1464 1463//1463
f 1366//1366 1462//1462 1465//1465
f 1366//1366 1465//1465 1367//1367
f 1367//1367 1465//1465 1466//1466
f 1367//1367 1466//1466 1368//1368
f 1368//1368 1466//1466 1465//1465
f 1368//1368 1465//1465 1467//1467
f 1368//1368 1467//1467 1468//1468
f 1368//1368 1468//1468 1369//1369
f 1369//1369 1468//1468 1370//1370
f 1370//1370 1468//1468 1469//1469
f 1370//1370 1469//1469 1470//1470
f 1370//1370 1470//1470 1371//1371
f 1371//1371 1470//1470 1372//1372
f 1372//1372 1470//1470 1471//1471
f 1372//1372 1471//1471 1373//1373
f 1373//1373 1471//1471 1472//1472
f 1373//1373 1472//1472 1374//1374
f 1374//1374 1472//1472 1473//1473
f 1374//1374 1473//1473 1375//1375
f 1375//1375 1473//1473 1474//1474
f 1375//1375 1474//1474 1376//1376
f 1376//1376 1474//1474 1475//1475
f 1376//1376 1475//1475 1476//1476
f 1376//1376 1476//1476 1477//1477
f 1376//1376 1477//1477 1378//1378
f 1377//1377 1378//1378 1478//1478
f 1377//1377 1478//1478 1479//1479
f 1377//1377 1479//1479 1379//1379
f 1378//1378 1477//1477 1478//1478
f 1379//1379 1479//1479 1380//1380
f 1380//1380 1480//1480 1382//1382
f 1380//1380 1382//1382 1381//1381
f 1380//1380 1479//1479 1481//1481
f 1380//1380 1481//1481 1480//1480
f 1382//1382 1480//1480 1383//1383
f 1383//1383 1480//1480 1482//1482
f 1383//1383 1482//1482 1483//1483
f 1383//1383 1483//1483 1384//1384
f 1384//1384 1484//1484 1385//1385
f 1384//1384 1483//1483 1484//1484
f 1385//1385 1484//1484 1386//1386
f 1386//1386 1484//1484 1485//1485
f 1387//1387 1486//1486 1399//1399
f 1387//1387 1399//1399 1398//1398
f 1388//1388 1409//1409 1389//1389
f 1389//1389 1409//1409 1487//1487
f 1389//1389 1487//1487 1390//1390
f 1390//1390 1487//1487 1391//1391
f 1391//1391 1487//1487 1392//1392
f 1392//1392 1487//1487 1488//1488
f 1392//1392 1488//1488 1393//1393
f 1393//1393 1489//1489 1490//1490
f 1393//1393 1490//1490 1394//1394
f 1393//1393 1488//1488 1489//1489
f 1394//1394 1490//1490 1491//1491
f 1394//1394 1491//1491 1492//1492
f 1394//1394 1492//1492 1493//1493
f 1394//1394 1493//1493 1395//1395
f 1395//1395 1493//1493 1397//1397
f 1395//1395 1397//1397 1396//1396
f 1397//1397 1493//1493 1494//1494
f 1397//1397 1494//1494 1410//1410
f 1399//1399 1401//1401 1400//1400
f 1399//1399 1486//1486 1401//1401
f 1401//1401 1495//1495 1404//1404
f 1401//1401 1404//1404 1403//1403
f 1401//1401 1403//1403 1402//1402
f 1401//1401 1486//1486 1495//1495
f 1404//1404 1496//1496 1405//1405
f 1404//1404 1495//1495 1497//1497
f 1404//1404 1497//1497 1498//1498
f 1404//1404 1498//1498 1499//1499
f 1404//1404 1499//1499 1496//1496
f 1405//1405 1496//1496 1406//1406
f 1406//1406 1496//1496 1499//1499
f 1406//1406 1499//1499 1500//1500
f 1406//1406 1500//1500 1501//1501
f 1406//1406 1501//1501 1408//1408
f 1408//1408 1501//1501 1409//1409
f 1409//1409 1501//1501 1502//1502
f 1409//1409 1502//1502 1487//1487
f 1410//1410 1494//1494 1411//1411
f 1411//1411 1503//1503 1504//1504
f 1411//1411 1504//1504 1416//1416
f 1411//1411 1416//1416 1412//1412
f 1411//1411 1494//1494 1503//1503
f 1412//1412 1416//1416 1415//1415
f 1412//1412 1415//1415 1413//1413
f 1413//1413 1415//1415 1414//1414
f 1416//1416 1504//1504 1417//1417
f 1417//1417 1505//1505 1418//1418
f 1417//1417 1504//1504 1505//1505
f 1418//1418 1505//1505 1506//1506
f 1418//1418 1506//1506 1507//1507
f 1418//1418 1507//1507 1419//1419
f 1419//1419 1508//1508 1420//1420
f 1419//1419 1420//1420 1422//1422
f 1419//1419 1507//1507 1508//1508
f 1420//1420 1509//1509 1510//1510
f 1420//1420 1510//1510 1421//1421
f 1420//1420 1508//1508 1509//1509
f 1421//1421 1510//1510 1424//1424
f 1423//1423 1425//1425 1426//1426
f 1424//1424 1510//1510 1425//1425
f 1425//1425 1510//1510 1426//1426
f 1426//1426 1511//1511 1427//1427
f 1426//1426 1510//1510 1512//1512
f 1426//1426 1512//1512 1511//1511
f 1427//1427 1511//1511 1513//1513
f 1427//1427 1513//1513 1514//1514
f 1427//1427 1514//1514 1428//1428
f 1428//1428 1514//1514 1429//1429
f 1429//1429 1514//1514 1515//1515
f 1429//1429 1515//1515 1516//1516
f 1429//1429 1516//1516 1517//1517
f 1429//1429 1517//1517 1518//1518
f 1429//1429 1518//1518 1519//1519
f 1429//1429 1519//1519 1520//1520
f 1429//1429 1520//1520 1521//1521
f 1429//1429 1521//1521 1430//1430
f 1430//1430 1521//1521 1431//1431
f 1431//1431 1522//1522 1432//1432
f 1431//1431 1521//1521 1522//1522
f 1432//1432 1522//1522 1523//1523
f 1432//1432 1523//1523 1524//1524
f 1432//1432 1524//1524 1525//1525
f 1432//1432 1525//1525 1526//1526
f 1432//1432 1526//1526 1527//1527
f 1432//1432 1527//1527 1433//1433
f 1433//1433 1527//1527 1434//1434
f 1434//1434 1528//1528 1529//1529
f 1434//1434 1529//1529 1435//1435
f 1434//1434 1527//1527 1528//1528
f 1435//1435 1529//1529 1530//1530
f 1435//1435 1530//1530 1436//1436
f 1436//1436 1530//1530 1437//1437
f 1437//1437 1530//1530 1531//1531
f 1437//1437 1531//1531 1532//1532
f 1437//1437 1532//1532 1533//1533
f 1437//1437 1533//1533 1534//1534
f 1437//1437 1534//1534 1440//1440
f 1437//1437 1440//1440 1439//1439
f 1437//1437 1439//1439 1438//1438
f 1440//1440 1534//1534 1535//1535
f 1440//1440 1535//1535 1441//1441
f 1441//1441 1535//1535 1536//1536
f 1441//1441 1536//1536 1537//1537
f 1441//1441 1537//1537 1538//1538
f 1441//1441 1538//1538 1539//1539
f 1441//1441 1539//1539 1540//1540
f 1441//1441 1540//1540 1541//1541
f 1441//1441 1541//1541 1542//1542
f 1441//1441 1542//1542 1442//1442
f 1451//1451 1456//1456 1543//1543
f 1451//1451 1543//1543 1544//1544
f 1451//1451 1544//1544 1452//1452
f 1452//1452 1544//1544 1453//1453
f 1453//1453 1545//1545 1546//1546
f 1453//1453 1546//1546 1547//1547
f 1453//1453 1547//1547 1548//1548
f 1453//1453 1548//1548 1454//1454
f 1453//1453 1544//1544 1549//1549
f 1453//1453 1549//1549 1550//1550
f 1453//1453 1550//1550 1551//1551
f 1453//1453 1551//1551 1545//1545
f 1454//1454 1548//1548 1455//1455
f 1455//1455 1548//1548 1552//1552
f 1455//1455 1552//1552 1457//1457
f 1457//1457 1552//1552 1553//1553
f 1457//1457 1553//1553 1458//1458
f 1458//1458 1553//1553 1554//1554
f 1458//1458 1554//1554 1555//1555
f 1458//1458 1555//1555 1459//1459
f 1459//1459 1555//1555 1556//1556
f 1459//1459 1556//1556 1460//1460
f 1460//1460 1556//1556 1557//1557
f 1460//1460 1557//1557 1461//1461
f 1461//1461 1557//1557 1558//1558
f 1461//1461 1558//1558 1464//1464
f 1462//1462 1559//1559 1465//1465
f 1462//1462 1463//1463 1560//1560
f 1462//1462 1560//1560 1559//1559
f 1463//1463 1464//1464 1561//1561
f 1463//1463 1561//1561 1560//1560
f 1464//1464 1558//1558 1562//1562
f 1464//1464 1562//1562 1561//1561
f 1465//1465 1559//1559 1467//1467
f 1467//1467 1559//1559 1468//1468
f 1468//1468 1559//1559 1563//1563
f 1468//1468 1563//1563 1469//1469
f 1469//1469 1563//1563 1564//1564
f 1469//1469 1564//1564 1565//1565
f 1469//1469 1565//1565 1470//1470
f 1470//1470 1565//1565 1471//1471
f 1471//1471 1565//1565 1566//1566
f 1471//1471 1566//1566 1472//1472
f 1472//1472 1566//1566 1567//1567
f 1472//1472 1567//1567 1473//1473
f 1473//1473 1567//1567 1568//1568
f 1473//1473 1568//1568 1474//1474
f 1474//1474 1568//1568 1569//1569
f 1474//1474 1569//1569 1570//1570
f 1474//1474 1570//1570 1475//1475
f 1475//1475 1570//1570 1571//1571
f 1475//1475 1571//1571 1476//1476
f 1476//1476 1571//1571 1477//1477
f 1477//1477 1571//1571 1572//1572
f 1477//1477 1572//1572 1573//1573
f 1477//1477 1573//1573 1479//1479
f 1477//1477 1479//1479 1478//1478
f 1479//1479 1573//1573 1481//1481
f 1480//1480 1481//1481 1574//1574
f 1480//1480 1574//1574 1575//1575
f 1480//1480 1575//1575 1482//1482
f 1481//1481 1573//1573 1576//1576
f 1481//1481 1576//1576 1577//1577
f 1481//1481 1577//1577 1574//1574
f 1482//1482 1575//1575 1483//1483
f 1483//1483 1575//1575 1578//1578
f 1483//1483 1578//1578 1579//1579
f 1483//1483 1579//1579 1485//1485
f 1483//1483 1485//1485 1484//1484
f 1485//1485 1579//1579 1580//1580
f 1486//1486 1581//1581 1495//1495
f 1487//1487 1502//1502 1582//1582
f 1487//1487 1582//1582 1488//1488
f 1488//1488 1582//1582 1489//1489
f 1489//1489 1582//1582 1583//1583
f 1489//1489 1583//1583 1490//1490
f 1490//1490 1583//1583 1584//1584
f 1490//1490 1584//1584 1585//1585
f 1490//1490 1585//1585 1491//1491
f 1491//1491 1585//1585 1586//1586
f 1491//1491 1586//1586 1587//1587
f 1491//1491 1587//1587 1588//1588
f 1491//1491 1588//1588 1494//1494
f 1491//1491 1494//1494 1492//1492
f 1492//1492 1494//1494 1493//1493
f 1494//1494 1588//1588 1589//1589
f 1494//1494 1589//1589 1503//1503
f 1495//1495 1581//1581 1497//1497
f 1497//1497 1581//1581 1498//1498
f 1498//1498 1581//1581 1499//1499
f 1499//1499 1590//1590 1591//1591
f 1499//1499 1591//1591 1592//1592
f 1499//1499 1592//1592 1593//1593
f 1499//1499 1593//1593 1500//1500
f 1499//1499 1581//1581 1594//1594
f 1499//1499 1594//1594 1590//1590
f 1500//1500 1593//1593 1501//1501
f 1501//1501 1593//1593 1502//1502
f 1502//1502 1593//1593 1582//1582
f 1503//1503 1589//1589 1504//1504
f 1504//1504 1589//1589 1595//1595
f 1504//1504 1595//1595 1505//1505
f 1505//1505 1595//1595 1506//1506
f 1506//1506 1595//1595 1596//1596
f 1506//1506 1596//1596 1597//1597
f 1506//1506 1597//1597 1598//1598
f 1506//1506 1598//1598 1599//1599
f 1506//1506 1599//1599 1600//1600
f 1506//1506 1600//1600 1601//1601
f 1506//1506 1601//1601 1507//1507
f 1507//1507 1601//1601 1508//1508
f 1508//1508 1601//1601 1602//1602
f 1508//1508 1602//1602 1603//1603
f 1508//1508 1603//1603 1509//1509
f 1509//1509 1512//1512 1510//1510
f 1509//1509 1603//1603 1604//1604
f 1509//1509 1604//1604 1512//1512
f 1511//1511 1605//1605 1606//1606
f 1511//1511 1606//1606 1513//1513
f 1511//1511 1512//1512 1607//1607
f 1511//1511 1607//1607 1605//1605
f 1512//1512 1604//1604 1607//1607
f 1513//1513 1606//1606 1515//1515
f 1513//1513 1515//1515 1514//1514
f 1515//1515 1606//1606 1517//1517
f 1515//1515 1517//1517 1516//1516
f 1517//1517 1608//1608 1518//1518
f 1517//1517 1606//1606 1608//1608
f 1518//1518 1609//1609 1519//1519
f 1519//1519 1609//1609 1610//1610
f 1519//1519 1610//1610 1524//1524
f 1519//1519 1524//1524 1520//1520
f 1520//1520 1524//1524 1523//1523
f 1520//1520 1523//1523 1521//1521
f 1521//1521 1523//1523 1522//1522
f 1524//1524 1610//1610 1611//1611
f 1524//1524 1611//1611 1525//1525
f 1525//1525 1612//1612 1613//1613
f 1525//1525 1613//1613 1614//1614
f 1525//1525 1614//1614 1527//1527
f 1525//1525 1527//1527 1526//1526
f 1525//1525 1611//1611 1612//1612
f 1527//1527 1614//1614 1528//1528
f 1528//1528 1614//1614 1615//1615
f 1528//1528 1615//1615 1529//1529
f 1529//1529 1616//1616 1617//1617
f 1529//1529 1617//1617 1530//1530
f 1529//1529 1615//1615 1618//1618
f 1529//1529 1618//1618 1616//1616
f 1530//1530 1617//1617 1531//1531
f 1531//1531 1619//1619 1620//1620
f 1531//1531 1620//1620 1532//1532
f 1531//1531 1617//1617 1621//1621
f 1531//1531 1621//1621 1622//1622
f 1531//1531 1622//1622 1619//1619
f 1532//1532 1620//1620 1619//1619
f 1532//1532 1619//1619 1623//1623
f 1532//1532 1623//1623 1624//1624
f 1532//1532 1624//1624 1625//1625
f 1532//1532 1625//1625 1533//1533
f 1533//1533 1625//1625 1534//1534
f 1534//1534 1626//1626 1627//1627
f 1534//1534 1627//1627 1628//1628
f 1534//1534 1628//1628 1629//1629
f 1534//1534 1629//1629 1536//1536
f 1534//1534 1536//1536 1535//1535
f 1534//1534 1625//1625 1626//1626
f 1536//1536 1629//1629 1630//1630
f 1536//1536 1630//1630 1537//1537
f 1537//1537 1630//1630 1631//1631
f 1537//1537 1631//1631 1538//1538
f 1545//1545 1551//1551 1632//1632
f 1545//1545 1632//1632 1546//1546
f 1546//1546 1633//1633 1634//1634
f 1546//1546 1634//1634 1635//1635
f 1546//1546 1635//1635 1547//1547
f 1546//1546 1632//1632 1636//1636
f 1546//1546 1636//1636 1633//1633
f 1547//1547 1635//1635 1637//1637
f 1547//1547 1637//1637 1548//1548
f 1548//1548 1637//1637 1552//1552
f 1552//1552 1637//1637 1638//1638
f 1552//1552 1638//1638 1553//1553
f 1553//1553 1638//1638 1639//1639
f 1553//1553 1639//1639 1554//1554
f 1554//1554 1639//1639 1555//1555
f 1555//1555 1639//1639 1640//1640
f 1555//1555 1640//1640 1641//1641
f 1555//1555 1641//1641 1556//1556
f 1556//1556 1641//1641 1642//1642
f 1556//1556 1642//1642 1557//1557
f 1557//1557 1642//1642 1643//1643
f 1557//1557 1643//1643 1558//1558
f 1558//1558 1643//1643 1562//1562
f 1559//1559 1560//1560 1563//1563
f 1560//1560 1561//1561 1644//1644
f 1560//1560 1644//1644 1645//1645
f 1560//1560 1645//1645 1563//1563
f 1561//1561 1562//1562 1646//1646
f 1561//1561 1646//1646 1644//1644
f 1562//1562 1643//1643 1647//1647
f 1562//1562 1647//1647 1646//1646
f 1563//1563 1645//1645 1648//1648
f 1563//1563 1648//1648 1564//1564
f 1564//1564 1648//1648 1565//1565
f 1565//1565 1648//1648 1649//1649
f 1565//1565 1649//1649 1566//1566
f 1566//1566 1649//1649 1650//1650
f 1566//1566 1650//1650 1567//1567
f 1567//1567 1650//1650 1651//1651
f 1567//1567 1651//1651 1652//1652
f 1567//1567 1652//1652 1568//1568
f 1568//1568 1652//1652 1653//1653
f 1568//1568 1653//1653 1569//1569
f 1569//1569 1653//1653 1570//1570
f 1570//1570 1653//1653 1654//1654
f 1570//1570 1654//1654 1571//1571
f 1571//1571 1654//1654 1655//1655
f 1571//1571 1655//1655 1656//1656
f 1571//1571 1656//1656 1572//1572
f 1572//1572 1656//1656 1657//1657
f 1572//1572 1657//1657 1658//1658
f 1572//1572 1658//1658 1573//1573
f 1573//1573 1659//1659 1576//1576
f 1573//1573 1658//1658 1660//1660
f 1573//1573 1660//1660 1659//1659
f 1574//1574 1577//1577 1575//1575
f 1575//1575 1661//1661 1578//1578
f 1575//1575 1577//1577 1662//1662
f 1575//1575 1662//1662 1661//1661
f 1576//1576 1659//1659 1577//1577
f 1577//1577 1659//1659 1663//1663
f 1577//1577 1663//1663 1662//1662
f 1578//1578 1661//1661 1664//1664
f 1578//1578 1664//1664 1579//1579
f 1579//1579 1664//1664 1665//1665
f 1579//1579 1665//1665 1580//1580
f 1582//1582 1666//1666 1583//1583
f 1582//1582 1593//1593 1666//1666
f 1583//1583 1667//1667 1668//1668
f 1583//1583 1668//1668 1584//1584
f 1583//1583 1666//1666 1667//1667
f 1584//1584 1668//1668 1585//1585
f 1585//1585 1668//1668 1669//1669
f 1585//1585 1669//1669 1586//1586
f 1586//1586 1669//1669 1670//1670
f 1586//1586 1670//1670 1671//1671
f 1586//1586 1671//1671 1672//1672
f 1586//1586 1672//1672 1673//1673
f 1586//1586 1673//1673 1674//1674
f 1586//1586 1674//1674 1589//1589
f 1586//1586 1589//1589 1587//1587
f 1587//1587 1589//1589 1588//1588
f 1589//1589 1674//1674 1596//1596
f 1589//1589 1596//1596 1595//1595
f 1590//1590 1594//1594 1591//1591
f 1591//1591 1667//1667 1666//1666
f 1591//1591 1666//1666 1593//1593
f 1591//1591 1593//1593 1592//1592
f 1591//1591 1594//1594 1675//1675
f 1591//1591 1675//1675 1676//1676
f 1591//1591 1676//1676 1677//1677
f 1591//1591 1677//1677 1667//1667
f 1596//1596 1674//1674 1673//1673
f 1596//1596 1673//1673 1597//1597
f 1597//1597 1673//1673 1598//1598
f 1598//1598 1678//1678 1599//1599
f 1598//1598 1673//1673 1672//1672
f 1598//1598 1672//1672 1679//1679
f 1598//1598 1679//1679 1678//1678
f 1599//1599 1678//1678 1680//1680
f 1599//1599 1680//1680 1681//1681
f 1599//1599 1681//1681 1600//1600
f 1600//1600 1681//1681 1601//1601
f 1601//1601 1681//1681 1682//1682
f 1601//1601 1682//1682 1602//1602
f 1602//1602 1683//1683 1603//1603
f 1602//1602 1682//1682 1683//1683
f 1603//1603 1683//1683 1604//1604
f 1604//1604 1683//1683 1684//1684
f 1604//1604 1684//1684 1685//1685
f 1604//1604 1685//1685 1607//1607
f 1605//1605 1686//1686 1608//1608
f 1605//1605 1608//1608 1687//1687
f 1605//1605 1687//1687 1606//1606
f 1605//1605 1607//1607 1686//1686
f 1606//1606 1687//1687 1608//1608
f 1607//1607 1685//1685 1686//1686
f 1613//1613 1688//1688 1689//1689
f 1613//1613 1689//1689 1614//1614
f 1614//1614 1689//1689 1615//1615
f 1615//1615 1689//1689 1688//1688
f 1615//1615 1688//1688 1690//1690
f 1615//1615 1690//1690 1616//1616
f 1615//1615 1616//1616 1618//1618
f 1616//1616 1690//1690 1691//1691
f 1616//1616 1691//1691 1692//1692
f 1616//1616 1692//1692 1621//1621
f 1616//1616 1621//1621 1617//1617
f 1619//1619 1622//1622 1693//1693
f 1619//1619 1693//1693 1623//1623
f 1621//1621 1692//1692 1622//1622
f 1622//1622 1692//1692 1693//1693
f 1623//1623 1694//1694 1695//1695
f 1623//1623 1695//1695 1624//1624
f 1623//1623 1693//1693 1696//1696
f 1623//1623 1696//1696 1697//1697
f 1623//1623 1697//1697 1694//1694
f 1624//1624 1695//1695 1698//1698
f 1624//1624 1698//1698 1625//1625
f 1625//1625 1698//1698 1699//1699
f 1625//1625 1699//1699 1626//1626
f 1626//1626 1699//1699 1627//1627
f 1627//1627 1699//1699 1628//1628
f 1628//1628 1699//1699 1700//1700
f 1628//1628 1700//1700 1701//1701
f 1628//1628 1701//1701 1702//1702
f 1628//1628 1702//1702 1703//1703
f 1628//1628 1703//1703 1704//1704
f 1628//1628 1704//1704 1705//1705
f 1628//1628 1705//1705 1706//1706
f 1628//1628 1706//1706 1629//1629
f 1629//1629 1706//1706 1630//1630
f 1630//1630 1706//1706 1704//1704
f 1630//1630 1704//1704 1707//1707
f 1630//1630 1707//1707 1708//1708
f 1630//1630 1708//1708 1709//1709
f 1630//1630 1709//1709 1631//1631
f 1633//1633 1636//1636 1710//1710
f 1633//1633 1710//1710 1634//1634
f 1634//1634 1711//1711 1712//1712
f 1634//1634 1712//1712 1713//1713
f 1634//1634 1713//1713 1714//1714
f 1634//1634 1714//1714 1635//1635
f 1634//1634 1710//1710 1715//1715
f 1634//1634 1715//1715 1711//1711
f 1635//1635 1716//1716 1637//1637
f 1635//1635 1714//1714 1785//1785
f 1635//1635 1785//1785 1716//1716
f 1637//1637 1716//1716 1717//1717
f 1637//1637 1717//1717 1638//1638
f 1638//1638 1717//1717 1718//1718
f 1638//1638 1718//1718 1639//1639
f 1639//1639 1718//1718 1719//1719
f 1639//1639 1719//1719 1720//1720
f 1639//1639 1720//1720 1640//1640
f 1640//1640 1720//1720 1641//1641
f 1641//1641 1720//1720 1721//1721
f 1641//1641 1721//1721 1722//1722
f 1641//1641 1722//1722 1642//1642
f 1642//1642 1722//1722 1723//1723
f 1642//1642 1723//1723 1643//1643
f 1643//1643 1723//1723 1724//1724
f 1643//1643 1724//1724 1647//1647
f 1644//1644 1725//1725 1648//1648
f 1644//1644 1648//1648 1645//1645
f 1644//1644 1646//1646 1726//1726
f 1644//1644 1726//1726 1725//1725
f 1646//1646 1647//1647 1727//1727
f 1646//1646 1727//1727 1726//1726
f 1647//1647 1724//1724 1728//1728
f 1647//1647 1728//1728 1727//1727
f 1648//1648 1725//1725 1729//1729
f 1648//1648 1729//1729 1649//1649
f 1649//1649 1729//1729 1730//1730
f 1649//1649 1730//1730 1650//1650
f 1650//1650 1730//1730 1731//1731
f 1650//1650 1731//1731 1651//1651
f 1651//1651 1731//1731 1652//1652
f 1652//1652 1731//1731 1732//1732
f 1652//1652 1732//1732 1653//1653
f 1653//1653 1732//1732 1733//1733
f 1653//1653 1733//1733 1654//1654
f 1654//1654 1733//1733 1734//1734
f 1654//1654 1734//1734 1735//1735
f 1654//1654 1735//1735 1655//1655
f 1655//1655 1735//1735 1736//1736
f 1655//1655 1736//1736 1656//1656
f 1656//1656 1736//1736 1657//1657
f 1657//1657 1736//1736 1737//1737
f 1657//1657 1737//1737 1738//1738
f 1657//1657 1738//1738 1739//1739
f 1657//1657 1739//1739 1740//1740
f 1657//1657 1740//1740 1658//1658
f 1658//1658 1740//1740 1660//1660
f 1659//1659 1660//1660 1741//1741
f 1659//1659 1741//1741 1742//1742
f 1659//1659 1742//1742 1663//1663
f 1660//1660 1740//1740 1741//1741
f 1661//1661 1662//1662 1743//1743
f 1661//1661 1743//1743 1664//1664
f 1662//1662 1663//1663 1743//1743
f 1663//1663 1742//1742 1743//1743
f 1664//1664 1743//1743 1744//1744
f 1664//1664 1744//1744 1745//1745
f 1664//1664 1745//1745 1746//1746
f 1664//1664 1746//1746 1747//1747
f 1664//1664 1747//1747 1665//1665
f 1665//1665 1747//1747 1749//1749
f 1665//1665 1749//1749 1748//1748
f 1667//1667 1677//1677 1668//1668
f 1668//1668 1670//1670 1669//1669
f 1668//1668 1677//1677 1676//1676
f 1668//1668 1676//1676 1675//1675
f 1668//1668 1675//1675 1670//1670
f 1670//1670 1750//1750 1671//1671
f 1670//1670 1675//1675 1751//1751
f 1670//1670 1751//1751 1752//1752
f 1670//1670 1752//1752 1753//1753
f 1670//1670 1753//1753 1750//1750
f 1671//1671 1750//1750 1672//1672
f 1672//1672 1750//1750 1753//1753
f 1672//1672 1753//1753 1754//1754
f 1672//1672 1754//1754 1755//1755
f 1672//1672 1755//1755 1679//1679
f 1678//1678 1679//1679 1756//1756
f 1678//1678 1756//1756 1680//1680
f 1680//1680 1682//1682 1681//1681
f 1680//1680 1756//1756 1686//1686
f 1680//1680 1686//1686 1684//1684
f 1680//1680 1684//1684 1682//1682
f 1682//1682 1684//1684 1683//1683
f 1684//1684 1686//1686 1685//1685
f 1694//1694 1697//1697 1695//1695
f 1695//1695 1697//1697 1757//1757
f 1695//1695 1757//1757 1699//1699
f 1695//1695 1699//1699 1698//1698
f 1697//1697 1758//1758 1757//1757
f 1699//1699 1759//1759 1760//1760
f 1699//1699 1760//1760 1701//1701
f 1699//1699 1701//1701 1700//1700
f 1699//1699 1757//1757 1761//1761
f 1699//1699 1761//1761 1759//1759
f 1701//1701 1760//1760 1762//1762
f 1701//1701 1762//1762 1763//1763
f 1701//1701 1763//1763 1764//1764
f 1701//1701 1764//1764 1703//1703
f 1701//1701 1703//1703 1702//1702
f 1703//1703 1764//1764 1765//1765
f 1703//1703 1765//1765 1766//1766
f 1703//1703 1766//1766 1767//1767
f 1703//1703 1767//1767 1768//1768
f 1703//1703 1768//1768 1704//1704
f 1704//1704 1769//1769 1770//1770
f 1704//1704 1770//1770 1771//1771
f 1704//1704 1771//1771 1772//1772
f 1704//1704 1772//1772 1707//1707
f 1704//1704 1706//1706 1705//1705
f 1704//1704 1768//1768 1769//1769
f 1707//1707 1773//1773 1774//1774
f 1707//1707 1774//1774 1708//1708
f 1707//1707 1772//1772 1775//1775
f 1707//1707 1775//1775 1776//1776
f 1707//1707 1776//1776 1777//1777
f 1707//1707 1777//1777 1778//1778
f 1707//1707 1778//1778 1779//1779
f 1707//1707 1779//1779 1780//1780
f 1707//1707 1780//1780 1781//1781
f 1707//1707 1781//1781 1773//1773
f 1711//1711 1715//1715 1712//1712
f 1712//1712 1782//1782 1783//1783
f 1712//1712 1783//1783 1713//1713
f 1712//1712 1715//1715 1784//1784
f 1712//1712 1784//1784 1782//1782
f 1713//1713 1785//1785 1714//1714
f 1713//1713 1783//1783 1786//1786
f 1713//1713 1786//1786 1787//1787
f 1713//1713 1787//1787 1785//1785
f 1716//1716 1785//1785 1717//1717
f 1717//1717 1785//1785 1788//1788
f 1717//1717 1788//1788 1789//1789
f 1717//1717 1789//1789 1790//1790
f 1717//1717 1790//1790 1718//1718
f 1718//1718 1790//1790 1719//1719
f 1719//1719 1790//1790 1791//1791
f 1719//1719 1791//1791 1720//1720
f 1720//1720 1791//1791 1792//1792
f 1720//1720 1792//1792 1721//1721
f 1721//1721 1792//1792 1793//1793
f 1721//1721 1793//1793 1794//1794
f 1721//1721 1794//1794 1722//1722
f 1722//1722 1794//1794 1795//1795
f 1722//1722 1795//1795 1723//1723
f 1723//1723 1795//1795 1724//1724
f 1724//1724 1795//1795 1796//1796
f 1724//1724 1796//1796 1797//1797
f 1724//1724 1797//1797 1798//1798
f 1724//1724 1798//1798 1728//1728
f 1725//1725 1726//1726 1799//1799
f 1725//1725 1799//1799 1729//1729
f 1726//1726 1727//1727 1800//1800
f 1726//1726 1800//1800 1799//1799
f 1727//1727 1728//1728 1801//1801
f 1727//1727 1801//1801 1800//1800
f 1728//1728 1798//1798 1797//1797
f 1728//1728 1797//1797 1802//1802
f 1728//1728 1802//1802 1803//1803
f 1728//1728 1803//1803 1801//1801
f 1729//1729 1799//1799 1730//1730
f 1730//1730 1799//1799 1804//1804
f 1730//1730 1804//1804 1731//1731
f 1731//1731 1804//1804 1805//1805
f 1731//1731 1805//1805 1806//1806
f 1731//1731 1806//1806 1807//1807
f 1731//1731 1807//1807 1732//1732
f 1732//1732 1807//1807 1808//1808
f 1732//1732 1808//1808 1809//1809
f 1732//1732 1809//1809 1810//1810
f 1732//1732 1810//1810 1733//1733
f 1733//1733 1810//1810 1811//1811
f 1733//1733 1811//1811 1734//1734
f 1734//1734 1811//1811 1812//1812
f 1734//1734 1812//1812 1735//1735
f 1735//1735 1812//1812 1813//1813
f 1735//1735 1813//1813 1736//1736
f 1736//1736 1738//1738 1737//1737
f 1736//1736 1813//1813 1814//1814
f 1736//1736 1814//1814 1815//1815
f 1736//1736 1815//1815 1738//1738
f 1738//1738 1816//1816 1817//1817
f 1738//1738 1817//1817 1818//1818
f 1738//1738 1818//1818 1819//1819
f 1738//1738 1819//1819 1739//1739
f 1738//1738 1815//1815 1820//1820
f 1738//1738 1820//1820 1816//1816
f 1739//1739 1819//1819 1740//1740
f 1740//1740 1819//1819 1741//1741
f 1741//1741 1819//1819 1821//1821
f 1741//1741 1821//1821 1742//1742
f 1742//1742 1821//1821 1822//1822
f 1742//1742 1822//1822 1823//1823
f 1742//1742 1823//1823 1824//1824
f 1742//1742 1824//1824 1825//1825
f 1742//1742 1825//1825 1743//1743
f 1743//1743 1745//1745 1744//1744
f 1743//1743 1825//1825 1824//1824
f 1743//1743 1824//1824 1826//1826
f 1743//1743 1826//1826 1745//1745
f 1745//1745 1749//1749 1747//1747
f 1745//1745 1747//1747 1746//1746
f 1745//1745 1826//1826 1824//1824
f 1745//1745 1824//1824 1827//1827
f 1745//1745 1827//1827 1828//1828
f 1745//1745 1828//1828 1749//1749
f 1748//1748 1749//1749 1830//1830
f 1748//1748 1830//1830 1831//1831
f 1748//1748 1831//1831 1832//1832
f 1748//1748 1832//1832 1829//1829
f 1749//1749 1828//1828 1830//1830
f 1757//1757 1758//1758 1833//1833
f 1757//1757 1833//1833 1761//1761
f 1758//1758 1834//1834 1835//1835
f 1758//1758 1835//1835 1759//1759
f 1758//1758 1759//1759 1833//1833
f 1759//1759 1835//1835 1762//1762
f 1759//1759 1762//1762 1760//1760
f 1759//1759 1761//1761 1833//1833
f 1762//1762 1835//1835 1763//1763
f 1763//1763 1836//1836 1837//1837
f 1763//1763 1837//1837 1765//1765
f 1763//1763 1765//1765 1764//1764
f 1763//1763 1835//1835 1834//1834
f 1763//1763 1834//1834 1838//1838
f 1763//1763 1838//1838 1839//1839
f 1763//1763 1839//1839 1836//1836
f 1765//1765 1837//1837 1840//1840
f 1765//1765 1840//1840 1841//1841
f 1765//1765 1841//1841 1766//1766
f 1766//1766 1841//1841 1767//1767
f 1767//1767 1842//1842 1843//1843
f 1767//1767 1843//1843 1769//1769
f 1767//1767 1769//1769 1768//1768
f 1767//1767 1841//1841 1842//1842
f 1769//1769 1843//1843 1844//1844
f 1769//1769 1844//1844 1845//1845
f 1769//1769 1845//1845 1846//1846
f 1769//1769 1846//1846 1770//1770
f 1770//1770 1846//1846 1847//1847
f 1770//1770 1847//1847 1771//1771
f 1771//1771 1847//1847 1848//1848
f 1771//1771 1848//1848 1849//1849
f 1771//1771 1849//1849 1850//1850
f 1771//1771 1850//1850 1851//1851
f 1771//1771 1851//1851 1772//1772
f 1772//1772 1851//1851 1852//1852
f 1772//1772 1852//1852 1775//1775
f 1782//1782 1853//1853 1783//1783
f 1782//1782 1784//1784 1854//1854
f 1782//1782 1854//1854 1853//1853
f 1783//1783 1853//1853 1855//1855
f 1783//1783 1855//1855 1856//1856
f 1783//1783 1856//1856 1786//1786
f 1785//1785 1787//1787 1788//1788
f 1786//1786 1856//1856 1787//1787
f 1787//1787 1856//1856 1857//1857
f 1787//1787 1857//1857 1858//1858
f 1787//1787 1858//1858 1789//1789
f 1787//1787 1789//1789 1788//1788
f 1789//1789 1858//1858 1857//1857
f 1789//1789 1857//1857 1859//1859
f 1789//1789 1859//1859 1860//1860
f 1789//1789 1860//1860 1861//1861
f 1789//1789 1861//1861 1862//1862
f 1789//1789 1862//1862 1790//1790
f 1790//1790 1862//1862 1791//1791
f 1791//1791 1862//1862 1861//1861
f 1791//1791 1861//1861 1863//1863
f 1791//1791 1863//1863 1792//1792
f 1792//1792 1863//1863 1864//1864
f 1792//1792 1864//1864 1865//1865
f 1792//1792 1865//1865 1866//1866
f 1792//1792 1866//1866 1793//1793
f 1793//1793 1866//1866 1794//1794
f 1794//1794 1867//1867 1795//1795
f 1794//1794 1866//1866 1868//1868
f 1794//1794 1868//1868 1867//1867
f 1795//1795 1867//1867 1869//1869
f 1795//1795 1869//1869 1796//1796
f 1796//1796 1869//1869 1797//1797
f 1797//1797 1870//1870 1802//1802
f 1797//1797 1869//1869 1871//1871
f 1797//1797 1871//1871 1872//1872
f 1797//1797 1872//1872 1873//1873
f 1797//1797 1873//1873 1870//1870
f 1799//1799 1800//1800 1874//1874
f 1799//1799 1874//1874 1804//1804
f 1800//1800 1801//1801 1875//1875
f 1800//1800 1875//1875 1874//1874
f 1801//1801 1803//1803 1876//1876
f 1801//1801 1876//1876 1875//1875
f 1802//1802 1870//1870 1803//1803
f 1803//1803 1870//1870 1877//1877
f 1803//1803 1877//1877 1876//1876
f 1804//1804 1874//1874 1878//1878
f 1804//1804 1878//1878 1805//1805
f 1805//1805 1878//1878 1806//1806
f 1806//1806 1808//1808 1807//1807
f 1806//1806 1878//1878 1879//1879
f 1806//1806 1879//1879 1880//1880
f 1806//1806 1880//1880 1881//1881
f 1806//1806 1881//1881 1808//1808
f 1808//1808 1881//1881 1809//1809
f 1809//1809 1881//1881 1882//1882
f 1809//1809 1882//1882 1883//1883
f 1809//1809 1883//1883 1884//1884
f 1809//1809 1884//1884 1885//1885
f 1809//1809 1885//1885 1886//1886
f 1809//1809 1886//1886 1810//1810
f 1810//1810 1886//1886 1811//1811
f 1811//1811 1886//1886 1885//1885
f 1811//1811 1885//1885 1887//1887
f 1811//1811 1887//1887 1812//1812
f 1812//1812 1887//1887 1888//1888
f 1812//1812 1888//1888 1813//1813
f 1813//1813 1888//1888 1814//1814
f 1814//1814 1888//1888 1889//1889
f 1814//1814 1889//1889 1820//1820
f 1814//1814 1820//1820 1815//1815
f 1816//1816 1890//1890 1891//1891
f 1816//1816 1891//1891 1817//1817
f 1816//1816 1820//1820 1890//1890
f 1817//1817 1892//1892 1893//1893
f 1817//1817 1893//1893 1822//1822
f 1817//1817 1822//1822 1894//1894
f 1817//1817 1894//1894 1818//1818
f 1817//1817 1891//1891 1892//1892
f 1818//1818 1894//1894 1819//1819
f 1819//1819 1822//1822 1821//1821
f 1819//1819 1894//1894 1822//1822
f 1820//1820 1891//1891 1890//1890
f 1820//1820 1889//1889 1895//1895
f 1820//1820 1895//1895 1896//1896
f 1820//1820 1896//1896 1897//1897
f 1820//1820 1897//1897 1898//1898
f 1820//1820 1898//1898 1891//1891
f 1822//1822 1899//1899 1900//1900
f 1822//1822 1900//1900 1824//1824
f 1822//1822 1824//1824 1823//1823
f 1822//1822 1893//1893 1901//1901
f 1822//1822 1901//1901 1902//1902
f 1822//1822 1902//1902 1899//1899
f 1824//1824 1900//1900 1899//1899
f 1824//1824 1899//1899 1903//1903
f 1824//1824 1903//1903 1827//1827
f 1827//1827 1904//1904 1828//1828
f 1827//1827 1903//1903 1904//1904
f 1828//1828 1904//1904 1831//1831
f 1828//1828 1831//1831 1830//1830
f 1829//1829 1832//1832 1905//1905
f 1831//1831 1904//1904 1906//1906
f 1831//1831 1906//1906 1832//1832
f 1832//1832 1906//1906 1905//1905
f 1836//1836 1907//1907 1840//1840
f 1836//1836 1840//1840 1837//1837
f 1840//1840 1908//1908 1909//1909
f 1840//1840 1909//1909 1910//1910
f 1840//1840 1910//1910 1841//1841
f 1840//1840 1907//1907 1911//1911
f 1840//1840 1911//1911 1908//1908
f 1841//1841 1910//1910 1842//1842
f 1842//1842 1910//1910 1912//1912
f 1842//1842 1912//1912 1843//1843
f 1843//1843 1912//1912 1844//1844
f 1844//1844 1912//1912 1845//1845
f 1845//1845 1912//1912 1913//1913
f 1845//1845 1913//1913 1914//1914
f 1845//1845 1914//1914 1915//1915
f 1845//1845 1915//1915 1916//1916
f 1845//1845 1916//1916 1846//1846
f 1846//1846 1916//1916 1917//1917
f 1846//1846 1917//1917 1918//1918
f 1846//1846 1918//1918 1847//1847
f 1847//1847 1918//1918 1919//1919
f 1847//1847 1919//1919 1920//1920
f 1847//1847 1920//1920 1921//1921
f 1847//1847 1921//1921 1922//1922
f 1847//1847 1922//1922 1923//1923
f 1847//1847 1923//1923 1924//1924
f 1847//1847 1924//1924 1925//1925
f 1847//1847 1925//1925 1926//1926
f 1847//1847 1926//1926 1850//1850
f 1847//1847 1850//1850 1927//1927
f 1847//1847 1927//1927 1848//1848
f 1848//1848 1927//1927 1850//1850
f 1848//1848 1850//1850 1849//1849
f 1850//1850 1926//1926 1928//1928
f 1850//1850 1928//1928 1929//1929
f 1850//1850 1929//1929 1930//1930
f 1850//1850 1930//1930 1931//1931
f 1853//1853 1932//1932 1933//1933
f 1853//1853 1933//1933 1855//1855
f 1853//1853 1854//1854 1934//1934
f 1853//1853 1934//1934 1935//1935
f 1853//1853 1935//1935 1932//1932
f 1855//1855 1933//1933 1936//1936
f 1855//1855 1936//1936 1857//1857
f 1855//1855 1857//1857 1856//1856
f 1857//1857 1936//1936 1859//1859
f 1859//1859 1936//1936 1937//1937
f 1859//1859 1937//1937 1938//1938
f 1859//1859 1938//1938 1939//1939
f 1859//1859 1939//1939 1940//1940
f 1859//1859 1940//1940 1860//1860
f 1860//1860 1940//1940 1861//1861
f 1861//1861 1940//1940 1863//1863
f 1863//1863 1940//1940 1864//1864
f 1864//1864 1940//1940 1941//1941
f 1864//1864 1941//1941 1865//1865
f 1865//1865 1941//1941 1942//1942
f 1865//1865 1942//1942 1943//1943
f 1865//1865 1943//1943 1944//1944
f 1865//1865 1944//1944 1945//1945
f 1865//1865 1945//1945 1866//1866
f 1866//1866 1945//1945 1946//1946
f 1866//1866 1946//1946 1872//1872
f 1866//1866 1872//1872 1947//1947
f 1866//1866 1947//1947 1867//1867
f 1866//1866 1867//1867 1868//1868
f 1867//1867 1947//1947 1871//1871
f 1867//1867 1871//1871 1869//1869
f 1870//1870 1948//1948 1949//1949
f 1870//1870 1949//1949 1877//1877
f 1870//1870 1873//1873 1948//1948
f 1871//1871 1947//1947 1872//1872
f 1872//1872 1950//1950 1951//1951
f 1872//1872 1951//1951 1873//1873
f 1872//1872 1946//1946 1952//1952
f 1872//1872 1952//1952 1950//1950
f 1873//1873 1951//1951 1953//1953
f 1873//1873 1953//1953 1948//1948
f 1874//1874 1875//1875 1954//1954
f 1874//1874 1954//1954 1955//1955
f 1874//1874 1955//1955 1956//1956
f 1874//1874 1956//1956 1878//1878
f 1875//1875 1876//1876 1954//1954
f 1876//1876 1877//1877 1954//1954
f 1877//1877 1957//1957 1958//1958
f 1877//1877 1958//1958 1954//1954
f 1877//1877 1949//1949 1957//1957
f 1878//1878 1956//1956 1880//1880
f 1878//1878 1880//1880 1879//1879
f 1880//1880 1956//1956 1959//1959
f 1880//1880 1959//1959 1960//1960
f 1880//1880 1960//1960 1882//1882
f 1880//1880 1882//1882 1881//1881
f 1882//1882 1960//1960 1883//1883
f 1883//1883 1961//1961 1884//1884
f 1883//1883 1960//1960 1962//1962
f 1883//1883 1962//1962 1963//1963
f 1883//1883 1963//1963 1964//1964
f 1883//1883 1964//1964 1961//1961
f 1884//1884 1965//1965 1885//1885
f 1884//1884 1961//1961 1965//1965
f 1885//1885 1966//1966 1887//1887
f 1885//1885 1965//1965 1966//1966
f 1887//1887 1966//1966 1888//1888
f 1888//1888 1966//1966 1889//1889
f 1889//1889 1966//1966 1895//1895
f 1891//1891 1898//1898 1967//1967
f 1891//1891 1967//1967 1968//1968
f 1891//1891 1968//1968 1969//1969
f 1891//1891 1969//1969 1970//1970
f 1891//1891 1970//1970 1892//1892
f 1892//1892 1970//1970 1971//1971
f 1892//1892 1971//1971 1972//1972
f 1892//1892 1972//1972 1901//1901
f 1892//1892 1901//1901 1893//1893
f 1895//1895 1966//1966 1965//1965
f 1895//1895 1965//1965 1973//1973
f 1895//1895 1973//1973 1974//1974
f 1895//1895 1974//1974 1896//1896
f 1896//1896 1974//1974 1897//1897
f 1897//1897 1967//1967 1898//1898
f 1897//1897 1974//1974 1975//1975
f 1897//1897 1975//1975 1976//1976
f 1897//1897 1976//1976 1967//1967
f 1899//1899 1902//1902 1977//1977
f 1899//1899 1977//1977 1978//1978
f 1899//1899 1978//1978 1979//1979
f 1899//1899 1979//1979 1904//1904
f 1899//1899 1904//1904 1903//1903
f 1901//1901 1972//1972 1977//1977
f 1901//1901 1977//1977 1902//1902
f 1904//1904 1979//1979 1906//1906
f 1905//1905 1906//1906 1981//1981
f 1905//1905 1981//1981 1982//1982
f 1905//1905 1982//1982 1983//1983
f 1905//1905 1983//1983 1980//1980
f 1906//1906 1979//1979 1978//1978
f 1906//1906 1978//1978 1984//1984
f 1906//1906 1984//1984 1981//1981
f 1908//1908 1911//1911 1985//1985
f 1908//1908 1985//1985 1986//1986
f 1908//1908 1986//1986 1909//1909
f 1909//1909 1986//1986 1910//1910
f 1910//1910 1986//1986 1987//1987
f 1910//1910 1987//1987 1912//1912
f 1912//1912 1987//1987 1988//1988
f 1912//1912 1988//1988 1989//1989
f 1912//1912 1989//1989 1913//1913
f 1913//1913 1989//1989 1914//1914
f 1914//1914 1989//1989 1915//1915
f 1915//1915 1990//1990 1991//1991
f 1915//1915 1991//1991 1992//1992
f 1915//1915 1992//1992 1993//1993
f 1915//1915 1993//1993 1917//1917
f 1915//1915 1917//1917 1916//1916
f 1915//1915 1989//1989 1990//1990
f 1917//1917 1993//1993 1918//1918
f 1918//1918 1993//1993 1994//1994
f 1918//1918 1994//1994 1919//1919
f 1919//1919 1994//1994 1995//1995
f 1919//1919 1995//1995 1996//1996
f 1919//1919 1996//1996 1997//1997
f 1919//1919 1997//1997 1920//1920
f 1920//1920 1998//1998 1999//1999
f 1920//1920 1999//1999 2000//2000
f 1920//1920 2000//2000 2001//2001
f 1920//1920 2001//2001 1921//1921
f 1920//1920 1997//1997 1998//1998
f 1921//1921 2001//2001 2002//2002
f 1921//1921 2002//2002 1922//1922
f 1922//1922 2002//2002 2003//2003
f 1922//1922 2003//2003 1923//1923
f 1923//1923 2003//2003 1924//1924
f 1924//1924 1928//1928 1926//1926
f 1924//1924 1926//1926 1925//1925
f 1924//1924 2003//2003 1929//1929
f 1924//1924 1929//1929 1928//1928
f 1929//1929 2004//2004 1930//1930
f 1929//1929 2003//2003 2005//2005
f 1929//1929 2005//2005 2004//2004
f 1930//1930 2004//2004 2006//2006
f 1930//1930 2006//2006 2007//2007
f 1930//1930 2007//2007 1931//1931
f 1932//1932 2008//2008 2009//2009
f 1932//1932 2009//2009 1933//1933
f 1932//1932 1935//1935 2010//2010
f 1932//1932 2010//2010 2008//2008
f 1933//1933 2009//2009 2011//2011
f 1933//1933 2011//2011 1937//1937
f 1933//1933 1937//1937 1936//1936
f 1937//1937 2011//2011 2012//2012
f 1937//1937 2012//2012 1938//1938
f 1938//1938 2013//2013 1939//1939
f 1938//1938 2012//2012 2014//2014
f 1938//1938 2014//2014 2015//2015
f 1938//1938 2015//2015 2013//2013
f 1939//1939 2013//2013 1940//1940
f 1940//1940 2013//2013 1944//1944
f 1940//1940 1944//1944 1942//1942
f 1940//1940 1942//1942 1941//1941
f 1942//1942 1944//1944 1943//1943
f 1944//1944 2016//2016 2017//2017
f 1944//1944 2017//2017 2018//2018
f 1944//1944 2018//2018 1945//1945
f 1944//1944 2013//2013 2016//2016
f 1945//1945 2018//2018 2019//2019
f 1945//1945 2019//2019 1946//1946
f 1946//1946 2019//2019 2020//2020
f 1946//1946 2020//2020 2021//2021
f 1946//1946 2021//2021 1952//1952
f 1948//1948 2022//2022 1949//1949
f 1948//1948 1953//1953 2022//2022
f 1949//1949 2022//2022 1957//1957
f 1950//1950 2023//2023 1951//1951
f 1950//1950 1952//1952 2024//2024
f 1950//1950 2024//2024 2023//2023
f 1951//1951 2023//2023 2025//2025
f 1951//1951 2025//2025 1953//1953
f 1952//1952 2021//2021 2026//2026
f 1952//1952 2026//2026 2024//2024
f 1953//1953 2025//2025 2027//2027
f 1953//1953 2027//2027 2022//2022
f 1954//1954 1958//1958 1956//1956
f 1954//1954 1956//1956 1955//1955
f 1956//1956 1958//1958 1959//1959
f 1957//1957 1959//1959 1958//1958
f 1957//1957 2022//2022 2028//2028
f 1957//1957 2028//2028 1959//1959
f 1959//1959 2028//2028 2029//2029
f 1959//1959 2029//2029 1960//1960
f 1960//1960 2029//2029 2030//2030
f 1960//1960 2030//2030 2031//2031
f 1960//1960 2031//2031 1963//1963
f 1960//1960 1963//1963 1962//1962
f 1961//1961 1964//1964 2032//2032
f 1961//1961 2032//2032 1965//1965
f 1963//1963 2033//2033 1964//1964
f 1963//1963 2031//2031 2034//2034
f 1963//1963 2034//2034 2033//2033
f 1964//1964 2033//2033 2032//2032
f 1965//1965 2032//2032 1973//1973
f 1967//1967 1976//1976 1968//1968
f 1968//1968 2035//2035 1969//1969
f 1968//1968 1976//1976 2035//2035
f 1969//1969 2036//2036 1971//1971
f 1969//1969 1971//1971 1970//1970
f 1969//1969 2035//2035 2036//2036
f 1971//1971 2036//2036 2037//2037
f 1971//1971 2037//2037 2038//2038
f 1971//1971 2038//2038 1972//1972
f 1972//1972 2038//2038 1977//1977
f 1973//1973 2032//2032 2039//2039
f 1973//1973 2039//2039 1974//1974
f 1974//1974 2039//2039 2040//2040
f 1974//1974 2040//2040 1975//1975
f 1975//1975 2040//2040 2041//2041
f 1975//1975 2041//2041 1976//1976
f 1976//1976 2041//2041 2042//2042
f 1976//1976 2042//2042 2035//2035
f 1977//1977 2038//2038 2043//2043
f 1977//1977 2043//2043 1978//1978
f 1978//1978 2044//2044 2045//2045
f 1978//1978 2045//2045 1984//1984
f 1978//1978 2043//2043 2046//2046
f 1978//1978 2046//2046 2047//2047
f 1978//1978 2047//2047 2044//2044
f 1980//1980 1983//1983 2048//2048
f 1981//1981 1984//1984 2045//2045
f 1981//1981 2045//2045 1983//1983
f 1981//1981 1983//1983 1982//1982
f 1983//1983 2045//2045 2049//2049
f 1983//1983 2049//2049 2050//2050
f 1983//1983 2050//2050 2051//2051
f 1983//1983 2051//2051 2052//2052
f 1983//1983 2052//2052 2048//2048
f 1985//1985 2053//2053 1986//1986
f 1986//1986 2054//2054 2055//2055
f 1986//1986 2055//2055 2056//2056
f 1986//1986 2056//2056 1987//1987
f 1986//1986 2053//2053 2057//2057
f 1986//1986 2057//2057 2054//2054
f 1987//1987 2056//2056 1988//1988
f 1988//1988 2056//2056 1989//1989
f 1989//1989 2056//2056 2058//2058
f 1989//1989 2058//2058 2059//2059
f 1989//1989 2059//2059 2060//2060
f 1989//1989 2060//2060 2061//2061
f 1989//1989 2061//2061 1990//1990
f 1990//1990 2061//2061 1991//1991
f 1991//1991 2061//2061 2062//2062
f 1991//1991 2062//2062 1992//1992
f 1992//1992 2062//2062 2063//2063
f 1992//1992 2063//2063 2064//2064
f 1992//1992 2064//2064 2065//2065
f 1992//1992 2065//2065 2066//2066
f 1992//1992 2066//2066 1993//1993
f 1993//1993 2066//2066 1994//1994
f 1994//1994 2066//2066 2067//2067
f 1994//1994 2067//2067 2068//2068
f 1994//1994 2068//2068 1995//1995
f 1995//1995 2068//2068 1996//1996
f 1996//1996 2068//2068 2069//2069
f 1996//1996 2069//2069 1998//1998
f 1996//1996 1998//1998 1997//1997
f 1998//1998 2070//2070 2071//2071
f 1998//1998 2071//2071 1999//1999
f 1998//1998 2069//2069 2070//2070
f 1999//1999 2071//2071 2072//2072
f 1999//1999 2072//2072 2073//2073
f 1999//1999 2073//2073 2074//2074
f 1999//1999 2074//2074 2075//2075
f 1999//1999 2075//2075 2000//2000
f 2000//2000 2075//2075 2001//2001
f 2001//2001 2075//2075 2076//2076
f 2001//2001 2076//2076 2077//2077
f 2001//2001 2077//2077 2002//2002
f 2002//2002 2077//2077 2078//2078
f 2002//2002 2078//2078 2003//2003
f 2003//2003 2078//2078 2005//2005
f 2004//2004 2079//2079 2080//2080
f 2004//2004 2080//2080 2081//2081
f 2004//2004 2081//2081 2006//2006
f 2004//2004 2005//2005 2079//2079
f 2005//2005 2078//2078 2079//2079
f 2006//2006 2081//2081 2082//2082
f 2006//2006 2082//2082 2083//2083
f 2006//2006 2083//2083 2084//2084
f 2006//2006 2084//2084 2085//2085
f 2006//2006 2085//2085 2007//2007
f 2007//2007 2085//2085 2087//2087
f 2007//2007 2087//2087 2088//2088
f 2007//2007 2088//2088 2086//2086
f 2008//2008 2089//2089 2090//2090
f 2008//2008 2090//2090 2091//2091
f 2008//2008 2091//2091 2009//2009
f 2008//2008 2010//2010 2092//2092
f 2008//2008 2092//2092 2089//2089
f 2009//2009 2091//2091 2093//2093
f 2009//2009 2093//2093 2094//2094
f 2009//2009 2094//2094 2011//2011
f 2011//2011 2094//2094 2012//2012
f 2012//2012 2095//2095 2014//2014
f 2012//2012 2094//2094 2095//2095
f 2013//2013 2015//2015 2016//2016
f 2014//2014 2095//2095 2096//2096
f 2014//2014 2096//2096 2097//2097
f 2014//2014 2097//2097 2015//2015
f 2015//2015 2097//2097 2098//2098
f 2015//2015 2098//2098 2099//2099
f 2015//2015 2099//2099 2016//2016
f 2016//2016 2099//2099 2100//2100
f 2016//2016 2100//2100 2017//2017
f 2017//2017 2020//2020 2019//2019
f 2017//2017 2019//2019 2018//2018
f 2017//2017 2100//2100 2020//2020
f 2020//2020 2100//2100 2101//2101
f 2020//2020 2101//2101 2021//2021
f 2021//2021 2101//2101 2102//2102
f 2021//2021 2102//2102 2103//2103
f 2021//2021 2103//2103 2026//2026
f 2022//2022 2027//2027 2028//2028
f 2023//2023 2104//2104 2025//2025
f 2023//2023 2024//2024 2105//2105
f 2023//2023 2105//2105 2104//2104
f 2024//2024 2026//2026 2106//2106
f 2024//2024 2106//2106 2107//2107
f 2024//2024 2107//2107 2105//2105
f 2025//2025 2108//2108 2027//2027
f 2025//2025 2104//2104 2108//2108
f 2026//2026 2103//2103 2106//2106
f 2027//2027 2109//2109 2028//2028
f 2027//2027 2108//2108 2109//2109
f 2028//2028 2109//2109 2030//2030
f 2028//2028 2030//2030 2029//2029
f 2030//2030 2109//2109 2031//2031
f 2031//2031 2109//2109 2110//2110
f 2031//2031 2110//2110 2111//2111
f 2031//2031 2111//2111 2112//2112
f 2031//2031 2112//2112 2034//2034
f 2032//2032 2033//2033 2113//2113
f 2032//2032 2113//2113 2039//2039
f 2033//2033 2034//2034 2114//2114
f 2033//2033 2114//2114 2113//2113
f 2034//2034 2112//2112 2114//2114
f 2035//2035 2115//2115 2037//2037
f 2035//2035 2037//2037 2036//2036
f 2035//2035 2042//2042 2116//2116
f 2035//2035 2116//2116 2117//2117
f 2035//2035 2117//2117 2118//2118
f 2035//2035 2118//2118 2115//2115
f 2037//2037 2115//2115 2119//2119
f 2037//2037 2119//2119 2120//2120
f 2037//2037 2120//2120 2121//2121
f 2037//2037 2121//2121 2043//2043
f 2037//2037 2043//2043 2038//2038
f 2039//2039 2113//2113 2040//2040
f 2040//2040 2113//2113 2122//2122
f 2040//2040 2122//2122 2123//2123
f 2040//2040 2123//2123 2041//2041
f 2041//2041 2123//2123 2116//2116
f 2041//2041 2116//2116 2042//2042
f 2043//2043 2121//2121 2124//2124
f 2043//2043 2124//2124 2047//2047
f 2043//2043 2047//2047 2046//2046
f 2044//2044 2047//2047 2049//2049
f 2044//2044 2049//2049 2045//2045
f 2047//2047 2050//2050 2049//2049
f 2047//2047 2124//2124 2050//2050
f 2048//2048 2052//2052 2126//2126
f 2048//2048 2126//2126 2125//2125
f 2050//2050 2124//2124 2120//2120
f 2050//2050 2120//2120 2127//2127
f 2050//2050 2127//2127 2128//2128
f 2050//2050 2128//2128 2051//2051
f 2051//2051 2128//2128 2129//2129
f 2051//2051 2129//2129 2130//2130
f 2051//2051 2130//2130 2052//2052
f 2052//2052 2130//2130 2126//2126
f 2053//2053 2131//2131 2054//2054
f 2053//2053 2054//2054 2057//2057
f 2054//2054 2132//2132 2055//2055
f 2054//2054 2131//2131 2133//2133
f 2054//2054 2133//2133 2132//2132
f 2055//2055 2132//2132 2059//2059
f 2055//2055 2059//2059 2056//2056
f 2056//2056 2059//2059 2058//2058
f 2059//2059 2132//2132 2133//2133
f 2059//2059 2133//2133 2134//2134
f 2059//2059 2134//2134 2135//2135
f 2059//2059 2135//2135 2061//2061
f 2059//2059 2061//2061 2060//2060
f 2061//2061 2135//2135 2136//2136
f 2061//2061 2136//2136 2062//2062
f 2062//2062 2136//2136 2137//2137
f 2062//2062 2137//2137 2063//2063
f 2063//2063 2137//2137 2064//2064
f 2064//2064 2137//2137 2065//2065
f 2065//2065 2138//2138 2066//2066
f 2065//2065 2137//2137 2139//2139
f 2065//2065 2139//2139 2138//2138
f 2066//2066 2138//2138 2067//2067
f 2067//2067 2139//2139 2140//2140
f 2067//2067 2140//2140 2141//2141
f 2067//2067 2141//2141 2068//2068
f 2067//2067 2138//2138 2139//2139
f 2068//2068 2141//2141 2069//2069
f 2069//2069 2141//2141 2070//2070
f 2070//2070 2141//2141 2142//2142
f 2070//2070 2142//2142 2143//2143
f 2070//2070 2143//2143 2072//2072
f 2070//2070 2072//2072 2071//2071
f 2072//2072 2144//2144 2145//2145
f 2072//2072 2145//2145 2146//2146
f 2072//2072 2146//2146 2074//2074
f 2072//2072 2074//2074 2073//2073
f 2072//2072 2143//2143 2147//2147
f 2072//2072 2147//2147 2144//2144
f 2074//2074 2146//2146 2148//2148
f 2074//2074 2148//2148 2075//2075
f 2075//2075 2148//2148 2149//2149
f 2075//2075 2149//2149 2076//2076
f 2076//2076 2149//2149 2150//2150
f 2076//2076 2150//2150 2077//2077
f 2077//2077 2150//2150 2151//2151
f 2077//2077 2151//2151 2078//2078
f 2078//2078 2151//2151 2079//2079
f 2079//2079 2151//2151 2152//2152
f 2079//2079 2152//2152 2080//2080
f 2080//2080 2152//2152 2153//2153
f 2080//2080 2153//2153 2154//2154
f 2080//2080 2154//2154 2155//2155
f 2080//2080 2155//2155 2081//2081
f 2081//2081 2155//2155 2156//2156
f 2081//2081 2156//2156 2082//2082
f 2082//2082 2156//2156 2157//2157
f 2082//2082 2157//2157 2158//2158
f 2082//2082 2158//2158 2083//2083
f 2083//2083 2158//2158 2084//2084
f 2084//2084 2088//2088 2085//2085
f 2084//2084 2158//2158 2159//2159
f 2084//2084 2159//2159 2088//2088
f 2085//2085 2088//2088 2087//2087
f 2086//2086 2088//2088 2161//2161
f 2086//2086 2161//2161 2162//2162
f 2086//2086 2162//2162 2160//2160
f 2088//2088 2159//2159 2163//2163
f 2088//2088 2163//2163 2164//2164
f 2088//2088 2164//2164 2161//2161
f 2089//2089 2092//2092 2090//2090
f 2090//2090 2165//2165 2166//2166
f 2090//2090 2166//2166 2093//2093
f 2090//2090 2093//2093 2091//2091
f 2090//2090 2092//2092 2167//2167
f 2090//2090 2167//2167 2168//2168
f 2090//2090 2168//2168 2165//2165
f 2093//2093 2166//2166 2169//2169
f 2093//2093 2169//2169 2095//2095
f 2093//2093 2095//2095 2094//2094
f 2095//2095 2169//2169 2096//2096
f 2096//2096 2170//2170 2171//2171
f 2096//2096 2171//2171 2097//2097
f 2096//2096 2169//2169 2170//2170
f 2097//2097 2171//2171 2172//2172
f 2097//2097 2172//2172 2098//2098
f 2098//2098 2172//2172 2173//2173
f 2098//2098 2173//2173 2099//2099
f 2099//2099 2173//2173 2174//2174
f 2099//2099 2174//2174 2100//2100
f 2100//2100 2174//2174 2101//2101
f 2101//2101 2174//2174 2175//2175
f 2101//2101 2175//2175 2102//2102
f 2102//2102 2175//2175 2176//2176
f 2102//2102 2176//2176 2103//2103
f 2103//2103 2176//2176 2177//2177
f 2103//2103 2177//2177 2106//2106
f 2104//2104 2105//2105 2178//2178
f 2104//2104 2178//2178 2179//2179
f 2104//2104 2179//2179 2180//2180
f 2104//2104 2180//2180 2108//2108
f 2105//2105 2107//2107 2178//2178
f 2106//2106 2177//2177 2181//2181
f 2106//2106 2181//2181 2182//2182
f 2106//2106 2182//2182 2107//2107
f 2107//2107 2182//2182 2178//2178
f 2108//2108 2180//2180 2110//2110
f 2108//2108 2110//2110 2109//2109
f 2110//2110 2180//2180 2183//2183
f 2110//2110 2183//2183 2111//2111
f 2111//2111 2183//2183 2184//2184
f 2111//2111 2184//2184 2112//2112
f 2112//2112 2185//2185 2114//2114
f 2112//2112 2184//2184 2186//2186
f 2112//2112 2186//2186 2185//2185
f 2113//2113 2114//2114 2122//2122
f 2114//2114 2185//2185 2122//2122
f 2115//2115 2118//2118 2187//2187
f 2115//2115 2187//2187 2119//2119
f 2116//2116 2188//2188 2117//2117
f 2116//2116 2123//2123 2189//2189
f 2116//2116 2189//2189 2188//2188
f 2117//2117 2188//2188 2118//2118
f 2118//2118 2188//2188 2190//2190
f 2118//2118 2190//2190 2191//2191
f 2118//2118 2191//2191 2187//2187
f 2119//2119 2187//2187 2120//2120
f 2120//2120 2187//2187 2192//2192
f 2120//2120 2192//2192 2193//2193
f 2120//2120 2193//2193 2127//2127
f 2120//2120 2124//2124 2121//2121
f 2122//2122 2185//2185 2194//2194
f 2122//2122 2194//2194 2123//2123
f 2123//2123 2194//2194 2189//2189
f 2125//2125 2126//2126 2195//2195
f 2126//2126 2130//2130 2196//2196
f 2126//2126 2196//2196 2195//2195
f 2127//2127 2197//2197 2128//2128
f 2127//2127 2193//2193 2197//2197
f 2128//2128 2197//2197 2198//2198
f 2128//2128 2198//2198 2129//2129
f 2129//2129 2198//2198 2199//2199
f 2129//2129 2199//2199 2130//2130
f 2130//2130 2199//2199 2196//2196
f 2133//2133 2200//2200 2201//2201
f 2133//2133 2201//2201 2134//2134
f 2134//2134 2201//2201 2135//2135
f 2135//2135 2201//2201 2202//2202
f 2135//2135 2202//2202 2136//2136
f 2136//2136 2202//2202 2137//2137
f 2137//2137 2202//2202 2203//2203
f 2137//2137 2203//2203 2204//2204
f 2137//2137 2204//2204 2205//2205
f 2137//2137 2205//2205 2139//2139
f 2139//2139 2205//2205 2140//2140
f 2140//2140 2205//2205 2206//2206
f 2140//2140 2206//2206 2141//2141
f 2141//2141 2206//2206 2142//2142
f 2142//2142 2207//2207 2143//2143
f 2142//2142 2206//2206 2208//2208
f 2142//2142 2208//2208 2207//2207
f 2143//2143 2207//2207 2147//2147
f 2144//2144 2209//2209 2145//2145
f 2144//2144 2147//2147 2210//2210
f 2144//2144 2210//2210 2209//2209
f 2145//2145 2209//2209 2211//2211
f 2145//2145 2211//2211 2212//2212
f 2145//2145 2212//2212 2213//2213
f 2145//2145 2213//2213 2214//2214
f 2145//2145 2214//2214 2146//2146
f 2146//2146 2214//2214 2148//2148
f 2147//2147 2207//2207 2210//2210
f 2148//2148 2214//2214 2215//2215
f 2148//2148 2215//2215 2149//2149
f 2149//2149 2215//2215 2216//2216
f 2149//2149 2216//2216 2217//2217
f 2149//2149 2217//2217 2150//2150
f 2150//2150 2217//2217 2218//2218
f 2150//2150 2218//2218 2219//2219
f 2150//2150 2219//2219 2151//2151
f 2151//2151 2219//2219 2220//2220
f 2151//2151 2220//2220 2221//2221
f 2151//2151 2221//2221 2152//2152
f 2152//2152 2221//2221 2153//2153
f 2153//2153 2222//2222 2157//2157
f 2153//2153 2157//2157 2154//2154
f 2153//2153 2221//2221 2223//2223
f 2153//2153 2223//2223 2222//2222
f 2154//2154 2157//2157 2155//2155
f 2155//2155 2157//2157 2156//2156
f 2157//2157 2222//2222 2224//2224
f 2157//2157 2224//2224 2158//2158
f 2158//2158 2224//2224 2225//2225
f 2158//2158 2225//2225 2159//2159
f 2159//2159 2225//2225 2226//2226
f 2159//2159 2226//2226 2163//2163
f 2160//2160 2162//2162 2228//2228
f 2160//2160 2228//2228 2229//2229
f 2160//2160 2229//2229 2230//2230
f 2160//2160 2230//2230 2227//2227
f 2161//2161 2164//2164 2162//2162
f 2162//2162 2164//2164 2231//2231
f 2162//2162 2231//2231 2228//2228
f 2163//2163 2226//2226 2232//2232
f 2163//2163 2232//2232 2164//2164
f 2164//2164 2232//2232 2231//2231
f 2165//2165 2233//2233 2234//2234
f 2165//2165 2234//2234 2166//2166
f 2165//2165 2168//2168 2235//2235
f 2165//2165 2235//2235 2236//2236
f 2165//2165 2236//2236 2233//2233
f 2166//2166 2234//2234 2169//2169
f 2169//2169 2234//2234 2170//2170
f 2170//2170 2234//2234 2237//2237
f 2170//2170 2237//2237 2238//2238
f 2170//2170 2238//2238 2171//2171
f 2171//2171 2238//2238 2172//2172
f 2172//2172 2238//2238 2239//2239
f 2172//2172 2239//2239 2173//2173
f 2173//2173 2239//2239 2240//2240
f 2173//2173 2240//2240 2241//2241
f 2173//2173 2241//2241 2174//2174
f 2174//2174 2241//2241 2175//2175
f 2175//2175 2241//2241 2242//2242
f 2175//2175 2242//2242 2243//2243
f 2175//2175 2243//2243 2176//2176
f 2176//2176 2243//2243 2244//2244
f 2176//2176 2244//2244 2177//2177
f 2177//2177 2244//2244 2181//2181
f 2178//2178 2182//2182 2245//2245
f 2178//2178 2245//2245 2246//2246
f 2178//2178 2246//2246 2247//2247
f 2178//2178 2247//2247 2179//2179
f 2179//2179 2248//2248 2180//2180
f 2179//2179 2247//2247 2248//2248
f 2180//2180 2248//2248 2183//2183
f 2181//2181 2249//2249 2182//2182
f 2181//2181 2244//2244 2249//2249
f 2182//2182 2249//2249 2245//2245
f 2183//2183 2248//2248 2250//2250
f 2183//2183 2250//2250 2184//2184
f 2184//2184 2250//2250 2251//2251
f 2184//2184 2251//2251 2186//2186
f 2185//2185 2186//2186 2252//2252
f 2185//2185 2252//2252 2194//2194
f 2186//2186 2251//2251 2253//2253
f 2186//2186 2253//2253 2252//2252
f 2187//2187 2254//2254 2192//2192
f 2187//2187 2191//2191 2254//2254
f 2188//2188 2255//2255 2256//2256
f 2188//2188 2256//2256 2190//2190
f 2188//2188 2189//2189 2257//2257
f 2188//2188 2257//2257 2258//2258
f 2188//2188 2258//2258 2259//2259
f 2188//2188 2259//2259 2255//2255
f 2189//2189 2194//2194 2260//2260
f 2189//2189 2260//2260 2257//2257
f 2190//2190 2256//2256 2191//2191
f 2191//2191 2256//2256 2255//2255
f 2191//2191 2255//2255 2254//2254
f 2192//2192 2254//2254 2261//2261
f 2192//2192 2261//2261 2193//2193
f 2193//2193 2261//2261 2262//2262
f 2193//2193 2262//2262 2197//2197
f 2194//2194 2252//2252 2260//2260
f 2195//2195 2196//2196 2263//2263
f 2196//2196 2199//2199 2264//2264
f 2196//2196 2264//2264 2265//2265
f 2196//2196 2265//2265 2263//2263
f 2197//2197 2262//2262 2266//2266
f 2197//2197 2266//2266 2198//2198
f 2198//2198 2266//2266 2199//2199
f 2199//2199 2266//2266 2267//2267
f 2199//2199 2267//2267 2264//2264
f 2200//2200 2268//2268 2201//2201
f 2201//2201 2268//2268 2202//2202
f 2202//2202 2269//2269 2203//2203
f 2202//2202 2268//2268 2270//2270
f 2202//2202 2270//2270 2269//2269
f 2203//2203 2269//2269 2204//2204
f 2204//2204 2269//2269 2205//2205
f 2205//2205 2271//2271 2208//2208
f 2205//2205 2208//2208 2206//2206
f 2205//2205 2269//2269 2271//2271
f 2207//2207 2272//2272 2210//2210
f 2207//2207 2208//2208 2273//2273
f 2207//2207 2273//2273 2272//2272
f 2208//2208 2271//2271 2273//2273
f 2209//2209 2210//2210 2274//2274
f 2209//2209 2274//2274 2211//2211
f 2210//2210 2272//2272 2275//2275
f 2210//2210 2275//2275 2274//2274
f 2211//2211 2276//2276 2277//2277
f 2211//2211 2277//2277 2278//2278
f 2211//2211 2278//2278 2212//2212
f 2211//2211 2274//2274 2276//2276
f 2212//2212 2278//2278 2213//2213
f 2213//2213 2215//2215 2214//2214
f 2213//2213 2278//2278 2279//2279
f 2213//2213 2279//2279 2280//2280
f 2213//2213 2280//2280 2281//2281
f 2213//2213 2281//2281 2282//2282
f 2213//2213 2282//2282 2215//2215
f 2215//2215 2282//2282 2216//2216
f 2216//2216 2282//2282 2283//2283
f 2216//2216 2283//2283 2284//2284
f 2216//2216 2284//2284 2217//2217
f 2217//2217 2284//2284 2218//2218
f 2218//2218 2284//2284 2285//2285
f 2218//2218 2285//2285 2286//2286
f 2218//2218 2286//2286 2219//2219
f 2219//2219 2286//2286 2287//2287
f 2219//2219 2287//2287 2288//2288
f 2219//2219 2288//2288 2223//2223
f 2219//2219 2223//2223 2220//2220
f 2220//2220 2223//2223 2221//2221
f 2222//2222 2223//2223 2289//2289
f 2222//2222 2289//2289 2361//2361
f 2222//2222 2361//2361 2290//2290
f 2222//2222 2290//2290 2224//2224
f 2223//2223 2288//2288 2289//2289
f 2224//2224 2290//2290 2291//2291
f 2224//2224 2291//2291 2292//2292
f 2224//2224 2292//2292 2225//2225
f 2225//2225 2292//2292 2293//2293
f 2225//2225 2293//2293 2226//2226
f 2226//2226 2293//2293 2232//2232
f 2227//2227 2230//2230 2295//2295
f 2227//2227 2295//2295 2294//2294
f 2228//2228 2231//2231 2296//2296
f 2228//2228 2296//2296 2297//2297
f 2228//2228 2297//2297 2230//2230
f 2228//2228 2230//2230 2229//2229
f 2230//2230 2297//2297 2298//2298
f 2230//2230 2298//2298 2299//2299
f 2230//2230 2299//2299 2295//2295
f 2231//2231 2232//2232 2296//2296
f 2232//2232 2293//2293 2300//2300
f 2232//2232 2300//2300 2296//2296
f 2233//2233 2301//2301 2302//2302
f 2233//2233 2302//2302 2234//2234
f 2233//2233 2236//2236 2303//2303
f 2233//2233 2303//2303 2304//2304
f 2233//2233 2304//2304 2301//2301
f 2234//2234 2302//2302 2237//2237
f 2237//2237 2298//2298 2238//2238
f 2237//2237 2302//2302 2301//2301
f 2237//2237 2301//2301 2298//2298
f 2238//2238 2305//2305 2239//2239
f 2238//2238 2298//2298 2305//2305
f 2239//2239 2306//2306 2240//2240
f 2239//2239 2305//2305 2306//2306
f 2240//2240 2307//2307 2241//2241
f 2240//2240 2306//2306 2307//2307
f 2241//2241 2307//2307 2308//2308
f 2241//2241 2308//2308 2309//2309
f 2241//2241 2309//2309 2242//2242
f 2242//2242 2309//2309 2310//2310
f 2242//2242 2310//2310 2243//2243
f 2243//2243 2311//2311 2244//2244
f 2243//2243 2310//2310 2311//2311
f 2244//2244 2311//2311 2312//2312
f 2244//2244 2312//2312 2313//2313
f 2244//2244 2313//2313 2249//2249
f 2245//2245 2249//2249 2246//2246
f 2246//2246 2314//2314 2315//2315
f 2246//2246 2315//2315 2316//2316
f 2246//2246 2316//2316 2247//2247
f 2246//2246 2249//2249 2317//2317
f 2246//2246 2317//2317 2314//2314
f 2247//2247 2316//2316 2248//2248
f 2248//2248 2316//2316 2250//2250
f 2249//2249 2313//2313 2318//2318
f 2249//2249 2318//2318 2319//2319
f 2249//2249 2319//2319 2317//2317
f 2250//2250 2316//2316 2320//2320
f 2250//2250 2320//2320 2251//2251
f 2251//2251 2320//2320 2321//2321
f 2251//2251 2321//2321 2253//2253
f 2252//2252 2253//2253 2322//2322
f 2252//2252 2322//2322 2260//2260
f 2253//2253 2321//2321 2323//2323
f 2253//2253 2323//2323 2322//2322
f 2254//2254 2255//2255 2324//2324
f 2254//2254 2324//2324 2261//2261
f 2255//2255 2325//2325 2326//2326
f 2255//2255 2326//2326 2324//2324
f 2255//2255 2259//2259 2258//2258
f 2255//2255 2258//2258 2327//2327
f 2255//2255 2327//2327 2328//2328
f 2255//2255 2328//2328 2329//2329
f 2255//2255 2329//2329 2330//2330
f 2255//2255 2330//2330 2325//2325
f 2257//2257 2260//2260 2331//2331
f 2257//2257 2331//2331 2258//2258
f 2258//2258 2331//2331 2332//2332
f 2258//2258 2332//2332 2327//2327
f 2260//2260 2322//2322 2331//2331
f 2261//2261 2324//2324 2333//2333
f 2261//2261 2333//2333 2262//2262
f 2262//2262 2333//2333 2266//2266
f 2263//2263 2265//2265 2334//2334
f 2264//2264 2267//2267 2335//2335
f 2264//2264 2335//2335 2336//2336
f 2264//2264 2336//2336 2337//2337
f 2264//2264 2337//2337 2334//2334
f 2264//2264 2334//2334 2265//2265
f 2266//2266 2333//2333 2338//2338
f 2266//2266 2338//2338 2335//2335
f 2266//2266 2335//2335 2267//2267
f 2269//2269 2270//2270 2339//2339
f 2269//2269 2339//2339 2340//2340
f 2269//2269 2340//2340 2271//2271
f 2271//2271 2341//2341 2342//2342
f 2271//2271 2342//2342 2273//2273
f 2271//2271 2340//2340 2341//2341
f 2272//2272 2343//2343 2275//2275
f 2272//2272 2273//2273 2344//2344
f 2272//2272 2344//2344 2343//2343
f 2273//2273 2342//2342 2345//2345
f 2273//2273 2345//2345 2344//2344
f 2274//2274 2275//2275 2346//2346
f 2274//2274 2346//2346 2276//2276
f 2275//2275 2347//2347 2348//2348
f 2275//2275 2348//2348 2346//2346
f 2275//2275 2343//2343 2347//2347
f 2276//2276 2349//2349 2350//2350
f 2276//2276 2350//2350 2277//2277
f 2276//2276 2346//2346 2349//2349
f 2277//2277 2350//2350 2279//2279
f 2277//2277 2279//2279 2278//2278
f 2279//2279 2350//2350 2351//2351
f 2279//2279 2351//2351 2280//2280
f 2280//2280 2351//2351 2352//2352
f 2280//2280 2352//2352 2353//2353
f 2280//2280 2353//2353 2281//2281
f 2281//2281 2353//2353 2354//2354
f 2281//2281 2354//2354 2283//2283
f 2281//2281 2283//2283 2282//2282
f 2283//2283 2354//2354 2355//2355
f 2283//2283 2355//2355 2284//2284
f 2284//2284 2355//2355 2285//2285
f 2285//2285 2355//2355 2356//2356
f 2285//2285 2356//2356 2357//2357
f 2285//2285 2357//2357 2358//2358
f 2285//2285 2358//2358 2286//2286
f 2286//2286 2358//2358 2359//2359
f 2286//2286 2359//2359 2360//2360
f 2286//2286 2360//2360 2287//2287
f 2287//2287 2360//2360 2288//2288
f 2288//2288 2360//2360 2289//2289
f 2289//2289 2360//2360 2361//2361
f 2290//2290 2361//2361 2291//2291
f 2291//2291 2362//2362 2309//2309
f 2291//2291 2309//2309 2308//2308
f 2291//2291 2308//2308 2292//2292
f 2291//2291 2361//2361 2362//2362
f 2292//2292 2308//2308 2307//2307
f 2292//2292 2307//2307 2293//2293
f 2293//2293 2307//2307 2306//2306
f 2293//2293 2306//2306 2300//2300
f 2294//2294 2295//2295 2363//2363
f 2295//2295 2299//2299 2301//2301
f 2295//2295 2301//2301 2364//2364
f 2295//2295 2364//2364 2363//2363
f 2296//2296 2300//2300 2305//2305
f 2296//2296 2305//2305 2297//2297
f 2297//2297 2305//2305 2298//2298
f 2298//2298 2301//2301 2299//2299
f 2300//2300 2306//2306 2305//2305
f 2301//2301 2304//2304 2365//2365
f 2301//2301 2365//2365 2363//2363
f 2301//2301 2363//2363 2364//2364
f 2303//2303 2365//2365 2304//2304
f 2309//2309 2362//2362 2366//2366
f 2309//2309 2366//2366 2310//2310
f 2310//2310 2366//2366 2367//2367
f 2310//2310 2367//2367 2368//2368
f 2310//2310 2368//2368 2311//2311
f 2311//2311 2368//2368 2369//2369
f 2311//2311 2369//2369 2312//2312
f 2312//2312 2370//2370 2313//2313
f 2312//2312 2369//2369 2370//2370
f 2313//2313 2370//2370 2318//2318
f 2314//2314 2317//2317 2371//2371
f 2314//2314 2371//2371 2372//2372
f 2314//2314 2372//2372 2373//2373
f 2314//2314 2373//2373 2374//2374
f 2314//2314 2374//2374 2375//2375
f 2314//2314 2375//2375 2315//2315
f 2315//2315 2375//2375 2320//2320
f 2315//2315 2320//2320 2316//2316
f 2317//2317 2319//2319 2376//2376
f 2317//2317 2376//2376 2371//2371
f 2318//2318 2370//2370 2377//2377
f 2318//2318 2377//2377 2319//2319
f 2319//2319 2377//2377 2376//2376
f 2320//2320 2375//2375 2321//2321
f 2321//2321 2375//2375 2378//2378
f 2321//2321 2378//2378 2323//2323
f 2322//2322 2323//2323 2379//2379
f 2322//2322 2379//2379 2331//2331
f 2323//2323 2378//2378 2380//2380
f 2323//2323 2380//2380 2381//2381
f 2323//2323 2381//2381 2379//2379
f 2324//2324 2326//2326 2333//2333
f 2325//2325 2330//2330 2382//2382
f 2325//2325 2382//2382 2326//2326
f 2326//2326 2382//2382 2383//2383
f 2326//2326 2383//2383 2384//2384
f 2326//2326 2384//2384 2333//2333
f 2327//2327 2332//2332 2385//2385
f 2327//2327 2385//2385 2386//2386
f 2327//2327 2386//2386 2328//2328
f 2328//2328 2386//2386 2329//2329
f 2329//2329 2387//2387 2388//2388
f 2329//2329 2388//2388 2389//2389
f 2329//2329 2389//2389 2330//2330
f 2329//2329 2386//2386 2390//2390
f 2329//2329 2390//2390 2387//2387
f 2330//2330 2389//2389 2382//2382
f 2331//2331 2379//2379 2332//2332
f 2332//2332 2379//2379 2381//2381
f 2332//2332 2381//2381 2385//2385
f 2333//2333 2384//2384 2338//2338
f 2334//2334 2337//2337 2392//2392
f 2334//2334 2392//2392 2391//2391
f 2335//2335 2338//2338 2384//2384
f 2335//2335 2384//2384 2393//2393
f 2335//2335 2393//2393 2394//2394
f 2335//2335 2394//2394 2336//2336
f 2336//2336 2395//2395 2337//2337
f 2336//2336 2394//2394 2433//2433
f 2336//2336 2433//2433 2395//2395
f 2337//2337 2395//2395 2392//2392
f 2340//2340 2396//2396 2341//2341
f 2341//2341 2397//2397 2345//2345
f 2341//2341 2345//2345 2342//2342
f 2341//2341 2396//2396 2398//2398
f 2341//2341 2398//2398 2397//2397
f 2343//2343 2399//2399 2400//2400
f 2343//2343 2400//2400 2347//2347
f 2343//2343 2344//2344 2345//2345
f 2343//2343 2345//2345 2401//2401
f 2343//2343 2401//2401 2399//2399
f 2345//2345 2402//2402 2401//2401
f 2345//2345 2397//2397 2402//2402
f 2346//2346 2348//2348 2403//2403
f 2346//2346 2403//2403 2349//2349
f 2347//2347 2400//2400 2404//2404
f 2347//2347 2404//2404 2405//2405
f 2347//2347 2405//2405 2406//2406
f 2347//2347 2406//2406 2348//2348
f 2348//2348 2406//2406 2403//2403
f 2349//2349 2403//2403 2407//2407
f 2349//2349 2407//2407 2408//2408
f 2349//2349 2408//2408 2409//2409
f 2349//2349 2409//2409 2350//2350
f 2350//2350 2409//2409 2351//2351
f 2351//2351 2408//2408 2410//2410
f 2351//2351 2410//2410 2411//2411
f 2351//2351 2411//2411 2412//2412
f 2351//2351 2412//2412 2352//2352
f 2351//2351 2409//2409 2408//2408
f 2352//2352 2412//2412 2353//2353
f 2353//2353 2412//2412 2413//2413
f 2353//2353 2413//2413 2354//2354
f 2354//2354 2413//2413 2414//2414
f 2354//2354 2414//2414 2356//2356
f 2354//2354 2356//2356 2355//2355
f 2356//2356 2414//2414 2415//2415
f 2356//2356 2415//2415 2416//2416
f 2356//2356 2416//2416 2417//2417
f 2356//2356 2417//2417 2357//2357
f 2357//2357 2417//2417 2358//2358
f 2358//2358 2417//2417 2359//2359
f 2359//2359 2417//2417 2418//2418
f 2359//2359 2418//2418 2360//2360
f 2360//2360 2418//2418 2419//2419
f 2360//2360 2419//2419 2361//2361
f 2361//2361 2419//2419 2362//2362
f 2362//2362 2419//2419 2366//2366
f 2366//2366 2419//2419 2418//2418
f 2366//2366 2418//2418 2417//2417
f 2366//2366 2417//2417 2367//2367
f 2367//2367 2417//2417 2368//2368
f 2368//2368 2417//2417 2416//2416
f 2368//2368 2416//2416 2369//2369
f 2369//2369 2416//2416 2415//2415
f 2369//2369 2415//2415 2420//2420
f 2369//2369 2420//2420 2377//2377
f 2369//2369 2377//2377 2370//2370
f 2371//2371 2421//2421 2422//2422
f 2371//2371 2422//2422 2372//2372
f 2371//2371 2376//2376 2421//2421
f 2372//2372 2411//2411 2410//2410
f 2372//2372 2410//2410 2423//2423
f 2372//2372 2423//2423 2373//2373
f 2372//2372 2422//2422 2411//2411
f 2373//2373 2378//2378 2374//2374
f 2373//2373 2423//2423 2424//2424
f 2373//2373 2424//2424 2425//2425
f 2373//2373 2425//2425 2381//2381
f 2373//2373 2381//2381 2380//2380
f 2373//2373 2380//2380 2378//2378
f 2374//2374 2378//2378 2375//2375
f 2376//2376 2377//2377 2421//2421
f 2377//2377 2420//2420 2421//2421
f 2381//2381 2425//2425 2385//2385
f 2382//2382 2426//2426 2383//2383
f 2382//2382 2389//2389 2426//2426
f 2383//2383 2426//2426 2427//2427
f 2383//2383 2427//2427 2384//2384
f 2384//2384 2427//2427 2393//2393
f 2385//2385 2425//2425 2428//2428
f 2385//2385 2428//2428 2386//2386
f 2386//2386 2428//2428 2390//2390
f 2387//2387 2390//2390 2407//2407
f 2387//2387 2407//2407 2388//2388
f 2388//2388 2403//2403 2406//2406
f 2388//2388 2406//2406 2426//2426
f 2388//2388 2426//2426 2389//2389
f 2388//2388 2407//2407 2403//2403
f 2390//2390 2428//2428 2407//2407
f 2391//2391 2392//2392 2430//2430
f 2391//2391 2430//2430 2431//2431
f 2391//2391 2431//2431 2429//2429
f 2392//2392 2395//2395 2432//2432
f 2392//2392 2432//2432 2430//2430
f 2393//2393 2427//2427 2394//2394
f 2394//2394 2427//2427 2433//2433
f 2395//2395 2433//2433 2432//2432
f 2397//2397 2398//2398 2434//2434
f 2397//2397 2434//2434 2435//2435
f 2397//2397 2435//2435 2402//2402
f 2399//2399 2401//2401 2436//2436
f 2399//2399 2436//2436 2437//2437
f 2399//2399 2437//2437 2438//2438
f 2399//2399 2438//2438 2400//2400
f 2400//2400 2438//2438 2404//2404
f 2401//2401 2402//2402 2436//2436
f 2402//2402 2439//2439 2431//2431
f 2402//2402 2431//2431 2436//2436
f 2402//2402 2435//2435 2439//2439
f 2404//2404 2440//2440 2426//2426
f 2404//2404 2426//2426 2405//2405
f 2404//2404 2438//2438 2440//2440
f 2405//2405 2426//2426 2406//2406
f 2407//2407 2428//2428 2441//2441
f 2407//2407 2441//2441 2408//2408
f 2408//2408 2441//2441 2425//2425
f 2408//2408 2425//2425 2424//2424
f 2408//2408 2424//2424 2423//2423
f 2408//2408 2423//2423 2410//2410
f 2411//2411 2422//2422 2412//2412
f 2412//2412 2422//2422 2421//2421
f 2412//2412 2421//2421 2413//2413
f 2413//2413 2421//2421 2414//2414
f 2414//2414 2421//2421 2420//2420
f 2414//2414 2420//2420 2415//2415
f 2425//2425 2441//2441 2428//2428
f 2426//2426 2440//2440 2442//2442
f 2426//2426 2442//2442 2427//2427
f 2427//2427 2443//2443 2433//2433
f 2427//2427 2442//2442 2440//2440
f 2427//2427 2440//2440 2443//2443
f 2429//2429 2431//2431 2444//2444
f 2430//2430 2432//2432 2436//2436
f 2430//2430 2436//2436 2431//2431
f 2431//2431 2439//2439 2444//2444
f 2432//2432 2433//2433 2437//2437
f 2432//2432 2437//2437 2436//2436
f 2433//2433 2443//2443 2440//2440
f 2433//2433 2440//2440 2438//2438
f 2433//2433 2438//2438 2437//2437
f 2435//2435 2444//2444 2439//2439
